angular_speed,complime,signal
0,0,0
0,0,0
0,0,0
0,0,0
0,0,0
0,0,0
0,0,0
0,0,0
0,0,0
0,0,0
0,0,0
0,0,0
0,0,0
0,0,0
0,0,0
0,0,0
0,0,0
0,0,0
0,0,0
0,0,0
0,0,0
0,0,0
0,0,0
0,0,0
0,0,0
0,0,0
0,0,0
0,0,0
0,0,0
0,0,0
0,0,0
0,0,0
0,0,0
0,0,0
0,0,0
0,0,0
0,0,0
0,0,0
0,0,0
0,0,0
0,0,0
0,0,0
0,0,0
0,0,0
0,0,0
0,0,0
0,0,0
0,0,0
0,0,0
0,0,0
0,0,0
0,0,0
0,0,0
0,0,0
0,0,0
0,0,0
0,0,0
0,0,0
0,0,0
0,0,0
0,0,0
0,0,0
0,0,0
0,0,0
0,0,0
0,0,0
0,0,0
0,0,0
0,0,0
0,0,0
0,0,0
0,0,0
0,0,0
0,0,0
0,0,0
0,0,0
0,0,0
0,0,0
0,0,0
0,0,0
0,0,0
0,0,0
0,0,0
0,0,0
0,0,0
0,0,0
0,0,0
0,0,0
0,0,0
0,0,0
0,0,0
0,0,0
0,0,0
0,0,0
2.0142858,-0.13311088,-0.35752243
0,-0.23097262,0.046383195
0,-0.32273242,0.043055788
0,-0.33474526,0.034742367
0,-0.36608484,0.024052383
0,-0.4262656,0.019839555
0,-0.41850477,0.014335564
0,-0.40028331,0.017687969
0,-0.40196964,0.012614612
0,-0.32591441,0.010016843
0,-0.37888849,0.013089667
0,-0.41785553,0.009190802
0,-0.42724118,0.001482337
0,-0.46653587,-0.008784745
0,-0.56050658,-0.023954105
0,-0.61269939,-0.034401774
0,-0.64135045,-0.051315948
0,-0.54742044,-0.06382893
0,-0.49758992,-0.063077793
0,-0.39219642,-0.065328509
0,-0.2636469,-0.065601587
0,-0.1716805,-0.055115189
0,-0.13195957,-0.049101908
0,-0.051173951,-0.045521375
0,-0.025619267,-0.049221169
0,-0.032443091,-0.05117739
0,-0.1347408,-0.057995707
0,-0.13564426,-0.068219386
0,-0.099451527,-0.073185921
0,-0.011597201,-0.072962619
0,0.052945074,-0.071639396
0,0.18121524,-0.063758664
0,0.16958472,-0.059432421
0,0.24018709,-0.050869085
0,0.28574118,-0.039394699
0,0.34722278,-0.04176395
0,0.27644503,-0.029647119
0,0.27484635,-0.024775025
0,0.28116116,-0.018898597
0,0.24328001,-0.009071432
0,0.19013566,-0.006749458
0,0.12517013,-0.006713763
0,0.04187499,-0.011166887
0,0.021428399,-0.014270737
0,0.022588186,-0.015795834
0,0.038554557,-0.008696671
0,0.010924764,-0.005469806
0,-0.000812492,-0.00210907
0,-0.087521121,-0.003816177
0,-0.16980034,-0.013656863
0,-0.23871373,-0.022408741
0,-0.25145954,-0.028567625
0,-0.2392288,-0.037311509
0,-0.24498926,-0.042752191
0,-0.23827253,-0.046602279
0,-0.26105556,-0.047575194
0,-0.30080554,-0.054314326
0,-0.28681272,-0.057226676
0,-0.35288769,-0.06338682
0,-0.28463376,-0.072600834
0,-0.21870802,-0.077980809
0,-0.2023807,-0.081201106
0,-0.13625492,-0.082551226
0,-0.09685614,-0.084709868
0,-0.089476988,-0.083666235
0,-0.031018334,-0.080530226
0,0.014464151,-0.081587024
0,0.030629523,-0.085021138
0,0.10937646,-0.082900643
0,0.18512689,-0.069431938
0,0.24595939,-0.061177503
0,0.22806923,-0.05456841
0,0.19655776,-0.042485282
0,0.14507475,-0.039120082
0,0.034554619,-0.039067283
0,-0.079693243,-0.043945793
0,-0.090858966,-0.055329043
0,-0.054020379,-0.058386229
0,-0.059878577,-0.059470631
0,0.019104199,-0.055092365
0,0.027852831,-0.047705725
0,0.054793168,-0.03847795
0,0.031582676,-0.034289703
0,0.094246231,-0.02572736
0,0.14662887,-0.021140167
0,0.21500997,-0.009725084
0,0.25240308,0.006534926
0,0.18256217,0.013531632
0,0.056501921,0.017311579
0,-0.080052301,0.004238078
0,-0.13030165,-0.00414928
0,-0.1538382,-0.00355557
0,-0.17057404,0.000831291
0,-0.21684767,0.005306507
0,-0.27407795,0.006622318
0,-0.37628856,-0.007243634
0,-0.49416879,-0.021036951
0,-0.44252774,-0.031337768
0,-0.37762809,-0.036175691
0,-0.31967133,-0.034324173
0,-0.30558071,-0.032750316
0,-0.29643604,-0.037808534
0,-0.3056196,-0.04432543
0,-0.3694261,-0.057796832
0,-0.3785108,-0.070301436
0,-0.40552944,-0.082506612
0,-0.30919766,-0.088066213
0,-0.076686323,-0.080804743
0,0.032587118,-0.06769529
0,0.14362237,-0.052295569
0,0.30558833,-0.032510627
0,0.36661124,-0.012556979
0,0.45978346,0.005202608
0,0.46567103,0.029117402
0,0.3984223,0.045335066
0,0.29876247,0.056230973
0,0.18540637,0.066337541
0,0.15672496,0.073925696
0,0.078887403,0.085345276
0,-0.056454342,0.087026171
0,-0.14316541,0.09135019
0,-0.20270132,0.095810764
0,-0.22193113,0.10136209
0,-0.25041243,0.11192396
0,-0.25133929,0.11962051
0,-0.29840538,0.13236891
0,-0.41461805,0.13072529
0,-0.54630584,0.13007073
0,-0.66431797,0.12913336
0,-0.72149932,0.1223678
0,-0.781084,0.11541771
0,-0.83065456,0.10889632
0,-0.99181956,0.10243766
0,-1.0545474,0.080371901
0,-1.1811956,0.066422105
0,-1.2381831,0.048801862
0,-1.2547164,0.029953152
0,-1.2088848,0.011349159
0,-1.1646079,-0.003052136
0,-1.0461808,-0.032209184
0,-1.0369313,-0.043533415
0,-1.0157039,-0.057124838
0,-0.94545239,-0.072674841
0,-0.85690045,-0.082873076
0,-0.81699961,-0.09857519
0,-0.77311945,-0.11520346
0,-0.79066026,-0.13451964
0,-0.75684518,-0.15935655
0,-0.71582454,-0.17940947
0,-0.62743592,-0.20640624
0,-0.53259617,-0.22143005
0,-0.47399881,-0.24494895
0,-0.43973365,-0.26693925
0,-0.35043722,-0.28697303
0,-0.30122229,-0.31123984
0,-0.29338607,-0.33908412
0,-0.18983635,-0.36776263
0,-0.048441175,-0.38792902
0,0.018612435,-0.4026953
0,0.12364403,-0.4188419
0,0.19468307,-0.43424734
0,0.25464168,-0.45586887
0,0.35243717,-0.47759792
0,0.44167009,-0.50282341
0,0.52509558,-0.52546042
0,0.67982614,-0.53990489
0,0.95851058,-0.54710257
0,1.2760856,-0.5399968
0,1.6625677,-0.51506352
0,1.9385982,-0.48897228
0,2.1904471,-0.45453823
0,2.2935858,-0.42371184
0,2.2566547,-0.40006396
0,2.1678963,-0.38455099
0,2.0502579,-0.37668708
0,1.9046551,-0.36881855
0,1.7191511,-0.37044528
0,1.5970534,-0.37083873
0,1.5086869,-0.37544441
0,1.4443982,-0.37818161
0,1.4181834,-0.37489402
0,1.3559235,-0.36361861
0,1.2656076,-0.36163014
0,1.1965342,-0.35720167
0,1.1648272,-0.36185527
0,1.0757999,-0.36249214
0,1.0827881,-0.36026415
0,1.0790511,-0.35898051
0,1.0425295,-0.35384646
0,1.0650675,-0.35018095
0,1.1050327,-0.34297356
0,1.148734,-0.33544835
0,1.1136012,-0.32529256
0,1.0240581,-0.31909287
0,0.89682144,-0.32165125
0,0.7249828,-0.33087462
0,0.62390834,-0.34488282
0,0.52633923,-0.36116937
0,0.52800065,-0.37548664
0,0.55995011,-0.38437772
0,0.61245078,-0.38988966
0,0.65386808,-0.39611748
0,0.70457476,-0.4001587
0,0.67852515,-0.40115893
0,0.7500509,-0.40615034
0,0.77754527,-0.40627238
0,0.87193799,-0.39973408
0,0.95501786,-0.39339951
0,1.0209136,-0.38273904
0,1.0233957,-0.37886909
0,0.99077892,-0.37234047
0,1.0138444,-0.36725548
0,1.0207787,-0.36835116
0,1.0705078,-0.3631919
0,1.1882762,-0.35170865
0,1.3172579,-0.33079267
0,1.4217069,-0.30936119
0,1.4849688,-0.28236526
0,1.4758229,-0.25207782
0,1.4342748,-0.2342542
0,1.3197386,-0.21994475
0,1.1892737,-0.21522444
0,0.98759395,-0.21419658
0,0.83186942,-0.21532243
0,0.66329813,-0.22476344
0,0.55163121,-0.23447549
0,0.37717587,-0.2433293
0,0.17676999,-0.2612195
0,0.028936643,-0.27382231
0,-0.063783258,-0.29687953
0,-0.17543502,-0.31919098
0,-0.15189624,-0.34127417
0,-0.082755625,-0.36305991
0,-0.057096295,-0.3841393
0,-0.12121737,-0.40305376
0,-0.11063485,-0.42724097
0,-0.16608381,-0.4577432
0,-0.28205866,-0.49542528
0,-0.29384339,-0.53526497
0,-0.31256765,-0.5768733
0,-0.16838492,-0.62201321
0,0.002077978,-0.65164435
0,0.37610692,-0.67480129
0,0.65222353,-0.66749191
0,0.98220927,-0.6731205
0,1.2245975,-0.66550463
0,1.4178504,-0.66491592
0,1.5276467,-0.65560526
0,1.553944,-0.66049349
0,1.6202613,-0.66118532
0,1.6798339,-0.66093725
0,1.8313031,-0.66429943
0,2.1297343,-0.65227354
0,2.4655457,-0.61625278
0,2.6966493,-0.57599443
0,2.8934922,-0.53668225
0,2.9190764,-0.49551082
0,2.9400542,-0.46038625
0,2.8590138,-0.42780527
0,2.738728,-0.40267155
0,2.6194401,-0.37767935
0,2.4660559,-0.35442027
0,2.2894421,-0.33336183
0,2.1579928,-0.31588611
0,2.0015414,-0.2927278
0,1.922345,-0.27780399
0,1.8325716,-0.25500333
0,1.6437968,-0.22913431
0,1.4946659,-0.21243382
0,1.2779554,-0.1927892
0,1.0752109,-0.18110594
0,0.84881461,-0.1720144
0,0.60076338,-0.17223115
0,0.35432717,-0.18131448
0,0.15910864,-0.19103737
0,-0.04542679,-0.21101898
0,-0.20907846,-0.23351593
0,-0.34468582,-0.25207248
0,-0.47638169,-0.27735162
0,-0.56350195,-0.30697241
0,-0.65032989,-0.3359046
0,-0.77916086,-0.37637636
0,-0.81157708,-0.41376042
0,-1.0300326,-0.46603072
0,-1.1901621,-0.52786601
0,-1.3567129,-0.59779078
0,-1.4543884,-0.66888314
0,-1.3104064,-0.75325131
0,-0.87018967,-0.79255509
0,-0.16820611,-0.81405109
0,0.58153921,-0.79864788
0,1.1812971,-0.76736325
0,1.7428701,-0.73419559
0,2.3159344,-0.680866
0,2.8215489,-0.60872966
0,3.2099929,-0.53996617
0,3.4384723,-0.47057632
0,3.5597374,-0.40027389
0,3.5258484,-0.33300832
0,3.0441794,-0.27259713
0,2.6644793,-0.21781051
0,2.2806327,-0.20033407
0,1.8262688,-0.18373452
0,1.4582837,-0.17979291
0,1.0424122,-0.18415342
0,0.75179243,-0.18505166
0,0.4446021,-0.1929009
0,0.13911186,-0.19131856
0,-0.11057434,-0.20786357
0,-0.30027682,-0.22787395
0,-0.52448785,-0.25297797
0,-0.61301792,-0.27843344
0,-0.66486567,-0.30353335
0,-0.64945561,-0.32719076
0,-0.66552758,-0.34988812
0,-0.80052286,-0.37689275
0,-0.84772158,-0.41908768
0,-0.77872992,-0.46029666
0,-0.73995733,-0.49963388
0,-0.65409642,-0.53154498
0,-0.41448849,-0.55765116
0,-0.17849717,-0.57609177
0,0.044728376,-0.59726858
0,0.28506604,-0.61485082
0,0.51495767,-0.61857158
0,0.84946245,-0.61289662
0,1.1541373,-0.60316658
0,1.3514249,-0.58687133
0,1.3561187,-0.57959127
0,1.0972493,-0.59876937
0,0.95091826,-0.62776631
0,0.75848126,-0.66727465
0,0.67762953,-0.71898037
0,0.68679607,-0.7648508
0,0.81463432,-0.80014896
0,1.0818146,-0.83129781
0,1.3274833,-0.84217983
0,1.5936505,-0.84760648
0,1.91225,-0.83873451
0,2.2076609,-0.82309479
0,2.448833,-0.80662704
0,2.64783,-0.78390783
0,2.7213445,-0.77151346
0,2.682904,-0.77003688
0,2.5560789,-0.77105463
0,2.339802,-0.77880943
0,2.1043892,-0.80255318
0,1.9591008,-0.83418679
0,1.8087584,-0.86078459
0,1.7733421,-0.89318359
0,1.66091,-0.92235392
0,1.5548306,-0.95587629
0,1.5066071,-0.99424165
0.67142844,1.4616554,-1.1648872
0,1.5263461,-1.0605719
0.67142868,1.5439619,-1.2048182
0,1.6240726,-1.0864316
1.3428569,1.655893,-1.3778026
1.3428578,1.6788938,-1.4017435
2.0142856,1.7394245,-1.5633227
2.014286,1.9291396,-1.6094798
2.6857138,1.9973941,-1.7675023
2.6857138,2.1744983,-1.8049057
2.6857157,3.8774638,-1.8740692
2.6857128,3.1955557,-1.320755
3.3571453,3.0452397,-1.6728016
2.6857128,2.8115296,-1.4783647
3.3571434,2.7925019,-1.6784431
3.3571434,2.954561,-1.6992979
3.3571434,3.2073436,-1.6541623
3.3571434,3.2370119,-1.4984995
3.3571434,3.1718059,-1.4663422
4.0285683,3.0759678,-1.5907719
3.3571434,2.7857318,-1.4317583
3.3571434,2.7485473,-1.4161588
4.0285721,2.5972605,-1.5382185
3.3571396,2.4678314,-1.425002
3.3571434,2.3500082,-1.5046071
3.3571396,2.7298477,-1.4216574
3.3571472,2.0559757,-1.2673656
2.6857147,1.8494602,-1.2489868
2.6857147,1.7206759,-1.1489965
2.6857147,1.1286353,-1.1373174
2.6857071,0.95576036,-1.1951632
2.6857224,0.5915181,-1.1877657
2.0142899,0.53055006,-1.1444974
2.0142822,0.33513018,-1.0347273
2.6857071,0.007254728,-1.1621925
2.0142899,-0.2087878,-1.0791301
2.0142899,-0.35264865,-1.0699121
2.6857071,-0.22625071,-1.2733182
2.0142899,-0.23657459,-1.120561
2.0142899,0.23799191,-1.1299362
2.6857147,0.28754121,-1.1944469
2.0142822,0.27860355,-1.0364257
2.0142822,0.24354081,-1.032439
2.6857224,0.36510247,-1.1598752
2.0142746,0.5096935,-1.023966
2.0142899,0.51127541,-0.99551129
2.6857147,0.49646318,-1.1446668
2.0142899,0.51629102,-1.021121
2.0142822,0.55086148,-0.95603889
2.0142899,0.64998364,-0.96151018
2.0142822,0.30872273,-0.84040046
1.3428574,0.16913466,-0.77628243
1.3428497,0.020085512,-0.74537474
1.342865,-0.080981776,-0.7899406
1.3428497,-0.24056135,-0.77841562
0.6714325,-0.24665737,-0.67268854
1.342865,-0.59471595,-0.76967382
0.6714325,-0.62500119,-0.71531415
1.3428497,-0.76361537,-0.86075711
0.67141724,-0.68041503,-0.76074278
0.6714325,-0.95861739,-0.67979252
0.6714325,-1.0772276,-0.72405523
0.6714325,-1.2566694,-0.72842216
0.6714325,-1.3639933,-0.79407537
0.67141724,-1.3677239,-0.8179161
0.6714325,-1.4563857,-0.7942034
0.6714325,-1.334344,-0.85237068
0.6714325,-1.635867,-0.83008176
0.67141724,-1.5645387,-0.92485863
1.342865,-1.4444234,-1.0598277
1.3428497,-1.2731113,-1.0355495
1.342865,-0.84141678,-1.0242735
1.3428497,-1.0469325,-0.97325402
0.6714325,-1.0582139,-0.89178705
1.3428497,-1.1464109,-1.0140176
1.342865,-1.2047133,-1.0554276
2.0142975,-1.2802807,-1.2002313
1.3428497,-1.3890973,-1.0831686
2.0142822,-1.2589384,-1.2425189
2.0142822,-1.3055781,-1.2525738
2.0142975,-1.1762499,-1.2755995
2.0142822,-1.045723,-1.2784339
2.6857147,-1.1150537,-1.4656233
2.6857147,-0.5184347,-1.4550816
2.6857147,-0.27762717,-1.3621441
2.0142822,-0.24953942,-1.2371113
2.6857147,-0.027455507,-1.3806092
2.0142822,0.38320866,-1.1669261
2.6857147,-0.43150645,-1.3030454
2.0142822,-0.18421949,-1.1456642
2.6857147,-0.20434634,-1.2197323
2.0142975,-0.2703031,-1.1126317
2.6856995,-0.050774962,-1.1938053
2.0142975,-0.15772066,-0.99151963
2.0142822,-0.36581615,-0.95731032
2.6857147,-0.43219039,-1.06356
2.0142822,-0.52061111,-0.85766971
2.0142975,-0.61443096,-0.80498916
2.6856995,-1.1947333,-0.89818674
1.3428497,-1.5564338,-0.78695148
2.68573,-1.1964464,-1.1507474
1.3428497,-1.3527364,-0.8882522
2.6857147,-1.3609356,-1.177825
1.342865,-1.5227436,-0.87749684
2.0142822,-1.2683527,-1.0718498
2.0142975,-1.4036081,-0.80466163
0.67141724,-1.1111368,-0.5535596
1.3428497,-1.4338943,-0.65035254
0.6714325,-1.6518294,-0.55888486
1.3428497,-1.715082,-0.72881436
1.342865,-1.9902689,-0.71977788
1.3428497,-1.9438622,-0.78160584
0,-1.886462,-0.39782205
0.67144775,-1.9660896,-0.58781672
0.67141724,-1.9321641,-0.56545603
0,-2.0911467,-0.39190429
0,-2.0951152,-0.45278415
0,-2.0869446,-0.40777206
0,-2.0841269,-0.41872069
0,-2.021946,-0.38660669
0,-2.0531123,-0.36055377
0,-2.0887213,-0.35349953
0,-2.0233333,-0.31171438
0,-2.0732222,-0.29734087
0,-2.0887711,-0.27550206
0,-2.138623,-0.23863699
0,-2.1527679,-0.21998547
0,-2.1968715,-0.18274586
0,-2.2350998,-0.15073857
0,-2.2369668,-0.11622665
0,-2.230649,-0.072641127
0,-2.2648151,-0.039175577
0,-2.2769802,0.006527469
0,-2.2891905,0.054910466
0,-2.2972522,0.10459581
0,-2.3380032,0.1585373
0,-2.4112043,0.21481185
0,-2.4158401,0.27234331
0,-2.5125031,0.34213781
-0.67141724,-2.5501943,0.54899061
0,-2.5746894,0.48337838
0,-2.6798677,0.55919605
0,-2.7386932,0.63996994
0,-2.8752992,0.73192602
0,-2.9429011,0.81908441
0,-3.0332808,0.91915864
0,-3.1589432,1.0203876
0,-3.290025,1.1212224
-0.67144775,-3.4032714,1.3638511
0,-3.5058548,1.3662949
-1.3428497,-3.5222926,1.7157568
-2.0142822,-3.7743912,1.9738262
-2.0142822,-4.0731559,1.9137464
-1.3428497,-5.2016535,1.7406167
-2.68573,-5.399735,2.065346
-2.0142975,-6.7773585,2.0083768
-2.6856995,-8.0502348,2.0116403
-2.0142822,-8.9734163,1.7919415
-2.68573,-9.5797091,1.8020222
-2.6856995,-10.196655,1.7493604
-2.6857147,-10.209723,1.6223313
-2.6857147,-9.952631,1.6020324
-2.6857147,-9.4589567,1.5552107
-2.0142822,-8.9628572,1.4326231
-2.6857147,-8.3768501,1.5715512
-2.0142822,-7.9170823,1.4559811
-2.6857147,-7.6163721,1.6027251
-2.0142975,-7.3531351,1.4783833
-2.0142822,-7.077558,1.5223794
-2.6857147,-7.0316825,1.7108636
-2.6857147,-6.6170473,1.699616
-2.0142822,-6.5107274,1.6366185
-2.6857147,-6.7558885,1.7699975
-2.0142822,-6.0067425,1.5410038
-2.6857147,-6.3249989,1.8253927
-2.0142822,-6.4629421,1.6245794
-2.0142975,-6.3707156,1.6468997
-2.6857147,-6.390698,1.8299483
-2.6857147,-6.2849503,1.8015672
-2.0142822,-6.3812661,1.7093425
-2.0142822,-6.3307872,1.6815755
-2.6857147,-6.0023489,1.808897
-2.6857147,-5.8216681,1.8327321
-2.6857147,-6.1313515,1.8972138
-2.6857147,-6.1711826,1.8153143
-2.6857147,-5.6211991,1.8350917
-2.6857147,-5.3370085,1.8999401
-2.6857147,-5.4124451,1.9736784
-3.3571472,-5.4903564,2.0855083
-3.3571396,-5.2978296,2.0872641
-2.6857147,-5.7196398,1.9958487
-4.0285645,-5.9448214,2.2896688
-3.3571472,-5.8198485,2.1222947
-3.3571472,-6.0892506,2.1111829
-3.3571396,-6.1146855,2.1124375
-3.3571472,-6.1932979,2.1136606
-4.0285645,-6.4453497,2.2654941
-4.0285797,-6.269134,2.2743802
-3.3571396,-6.5010757,2.1185477
-4.0285721,-6.3087449,2.2176297
-4.0285645,-6.3676405,2.2111361
-4.0285797,-6.7610583,2.2022071
-4.6999969,-6.3525057,2.2794244
-4.0285721,-6.7794428,2.1835792
-4.0285721,-6.3495111,2.141299
-4.6999969,-5.9800353,2.3162258
-4.7000046,-6.4346485,2.3274517
-4.0285721,-5.8918767,2.0383492
-4.0285721,-5.4327736,2.1657031
-4.0285683,-5.2717261,2.2330172
-4.6999969,-5.1197453,2.3738582
-4.0285721,-4.7158141,2.2205896
-4.0285721,-4.6692524,2.2257841
-4.7000008,-5.0651898,2.3617334
-4.0285721,-5.0915575,2.2439089
-4.0285721,-5.7771425,2.1128583
-4.0285721,-5.4152732,1.9636418
-4.0285711,-4.9413242,1.9114261
-4.0285711,-4.7453017,1.9806355
-4.0285711,-5.131825,1.9784013
-4.0285716,-5.0974736,1.9178833
-4.0285716,-5.0414767,1.9113179
-3.3571429,-5.1745596,1.7544575
-3.3571429,-4.939322,1.6591092
-4.0285711,-4.6620784,1.8575964
-3.3571434,-4.0148578,1.7291863
-3.3571434,-4.1716423,1.8154987
-4.0285721,-3.8785756,1.9633654
-3.3571415,-4.082243,1.9212675
-3.3571434,-4.1162086,1.7850906
-3.3571434,-3.5555456,1.8767222
-3.3571434,-3.7676704,1.8845627
-3.3571396,-4.0630465,1.8272173
-3.3571434,-4.2710571,1.7899472
-2.6857147,-4.6994643,1.5584635
-3.3571472,-3.7689466,1.726126
-2.6857109,-4.4807611,1.6153139
-2.6857147,-4.1930408,1.4595252
-2.6857147,-4.102531,1.5747826
-2.014286,-4.4850917,1.327889
-2.6857109,-4.3867698,1.4826039
-2.0142899,-4.212647,1.2816612
-2.0142822,-4.2261734,1.3614353
-2.0142899,-4.3652048,1.286338
-2.0142822,-4.0394292,1.2094307
-1.3428574,-4.0237384,1.1381803
-2.0142899,-3.8291821,1.1768155
-1.3428574,-4.0149946,1.0486349
-1.3428497,-3.8158386,0.97101861
-0.6714325,-3.7062292,0.85342634
-1.3428574,-3.5554972,0.95333695
0,-3.678637,0.69447857
-0.67142487,-3.461621,0.74108231
-0.6714325,-3.6856067,0.76909566
0,-3.4417577,0.49587098
-0.6714325,-3.4376552,0.62724358
0,-3.3353469,0.41001013
-0.67142487,-3.1225169,0.47896978
0,-3.3158944,0.34276286
0,-3.1182051,0.19716769
0,-3.2036254,0.16658026
0,-3.0248024,0.046209037
0,-3.0949483,-0.024303216
0,-2.8404822,-0.1309948
0,-2.756237,-0.22202209
0,-2.6450388,-0.33427647
0.67142487,-2.5413864,-0.57135284
0,-2.4301491,-0.56604254
0,-2.3062925,-0.67048776
0,-2.1834366,-0.81603366
0,-2.058681,-0.95495969
0,-1.9021389,-1.1072608
0,-1.7858102,-1.2684691
0.6714325,-1.5135252,-1.557681
0,-1.2969316,-1.603809
1.3428574,-0.4147473,-2.0910494
1.3428574,-1.5846792,-1.9929564
2.0142822,-0.88233179,-2.5836823
2.6857147,-0.66087687,-2.8673451
3.3571472,1.2151759,-2.8415115
3.3571396,0.74004102,-2.7545226
4.7000008,1.3695389,-3.3111312
5.3714294,1.9788232,-3.467787
6.0428543,3.7032433,-3.7411041
6.7142906,5.7150936,-3.3926129
7.3857155,7.0367861,-3.2935171
6.714283,7.7318101,-2.8426912
8.0571442,7.9914083,-2.8266373
7.3857126,9.0381699,-2.4512444
7.3857155,8.7796497,-2.1110744
6.7142859,8.9487658,-1.8721625
6.7142859,8.6789665,-1.7511841
6.7142849,8.049983,-1.7821393
5.3714285,7.4880443,-1.5412811
5.3714294,6.7170835,-1.6719477
5.3714294,5.7568493,-1.6357369
5.3714294,4.9028511,-1.81727
4.0285721,4.9695926,-1.5787238
4.6999969,3.7832294,-1.6353904
4.7000008,3.426332,-1.7494472
4.0285721,2.79948,-1.6140534
4.0285721,2.2502191,-1.6870264
4.0285721,2.076035,-1.8090506
4.0285683,2.4296131,-1.7839203
4.0285721,2.0361824,-1.720874
3.3571472,2.4091105,-1.723348
3.3571396,2.7418225,-1.7120355
4.0285721,2.0930388,-1.7001877
2.6857147,1.8933344,-1.5425956
4.0285721,2.4328825,-1.8901311
2.6857071,2.3573895,-1.5380533
3.3571472,1.5652575,-1.6512506
3.3571472,1.6075047,-1.7577857
3.3571396,1.7120206,-1.7559848
3.3571472,1.4010763,-1.7036344
4.0285645,1.7838359,-1.9212087
3.3571472,1.5338433,-1.7817333
3.3571396,1.7621891,-1.8045906
4.0285721,1.5481051,-1.8360906
3.3571396,1.5754689,-1.7958628
3.3571472,1.7591242,-1.8478316
3.3571472,2.2986009,-1.8045737
3.357132,1.9562964,-1.6715186
3.3571472,1.5192741,-1.7173541
3.3571472,2.1833777,-1.8046504
4.0285645,2.0573535,-1.8560365
3.3571625,1.7940421,-1.7254934
3.357132,1.8449936,-1.7319394
4.0285797,1.3946006,-1.827907
3.357132,1.5925363,-1.7562027
3.357132,0.84778512,-1.7350725
4.0285797,1.0712965,-1.961104
4.0285797,1.2699111,-1.9015949
4.0285645,0.79132515,-1.8950994
3.3571472,0.89105552,-1.7740585
4.0285645,0.89984137,-1.9215959
4.0285645,0.84532237,-1.9746474
4.0285797,0.61022639,-1.937429
4.6999969,0.40987331,-2.0547385
4.0285797,0.060804401,-1.8777001
4.0285797,-0.097405195,-1.8806764
5.3714142,-0.33828408,-2.1742885
4.0285797,-0.72210437,-1.9907353
5.3714294,-0.88158232,-2.3396864
5.3714142,-0.51749903,-2.4324906
4.7000122,0.037704084,-2.1848912
4.6999969,0.11018299,-2.1294761
5.3714294,0.66951162,-2.2434225
5.3714294,0.28469729,-2.1818452
5.3714294,-0.24033046,-2.2628963
5.3714142,-0.31583849,-2.319845
5.3714294,-0.24153374,-2.3865113
5.37146,-0.62418139,-2.4065564
6.7142639,-0.49065444,-2.7905381
5.3714294,-0.31230295,-2.4068813
6.0428467,-0.088310614,-2.5323393
6.0428772,0.53169471,-2.5291405
6.7142944,1.0006354,-2.5039113
6.0428467,1.4211391,-2.2367921
6.0428467,1.9378058,-2.2211459
6.0428467,2.1300061,-2.0928578
6.0428772,2.8863335,-2.1381495
5.3714294,3.8750725,-1.843585
5.3714294,3.8025649,-1.5718971
5.3714294,3.6945946,-1.4499546
5.3713989,2.8224571,-1.3671468
4.028595,2.9483681,-1.0736481
4.0285645,2.0838745,-0.9129923
4.028595,1.387979,-0.88519651
2.6856689,0.71579772,-0.52533549
3.3571777,-0.16951494,-0.64025801
2.0142822,-0.70080143,-0.32872242
2.0142822,-1.403976,-0.29230464
2.0143127,-1.910933,-0.29855096
0.67141724,-2.9002392,-0.067143917
0.67141724,-3.1366813,-0.10444085
0.67141724,-3.163223,-0.082512677
0,-3.4761457,0.11603778
0.67144775,-3.3496175,0.052022953
0,-3.5864437,0.27531055
0,-3.6991937,0.33218813
0,-3.7479541,0.4396894
0,-4.0613132,0.51070464
0,-4.1012697,0.60350507
-0.67144775,-4.3324566,0.83823675
0,-4.4210916,0.79202431
0,-4.5413518,0.92334682
0,-4.5907974,1.0308888
-0.67141724,-4.6558657,1.3126115
0,-4.9308591,1.3206
0,-4.1727276,1.4023888
-0.67141724,-4.4192491,1.781994
-0.67141724,-4.5928731,1.825596
-1.3428955,-5.0517821,2.2319007
-1.3428345,-4.7563386,2.2897336
-1.342865,-5.5428858,2.5252867
-2.0142822,-4.9096298,2.6791797
-2.0142822,-5.5323672,2.8514435
-3.3571472,-5.0986762,3.2008538
-3.3571472,-5.1702127,3.4371896
-4.028595,-5.9373879,3.6992931
-4.6999512,-6.7816582,3.7669683
-5.37146,-6.8810716,4.0118432
-6.0428467,-7.5825472,4.2099609
-6.7142944,-8.3199511,4.3820133
-8.0571289,-7.7633691,4.7923045
-8.0571594,-8.2068129,4.9476404
-8.7285767,-9.4562187,5.1549282
-8.7285767,-8.9142799,5.0296979
-10.742828,-9.2462025,5.5705194
-10.742889,-8.1324816,5.5790386
-10.742844,-10.817246,5.7933211
-12.085709,-13.057533,5.7498913
-12.085709,-15.366611,5.4278455
-13.428574,-17.257919,5.2688165
-13.428589,-20.462807,4.8340683
-13.428558,-23.662365,4.0830412
-13.428574,-24.334188,3.3976221
-12.085709,-25.964516,2.8785155
-12.085709,-23.051613,2.2637808
-10.742874,-21.129095,1.8820475
-9.3999939,-18.187962,1.4483621
-8.0571442,-16.172813,1.4401332
-8.0571442,-14.184155,1.6266729
-6.7142792,-12.744042,1.5344743
-6.0428619,-11.374217,1.5421091
-5.3714294,-13.320772,1.4546702
-4.6999969,-12.752649,1.0244319
-4.0285797,-12.356876,0.98235965
-4.0285645,-11.193933,1.1678205
-3.3571472,-10.482979,1.2017635
-3.3571396,-9.7239399,1.329059
-2.6857147,-9.1328306,1.3424145
-2.6857147,-8.8068876,1.4999099
-3.3571396,-8.7561102,1.7283572
-3.3571472,-8.9892006,1.6996733
-2.6857147,-9.8545427,1.3874508
-2.6857109,-9.845665,1.3339508
-2.6857147,-9.1292152,1.3860441
-2.6857185,-8.4621983,1.4529841
-2.0142822,-8.2868862,1.2881279
-2.0142899,-7.9836178,1.3197438
-2.6857109,-7.6998286,1.5122284
-1.3428574,-7.0375476,1.3001201
-2.014286,-6.6174235,1.514923
-2.014286,-6.5390615,1.6557474
-2.014286,-6.0484877,1.6512755
-2.0142822,-6.1724315,1.7417191
-2.0142899,-5.9515181,1.6797969
-2.0142822,-5.7613549,1.8221062
-2.6857185,-5.6123996,2.0278866
-2.6857109,-5.9372339,2.1497583
-2.6857147,-5.6634235,2.1386192
-2.6857147,-5.3922849,2.1923754
-3.3571434,-5.2458777,2.4066396
-3.3571434,-5.0162005,2.4219365
-4.0285711,-4.9456491,2.5663695
-3.3571415,-5.1677899,2.3811767
-4.0285721,-5.1926613,2.5803108
-4.7000003,-5.3732061,2.7637663
-4.0285716,-5.4585638,2.6746678
-5.371429,-6.9213853,2.9725935
-5.371428,-7.3936434,2.7221885
-5.3714294,-8.4163723,2.7307091
-5.3714294,-9.2908096,2.49229
-6.0428562,-10.078271,2.5379477
-6.0428543,-11.803807,2.5322077
-5.3714333,-11.133308,2.0152743
-6.0428543,-11.304412,2.1940176
-4.7000008,-10.814626,1.7671933
-5.3714294,-10.059305,1.8604765
-4.7000008,-9.2569256,1.7837635
-4.6999969,-8.3735161,1.7277561
-4.0285721,-7.8745985,1.6816567
-4.0285797,-7.2257752,1.7428221
-4.0285645,-6.9305911,1.8522794
-4.0285721,-6.5830088,1.8717217
-3.3571396,-6.8035359,1.8426442
-3.3571472,-6.9754324,1.8557054
-3.3571396,-7.2959528,1.8864001
-3.3571472,-7.1330256,1.8675303
-2.6857147,-7.0582757,1.7766114
-4.0285721,-6.6539612,2.0756099
-2.6857147,-6.7786489,1.8639332
-3.3571396,-6.1893697,1.976346
-3.3571472,-6.454659,2.0414152
-2.6857071,-6.3605738,1.867568
-3.3571472,-6.7770734,2.0259161
-3.3571472,-6.3814616,1.9224921
-2.6857071,-6.710043,1.8447828
-2.6857147,-6.3753037,1.8063718
-2.6857147,-6.8504505,1.8296524
-2.6857147,-6.7560482,1.6690993
-2.6857147,-6.9099536,1.7791604
-2.6857147,-7.479794,1.7508744
-2.6857147,-7.012599,1.7349366
-2.6857147,-6.9495511,1.809392
-2.0142822,-6.9018655,1.7277997
-2.68573,-7.1946182,1.9215938
-2.6856995,-7.2314782,1.8644724
-2.6857147,-6.8726473,1.8679534
-2.6857147,-6.5385242,1.9510612
-3.357132,-6.0606966,2.132822
-2.6857147,-5.8210673,1.9963423
-3.3571625,-5.9182067,2.2363293
-3.357132,-5.60462,2.1180482
-3.3571472,-5.2303119,2.2408934
-3.357132,-5.5637178,2.2689989
-4.0285797,-5.3390579,2.3261583
-4.0285797,-5.3760853,2.4084291
-4.0285645,-5.552525,2.4835589
-4.0285645,-5.3530483,2.3279765
-4.7000122,-5.0747499,2.5133989
-4.6999969,-5.3651347,2.5894244
-4.0285645,-6.2556467,2.2457392
-4.7000122,-5.7606201,2.2042267
-4.6999969,-5.8920212,2.203778
-4.0285797,-5.7209086,1.9963027
-3.357132,-6.1182327,1.8319998
-3.357132,-6.3942599,1.8330184
-2.68573,-6.7881479,1.5813175
-3.357132,-7.1695089,1.6768224
-2.6857147,-6.9849758,1.4626343
-2.6857147,-7.6234808,1.4761907
-2.0142822,-7.7168159,1.251889
-1.342865,-7.5232811,1.1169026
-1.3428497,-7.5332575,1.1175048
-1.342865,-7.1032205,1.1345737
-1.3428497,-7.0220904,1.2014239
0,-6.8326397,0.92394829
-0.6714325,-6.4303942,1.0548114
0,-6.2153168,0.97544831
0,-5.74119,0.93296468
0,-5.655468,0.99970937
0,-5.2380815,0.9248113
0,-5.1773086,0.99151134
0,-4.9048743,0.96072429
0,-4.767036,0.98515397
0,-4.5746727,0.97956818
0,-4.4826975,1.0001006
0,-4.376832,0.99747723
0,-4.3258967,1.0250106
0,-4.1849427,1.0135523
0,-4.2129235,1.0477219
0,-4.1268682,1.0531285
0,-4.1292477,1.0717422
0,-4.1242561,1.0940504
0,-4.0953846,1.108956
0,-4.0797849,1.1257356
0,-4.012146,1.1384567
0,-3.9657078,1.1649834
0,-3.9994566,1.1911553
0,-3.965584,1.2246988
0,-3.9336984,1.2511425
0,-3.9570432,1.2815882
0,-3.948616,1.3199521
0,-3.9609993,1.3536987
0,-3.9199162,1.3878725
0,-3.9752486,1.433313
0,-3.9719369,1.4936517
0,-4.0160084,1.5274956
0,-4.0660076,1.5773309
0,-4.124639,1.6195127
0,-4.1934824,1.6759684
0,-4.2398863,1.7479545
0,-4.2125435,1.8059974
0,-4.2377453,1.8959457
0,-4.2587018,1.9391992
0,-4.337996,2.0187674
-0.6714325,-4.4515691,2.215534
0,-4.6259441,2.1516137
-0.67141724,-4.7271185,2.2869368
-1.342865,-4.9330821,2.5035427
-1.3428497,-4.9135437,2.5177217
-2.0142975,-5.1591077,2.6486957
-2.6856995,-5.04706,2.7917674
-3.3571625,-5.5810413,2.9270985
-3.357132,-5.4174037,2.7635002
-4.028595,-5.1929612,2.7926872
-4.0285339,-5.0001321,2.8170218
-4.028595,-5.3343172,2.7579145
-5.3714294,-7.512589,2.8838022
-4.6999817,-8.3048763,2.4937849
-4.7000122,-8.5694923,2.2556019
-4.7000122,-8.4303522,2.0973408
-4.6999817,-8.4619522,1.8816752
-4.7000122,-8.2900629,1.7948538
-4.0285645,-7.5541964,1.5430832
-3.3571167,-7.5479245,1.4660991
-2.68573,-6.9088125,1.2418479
-2.68573,-6.4675875,1.4011564
-2.6856995,-5.7068105,1.3649446
-1.3428955,-5.5406852,1.1911538
-1.3428345,-4.9723282,1.112815
-1.342865,-4.5850329,1.2595986
-0.67141724,-4.7787995,1.2642608
-0.67141724,-4.5037122,1.2043372
0,-4.8102007,1.1764389
-0.67141724,-4.5068827,1.1767949
0,-4.5109987,1.1679814
0,-4.251287,1.1305913
0,-4.0379577,1.2251127
0,-4.090611,1.3107032
0,-4.1583867,1.2897571
0,-4.0324759,1.3025545
0,-4.0882111,1.3462647
0,-4.0677505,1.328372
0,-4.0818467,1.3903233
0,-4.1113667,1.3895991
0,-4.0694699,1.4050007
0,-4.0948467,1.4424218
0,-4.1452308,1.4565969
0,-4.139926,1.4980342
0,-4.1947703,1.5182486
0,-4.2371793,1.5362073
0,-4.186729,1.5789367
0,-4.227993,1.6108602
0,-4.1493649,1.6478671
0,-4.1717024,1.6941876
0,-4.2004204,1.7221575
0,-4.2149086,1.7844716
0,-4.3013058,1.8318026
0,-4.3214927,1.8914797
0,-4.4529328,1.9255629
-0.67144775,-4.5314765,2.1089649
0,-4.6054344,2.0319536
0,-4.7663307,2.0206687
-0.67144775,-5.0186791,2.1693003
-1.3428345,-5.3994565,2.3151135
-2.0143127,-5.218287,2.3321266
-1.3428345,-5.2672749,2.1733212
-2.0142822,-5.0481167,2.1487162
-2.0143127,-5.0799556,2.1680355
-2.6856995,-4.6720567,2.2421463
-2.0142822,-4.115912,2.0345485
-2.6856995,-3.1828513,2.1127205
-2.0143127,-2.8649962,2.1125505
-3.3571167,-2.9582863,2.3536196
-2.68573,-2.5681915,2.1039541
-2.68573,-3.1334617,2.1721084
-3.3571167,-3.5174086,2.2412744
-2.68573,-3.5616741,2.1337953
-2.6856995,-3.6519737,2.1251161
-2.68573,-4.0609422,2.1439381
-2.68573,-4.1201949,2.0437763
-2.6856995,-4.467,2.127068
-2.0142517,-5.2071509,1.9530255
-2.68573,-4.5848455,1.9397254
-2.0143127,-4.9079628,2.0184007
-2.6856995,-3.4725864,2.043108
-2.0142517,-5.7938285,3.2274864
-2.68573,-6.788857,3.0795784
-3.3571472,-8.1777773,2.9300869
-3.3571777,-7.3836327,2.6670098
-4.0285339,-7.951942,3.1905527
-3.3571472,-7.7291584,2.7976582
-4.7000122,-7.9748907,3.1547084
-4.6999817,-8.0746946,3.0392754
-4.028595,-8.6991062,2.9310606
-4.6999817,-8.3170319,2.8820982
-4.7000122,-9.8447418,2.9871089
-4.7000122,-10.024095,2.5671411
-5.3713989,-11.72485,2.8920364
-4.7000122,-12.108098,2.1551957
-5.3714294,-11.632827,2.0696974
-5.3714294,-12.208834,1.9304477
-4.0285645,-11.912907,1.3244121
-4.0285645,-11.151449,1.1782504
-4.028595,-10.752769,1.0978857
-2.68573,-10.363371,0.66345161
-2.6856995,-8.7543755,0.47704554
-1.3428345,-8.0284328,0.22708617
-1.342865,-7.3839846,0.11001054
0,-6.4374356,-0.28388351
0.67141724,-6.3183436,-0.43676564
0,-5.8497696,-0.53570402
0.67144775,-5.4826875,-0.89814234
0,-4.8250442,-0.94740963
0,-4.0199652,-1.1164479
0,-3.4195137,-1.212463
0,-2.9631734,-1.3450439
0.67141724,-2.6062894,-1.6367905
0.67141724,-2.1902769,-1.8442184
2.0142822,-1.702502,-2.2824118
1.3428955,-1.8952477,-2.1050568
2.0142517,-1.3287376,-2.4437141
2.68573,-0.93745422,-2.6964123
3.3571167,-1.0378033,-3.0157893
3.3571472,-0.13480206,-3.2595899
4.028595,0.19841659,-3.4765973
5.3714294,0.78903645,-4.0498786
5.3714294,0.98737174,-4.1603465
6.7142944,0.79934394,-4.6205344
6.7142639,3.3367062,-4.7841768
8.0571594,3.6598268,-5.006566
8.7285767,6.3775277,-4.9635377
10.071411,5.2258134,-4.4282007
10.742859,4.7241912,-4.3663845
10.071411,4.7443128,-3.9333315
10.742859,3.6314173,-4.2469301
10.071442,5.0972471,-4.4032836
11.414276,4.4243999,-4.4456844
10.742859,4.1829138,-4.6132565
11.414307,3.852258,-4.6074162
10.742828,3.6376944,-4.5289092
11.414276,4.1050353,-4.7137661
11.414307,3.6017237,-4.8774009
11.414276,4.5758595,-4.8277702
12.085724,4.2831197,-5.1069565
12.085724,4.4197254,-4.8833227
12.757141,2.5332737,-5.2290473
13.428574,1.5334367,-5.5019603
13.428574,2.9948955,-6.0915432
13.428574,4.3354893,-5.3338423
14.099991,4.6270614,-5.5026083
14.100006,-0.005495314,-5.7173533
14.771423,1.9903284,-5.7872462
16.114288,1.897296,-5.8098626
14.771431,2.5188422,-5.862371
16.114281,2.6994019,-5.9364157
16.114288,0.067039803,-6.0456142
16.785713,3.0022247,-6.0905309
16.785721,5.372767,-5.8387814
16.785709,5.7238994,-5.7893949
16.785717,6.7534127,-5.8876367
17.457142,8.0386467,-5.9252582
17.457142,7.3074923,-5.9285002
16.785717,6.3811231,-5.8814273
17.457142,8.1274815,-6.1299572
18.128571,5.8269749,-6.338304
17.457146,4.5413847,-6.5126262
17.457146,5.5550599,-6.2669191
18.128571,6.9840002,-6.332603
18.128571,12.016718,-5.8600817
18.128571,15.194126,-5.0517821
18.128571,15.474008,-3.9701471
17.457138,17.249807,-3.2471514
16.785721,13.838161,-3.1282876
15.442856,12.372926,-3.1271851
14.771423,12.313574,-2.6762414
14.100006,8.0444946,-2.2261376
12.757126,6.3428788,-2.0326807
12.085724,4.8467107,-2.1117129
10.071442,4.2950468,-1.6350839
10.071442,3.0023885,-1.6141977
8.7285767,1.9445835,-1.7577469
8.7285767,2.0223062,-1.7715796
6.7142639,1.6070193,-1.3291152
7.3856812,0.64331734,-1.5047799
6.0428772,0.39192507,-1.3106551
6.0428772,-0.56382102,-1.4758874
6.0428467,0.1471211,-1.7542031
5.3713989,-0.52046776,-1.6743715
4.7000427,-1.072472,-1.6929175
4.7000122,-1.2613842,-1.7225175
5.3713989,-0.96775019,-2.0300648
4.7000122,-0.74882156,-1.9422263
4.7000122,-0.39139819,-2.03056
5.3713989,0.40334356,-2.2167957
4.7000122,0.7685625,-1.9597734
5.3714294,0.53343731,-2.0118961
4.7000122,0.57704097,-1.8590097
5.3713989,1.2016984,-1.9722514
5.3714294,1.1485454,-1.8567253
4.7000122,1.1827923,-1.7165141
4.6999817,0.77382368,-1.6827506
5.3714294,0.79299486,-1.7914557
4.028595,0.29877016,-1.4423673
4.6999817,0.21413261,-1.5180146
4.7000122,0.001555616,-1.377983
4.0285645,-0.1303491,-1.1750091
4.028595,-0.30843559,-1.1076151
3.3571472,-0.65354413,-0.88751817
3.3571167,-0.91828585,-0.99924147
3.3571472,-1.0738231,-0.91923445
2.68573,-1.4421751,-0.78699189
2.6856995,-0.093900695,-0.80581415
2.0142822,-0.65459347,-0.28172109
1.342865,-0.75438821,-0.20454441
0.67141724,-1.0665288,0.006300267
0.67141724,-1.3734089,0.044936359
0.67144775,-1.4745332,0.14503568
0,-1.7904998,0.38240322
0,-1.8734944,0.4796077
-0.67144775,-2.0977993,0.81817365
0,-2.1119301,0.76096678
0,-2.4519715,0.98972023
0,-2.510474,1.1162709
0,-2.7770376,1.3281443
0,-2.979578,1.5098763
-0.67141724,-3.4336514,1.7971907
-0.67141724,-3.4070861,1.976146
-1.342865,-4.9931121,2.4608562
-1.342865,-4.9838457,2.3251646
-2.0142822,-5.6246986,2.7606759
-2.0142517,-5.7214756,2.8564527
-2.68573,-6.1391196,3.2464111
-2.68573,-6.8743587,3.3112044
-3.3571167,-8.1313982,3.4214826
-4.028595,-10.736865,3.5000715
-4.6999817,-12.224016,3.4490957
-5.3714294,-13.90339,3.4260788
-5.3714294,-15.680762,3.0673018
-6.7142944,-16.777962,3.1387935
-5.3714294,-17.246849,2.6923909
-6.7142639,-17.086464,2.8019047
-5.37146,-16.767244,2.477824
-6.0428467,-15.967313,2.5706041
-5.3714294,-15.481201,2.3899143
-5.3714294,-14.738394,2.3187902
-4.7000122,-14.234964,2.0917072
-5.3713989,-14.219725,2.2054079
-4.7000122,-13.730621,2.0451498
-4.7000122,-12.808228,2.0182707
-4.0285645,-12.748968,1.91892
-4.7000122,-12.164591,2.0629854
-4.0285645,-11.906858,1.9338413
-3.3571472,-11.582379,1.837728
-4.0285645,-11.322105,1.957949
-3.3571472,-11.09248,1.8799642
-3.3571472,-10.895632,1.943727
-4.0285645,-11.119418,2.164732
-3.3571472,-11.082865,2.0336366
-3.3571167,-11.12854,2.0193317
-4.028595,-11.319807,2.1786063
-4.0285645,-11.294384,2.1535709
-3.3571472,-11.248645,1.9156023
-4.028595,-10.904859,2.0294373
-4.0285645,-10.794409,2.0476468
-3.3571167,-10.714238,1.8964021
-4.0285645,-10.890144,2.029938
-3.3571777,-10.527911,1.8555193
-3.3571472,-10.581406,1.862253
-4.0285339,-10.736661,1.9179672
-2.68573,-11.148952,1.6145358
-4.0285645,-11.104311,1.8015467
-2.68573,-11.163867,1.4504447
-3.3571472,-11.102561,1.5919787
-2.6856995,-10.773891,1.3696276
-3.3571472,-10.352378,1.4971504
-2.6856995,-10.08102,1.3421783
-2.0142822,-9.5814676,1.1754324
-2.0143127,-9.0278406,1.2495464
-2.0142822,-8.2860193,1.2719395
-2.0142822,-7.6895099,1.3633491
-1.3428345,-7.2703905,1.310155
-1.342865,-7.0655804,1.3999244
-1.342865,-6.984098,1.4453959
-1.342865,-6.9615941,1.4909217
-1.342865,-6.7584362,1.5398549
-1.3428497,-6.7823482,1.6520255
-1.3428497,-6.6369228,1.7125261
-1.342865,-6.632844,1.7658159
-1.342865,-6.5553942,1.8271735
-1.3428497,-6.4594026,1.9228331
-2.0142822,-6.541008,2.1397138
-2.0142822,-6.5623569,2.1957397
-2.0142975,-6.6676393,2.2763402
-2.0142822,-6.5551138,2.3294377
-2.6857147,-7.0208955,2.5561178
-2.6857147,-7.1279449,2.5520332
-4.0285645,-6.8928795,2.9341636
-3.3571472,-7.5004144,2.8725638
-4.0285645,-7.7439456,2.8728979
-4.7000122,-8.8299255,3.0159454
-4.0285492,-8.8456774,2.6171432
-5.3714447,-9.6183405,2.9438772
-4.6999969,-10.324817,2.800226
-4.6999969,-10.205076,2.6803496
-5.3714294,-10.798387,2.7099965
-4.0285797,-10.392553,2.3222258
-5.3714142,-10.024116,2.6777592
-4.7000122,-9.7532082,2.615279
-4.6999969,-9.5331097,2.5364144
-5.3714294,-8.8455496,2.639446
-4.6999969,-9.3985338,2.4867923
-4.6999969,-8.7630873,2.4502327
-4.0285797,-8.65763,2.5164828
-5.3714142,-8.0613356,2.7272263
-4.0285797,-7.9744587,2.4005601
-5.3714294,-8.3120785,2.8194149
-4.0285797,-8.3842783,2.421571
-5.3714142,-8.4958754,2.7733369
-4.7000122,-8.2899685,2.6359692
-4.6999969,-9.045577,2.5091417
-5.3714218,-8.9639807,2.6013799
-4.7000046,-9.1900196,2.2958786
-4.6999969,-8.4663706,2.4490178
-5.3714294,-8.3184862,2.6952677
-4.0285721,-8.07094,2.3421896
-5.3714294,-7.33953,2.6625974
-4.7000046,-7.7678699,2.5524898
-4.6999969,-6.8894377,2.4561343
-5.3714294,-6.5903234,2.7795749
-4.7000046,-6.6477718,2.7518229
-5.3714218,-6.5347366,2.7436681
-5.3714294,-6.6774178,2.8118458
-5.3714294,-6.689394,2.7213073
-5.3714294,-7.1796055,2.7853689
-5.3714294,-7.3899984,2.6652226
-5.3714256,-7.3982511,2.7058644
-5.3714333,-7.1850562,2.6568167
-4.7000008,-6.2551489,2.4501383
-5.3714256,-6.1410503,2.5973802
-5.3714294,-7.2334104,2.6759071
-6.0428562,-8.2824183,2.6306889
-4.7000008,-9.0058384,2.2025084
-5.3714285,-7.4069781,2.1321013
-5.3714285,-6.5440559,2.2294598
-4.0285716,-6.4200802,1.8828754
-5.3714285,-6.5758629,2.0823531
-4.0285711,-5.986815,1.717328
-4.0285711,-5.4746423,1.7051476
-4.0285711,-5.2222748,1.7405735
-4.7000027,-4.8107166,1.9327286
-3.3571415,-4.8553467,1.7430843
-4.0285721,-5.056972,1.8299474
-4.0285721,-5.5126834,1.7753724
-2.6857109,-5.1511374,1.3460335
-2.6857185,-5.2278895,1.3481219
-3.3571434,-4.5260959,1.4855903
-2.0142822,-4.8425121,1.3576437
-2.6857147,-4.7920828,1.5113175
-2.014286,-4.9449282,1.4347609
-2.0142822,-4.6258397,1.5467364
-2.0142899,-4.5989995,1.7857872
-2.0142822,-5.2272258,1.970721
-2.0142899,-6.1118836,1.8940729
-2.0142822,-6.3893757,1.7309821
-2.6857185,-6.2905116,1.8519162
-2.014286,-6.3756094,1.7044818
-2.0142822,-6.3139057,1.7130429
-2.6857147,-6.4352865,1.8603495
-2.6857224,-6.6693993,1.8214768
-2.6857071,-6.9956188,1.7773086
-2.6857147,-7.4105215,1.6887405
-2.6857147,-7.2493982,1.6300547
-2.0142822,-7.3569956,1.4948713
-2.0142899,-7.3722672,1.4605641
-2.0142899,-7.1939158,1.4870449
-2.0142822,-6.9931507,1.4336153
-1.3428497,-6.5899563,1.2890019
-2.0142899,-6.6186981,1.4605451
-2.0142899,-6.2373061,1.3936527
-1.3428574,-6.2469707,1.3292764
-1.3428574,-5.9572086,1.2597777
-1.3428497,-6.0084848,1.2789
-1.3428574,-5.3899636,1.1899704
-0.6714325,-5.4487667,1.1778681
-0.6714325,-5.2608047,1.09199
-1.3428574,-4.8977556,1.2093939
0,-5.2753186,1.0266025
-0.67142487,-4.8007832,1.0185118
-0.6714325,-5.17518,1.1493924
0,-5.0097723,0.8604753
-0.67142487,-4.8352251,1.0125982
0,-4.7110085,0.9051767
0,-4.757782,0.88147801
0,-4.6122375,0.86219776
0,-4.7138033,0.86075014
0,-4.5606389,0.77652347
0,-4.6367126,0.80458385
0,-4.5205178,0.72664839
0,-4.4666748,0.70005894
0,-4.4462004,0.66790915
0,-4.4748402,0.61408776
0,-4.3954897,0.57866162
0,-4.4135523,0.53534555
0,-4.2984276,0.47314399
0,-4.2749772,0.43500844
0,-4.2366805,0.36881724
0,-4.1904035,0.31309932
0,-4.147543,0.25053531
0,-4.0625353,0.18034196
0,-4.0013452,0.11764687
0,-3.8948374,0.041257653
0,-3.8122799,-0.035243325
0,-3.7559433,-0.11032716
0,-3.6395347,-0.20577677
0,-3.538635,-0.29337037
0,-3.3485296,-0.39010325
0,-3.2677505,-0.48406985
0.67142487,-3.1121812,-0.72377795
0,-2.9441271,-0.69383967
0,-2.8746183,-0.81833327
0,-2.7270803,-0.9495663
0,-2.525722,-1.0728543
0,-1.4558692,-1.2035507
0,-1.9910723,-1.1286932
1.3428574,-1.9522015,-1.7417232
0.6714325,-1.3687942,-1.7393084
1.3428574,-1.2816534,-1.8914897
2.6857147,-1.0193468,-2.3419335
2.6857147,-0.67285913,-2.4519365
3.3571472,-0.40682054,-2.6863496
4.0285645,-0.40448147,-3.0182343
4.7000046,0.30732775,-3.4191942
4.6999969,0.66031235,-2.9861977
5.3714218,0.47005725,-3.3690267
6.7142944,0.57547271,-3.5770128
6.714283,1.8828746,-3.674015
6.7142906,1.9048293,-3.3905869
8.0571404,1.3804054,-3.7031605
8.0571404,1.3296564,-3.6700165
8.7285728,1.0630165,-3.9692192
8.7285728,2.5729101,-3.8363614
8.7285709,1.1581585,-3.8158269
9.3999996,1.2752705,-4.0517941
10.071429,0.61466116,-4.0620818
9.4000006,1.1101254,-4.0524774
10.742857,1.4929852,-4.2053857
10.742859,1.8512195,-4.3047266
10.742855,2.0628283,-4.1132593
10.742855,1.2049596,-4.2794294
12.085724,2.2019284,-4.730608
10.742851,2.0099983,-4.3907108
12.085716,2.0371861,-4.4155321
11.414284,2.3888526,-4.3048673
12.085716,1.8093873,-4.5206552
12.085716,2.4879036,-4.4126806
12.757141,3.2516575,-4.6266284
12.085709,2.9065821,-4.4130888
12.757141,2.97615,-4.6953602
12.757156,2.9070339,-4.4622593
12.757141,3.7338326,-4.5355644
12.757141,3.3082504,-4.5082197
12.757141,4.6462207,-4.4002848
12.757141,7.0756612,-4.2492499
13.428574,8.6317205,-3.8919506
12.757126,10.868061,-3.3286915
12.757172,11.839543,-2.6970747
12.085693,12.584738,-2.1575973
10.742859,11.483205,-1.6481862
10.742859,11.398914,-1.6154239
9.3999939,10.630622,-1.1860455
8.0571594,9.7069263,-0.66436827
6.7142639,8.3053236,-0.25452566
5.3714294,6.5830302,0.11800499
4.7000427,4.5470657,0.19599736
3.3571167,2.4826539,0.19012006
2.68573,1.4271715,0.29347289
2.0142517,0.29257911,0.47459233
0.67144775,-0.6468724,0.67016429
0.67144775,-1.3105699,0.51644635
0,-1.6787077,0.58505458
0,-1.9040979,0.63411123
0,-2.2017486,0.68863833
0,-2.3870683,0.69707257
0,-2.3974826,0.76882005
0,-2.6580732,0.8730467
0,-3.0085993,0.98781139
0,-3.144815,1.0762596
0,-3.3217924,1.1930196
0,-3.5175171,1.3281527
0,-3.6233594,1.4372866
0,-3.7863743,1.5919025
0,-4.034174,1.7382566
-0.67144775,-4.4954929,1.931749
-1.342865,-4.5939345,2.121552
-1.3428345,-4.9564505,2.2811916
-1.3428955,-5.2788901,2.3821151
-1.3428345,-5.7064281,2.4743431
-2.6856995,-5.6981215,2.7959549
-2.68573,-6.0086184,2.9790149
-4.0285645,-6.1378841,3.2859361
-4.028595,-6.5397549,3.4116831
-4.0285339,-6.7934856,3.4214544
-5.37146,-6.695107,3.6353939
-5.3714294,-7.4033608,3.7532806
-6.0428467,-7.5001068,3.9141417
-6.7142944,-7.5573912,3.9603248
-7.3857117,-6.6318789,4.1574655
-6.7142944,-7.1648097,4.2536697
-8.0571289,-6.8829241,4.5034113
-8.7285767,-7.095623,4.6547523
-8.7285461,-7.6849637,4.674798
-9.4000244,-7.7031164,4.9021358
-9.3999939,-8.6057367,4.8841386
-9.3999939,-8.3514214,4.6972799
-10.742874,-11.20127,5.1564384
-10.742844,-14.290426,4.6343155
-12.085709,-17.574894,4.4920387
-10.742874,-17.980467,3.529166
-11.414276,-17.499273,3.2210612
-10.742859,-20.351149,2.7565246
-10.071442,-18.885462,1.9236027
-8.7285614,-17.534534,1.7501509
-8.7285767,-16.349939,1.6115121
-6.7142792,-14.8901,1.2085117
-6.7142868,-12.652728,1.3093429
-5.3714294,-11.342646,1.2017299
-5.3714294,-9.7784081,1.2916588
-4.6999969,-9.216548,1.3855081
-4.0285721,-9.4623623,1.1359015
-3.3571396,-8.867136,0.83885449
-2.6857147,-7.8812342,0.75272858
-2.6857224,-6.2109714,1.1119263
-2.6857071,-6.7102871,1.9473318
-2.6857147,-7.9229827,2.1954057
-2.0142899,-8.7697544,1.9273342
-2.0142822,-8.6413279,1.7324015
-3.3571472,-7.7882528,2.0164647
-2.6857147,-7.480978,2.0602851
-3.3571396,-7.3771057,2.3033857
-2.6857147,-7.2870564,2.1979504
-4.0285645,-7.6094317,2.4942296
-4.0285797,-8.7916546,2.5044453
-4.0285721,-9.0291691,2.3724394
-4.0285721,-10.293514,2.3200216
-4.0285721,-10.408473,1.9832584
-4.0285721,-10.497603,1.9161028
-3.3571396,-9.2402334,1.7562748
-3.3571434,-9.2980967,1.938857
-4.0285721,-8.8894119,1.9865816
-3.3571434,-8.4585571,1.8558246
-3.3571396,-7.6364403,1.8243207
-3.3571434,-7.5352492,2.0715811
-3.3571434,-7.5526228,2.091188
-3.3571434,-7.695827,2.1132436
-3.3571415,-8.0422087,2.0618191
-3.3571453,-8.5110674,2.0632193
-3.3571424,-8.4888258,1.967249
-3.3571415,-8.631793,1.9861187
-3.3571434,-8.739068,1.8736637
-3.3571434,-8.3411417,1.8619492
-3.3571427,-8.2907267,1.8691695
-2.6857142,-7.7540669,1.7039579
-3.3571429,-7.8107314,1.8253452
-3.3571429,-6.9681315,1.8309925
-2.6857147,-7.0410476,1.7113684
-2.6857138,-6.1449456,1.6892319
-3.3571434,-6.178638,1.9529612
-3.3571415,-6.4082088,1.8967378
-2.6857166,-6.1910892,1.792465
-3.3571415,-7.0013075,1.9303548
-3.3571434,-6.5498791,1.8595289
-2.6857147,-7.2107096,1.7611641
-2.6857109,-6.646801,1.696615
-2.6857185,-7.1593299,1.7128875
-2.6857147,-6.8339477,1.6199639
-2.6857109,-6.7280092,1.7399806
-2.6857147,-6.1233892,1.6717834
-2.014286,-6.0309362,1.6075073
-2.014286,-6.1345682,1.6037271
-2.6857147,-5.5814643,1.7822539
-1.3428535,-5.6097031,1.5661114
-2.6857185,-5.3890319,1.8110665
-1.3428535,-5.1630702,1.5682966
-2.6857185,-5.2518759,1.8899024
-2.0142822,-5.494915,1.7593515
-2.0142899,-5.0470929,1.7249509
-2.014286,-5.1503057,1.811578
-2.0142822,-5.2251062,1.8208796
-2.6857147,-5.3133254,1.9546509
-2.6857224,-5.2730637,1.9611608
-2.0142746,-5.4567885,1.783693
-2.6857147,-5.3739796,1.8944463
-2.0142899,-5.9552107,1.7278709
-2.6857071,-6.0746655,1.8123046
-2.0142899,-6.7650652,1.570628
-2.0142899,-6.761445,1.5110636
-2.0142899,-6.8599739,1.4880924
-2.0142746,-6.701488,1.3978273
-1.3428574,-6.903213,1.3016471
-1.342865,-5.8431706,1.1609033
-1.3428574,-6.2166867,1.3276159
-1.3428574,-5.5618844,1.184822
-0.6714325,-5.6064925,1.132064
-0.67142487,-5.5869179,1.059417
-1.3428497,-5.3599391,1.1661271
0,-5.0234447,0.88243586
0,-4.7110476,0.92825598
0,-4.7830114,0.94856775
0,-4.6057892,0.91126961
0,-4.7101994,0.89541233
0,-4.5913706,0.85086221
0,-4.5839229,0.84958005
0,-4.5065279,0.79803169
0,-4.478756,0.78811562
0,-4.3846431,0.74914384
-0.6714325,-4.306262,0.86613858
0,-4.1961622,0.69344872
0,-4.1659865,0.65739638
0,-4.0534716,0.61484897
0,-4.0168962,0.5814265
0,-4.000648,0.53753394
0,-3.9358239,0.49899921
0,-3.9683242,0.44398701
0,-3.9009302,0.3972199
0,-3.8409433,0.34390044
0,-3.8459122,0.28995058
0,-3.7359509,0.23282802
0.6714325,-3.7106519,0.033900868
0,-3.5693028,0.10687301
0,-3.5022504,0.056647897
0,-3.422323,-0.01535488
0,-3.3096535,-0.076953001
0,-3.2815375,-0.16045268
0,-3.2873309,-0.26354977
0,-3.2387235,-0.36785686
0,-3.0924006,-0.46827054
0,-2.9377232,-0.56959373
0,-2.8174508,-0.67652345
0,-2.7470787,-0.79644001
0.67142487,-2.623208,-1.051966
0,-2.4370818,-1.0350922
0.67142487,-2.3195918,-1.3014131
0,-2.1580248,-1.3143483
0,-2.0291982,-1.4288173
0.67142487,-2.5405743,-1.5488403
0.6714325,-2.3374138,-1.7577538
2.0142899,-2.1178567,-2.3452415
2.0142899,-1.5563849,-2.5083256
3.357132,-1.5198189,-2.9175541
3.3571472,0.033148509,-3.1365249
4.0285721,-0.43541554,-2.8630157
4.0285721,0.79608792,-3.0193827
5.3714294,-0.082549453,-3.1215038
5.3714294,0.4076542,-3.5080364
6.0428543,1.7123024,-3.5689447
6.7142868,1.8417238,-3.5866356
7.3857155,2.0127974,-3.819674
8.0571442,1.4614189,-3.9862847
8.0571404,2.7042274,-4.2139835
8.7285728,2.4535465,-4.2532172
8.7285709,2.0987329,-4.0489678
10.071428,2.9205663,-4.3054209
10.071428,2.6364255,-4.2059073
10.071429,2.7194614,-4.3066301
10.742857,2.0579767,-4.3986182
11.414288,3.0674138,-4.6708426
10.742855,3.5840471,-4.3349042
12.085716,3.1030059,-4.6496873
11.414288,3.4159129,-4.6711264
12.085709,3.5724397,-4.7362871
12.085716,2.6520481,-4.6041932
12.757149,1.7665257,-4.8930387
12.085709,2.7650275,-4.7288857
13.428574,2.5826433,-5.0134177
12.757141,5.1628432,-4.7855644
13.428574,3.6516812,-4.6362896
13.428574,4.4506941,-4.8036432
13.428574,4.9259095,-4.6780376
13.428574,3.6820457,-4.6644549
13.428558,3.4161859,-4.7992167
14.100006,3.8610523,-4.773562
13.428574,6.8200378,-4.4766455
14.100006,7.5114231,-4.1500864
14.100006,10.298079,-3.7498002
13.428558,11.186824,-3.0789645
12.757141,11.82639,-2.934767
12.757141,10.847759,-2.7745855
12.085724,10.676956,-2.4008796
10.742859,8.8357258,-1.7420266
10.742828,7.2247915,-1.6662842
9.3999939,4.469523,-1.387962
8.7285767,2.6206872,-1.4847907
7.3857422,2.2183206,-1.4829414
7.3856812,1.5645728,-1.2975713
6.0428772,1.2998382,-1.0006131
5.3714294,-0.009604634,-0.67062104
5.3714294,-0.48030132,-1.1085213
4.7000122,-0.62472832,-1.0117688
4.0285645,-0.53592753,-0.89844781
3.3571472,-1.051358,-0.70324808
4.028595,-0.73059916,-0.90179431
2.6856995,-1.175265,-0.51128739
2.6856995,-1.4871154,-0.54068226
1.342865,-2.1124754,-0.41026822
2.68573,-1.8239024,-0.77578425
1.3428345,-1.7775211,-0.42524469
1.342865,-1.5260756,-0.36182868
0.67141724,-1.5989405,-0.11853442
0.67141724,-1.8740853,-0.13179021
0,-1.6191404,-0.060919553
0,-1.6755047,0.087116241
0,-1.5510849,0.1277027
0,-1.6527427,0.26013577
0,-1.6264124,0.35918993
0,-1.690749,0.474352
0,-1.721728,0.60105574
0,-1.9057096,0.73386937
0,-2.0736966,0.85938746
0,-2.302192,1.0246991
0,-2.5879695,1.1540383
0,-2.8798642,1.297914
-0.67141724,-3.1890514,1.5896976
-0.67141724,-3.6082618,1.7217103
-1.342865,-4.1924376,1.9813029
-0.67141724,-4.4918566,1.9433318
-2.0143127,-5.2031283,2.3373208
-1.3428345,-5.2673926,2.2139537
-2.68573,-5.7282958,2.5852985
-2.0142822,-5.5732512,2.509901
-3.3571472,-6.0634723,2.9310222
-2.6856995,-6.40207,2.754456
-4.0285645,-6.270885,3.1906633
-4.0285645,-6.4965029,3.2856853
-4.028595,-7.2058625,3.37498
-5.3714294,-6.7837,3.6545899
-5.3714294,-6.8660488,3.7563024
-6.0428772,-7.7463045,4.0099897
-6.0428467,-8.3918943,3.8707585
-7.3856812,-8.1172886,4.2450628
-7.3857422,-7.4439549,4.530139
-8.0571289,-7.8541942,4.7750082
-8.0571289,-9.1109943,4.7425089
-9.3999939,-9.0961599,5.2356439
-9.4000244,-9.903614,5.3238363
-10.071442,-9.4092903,5.447413
-10.742859,-9.7213354,5.8201318
-11.414276,-10.816139,5.6702542
-12.085693,-10.734184,5.588141
-12.085724,-9.47682,5.3659282
-13.428589,-9.0025721,5.7403369
-12.757126,-8.3166361,5.7970581
-13.428574,-8.2462025,6.1285954
-14.100006,-6.1996064,6.2439985
-14.100006,-5.9204645,6.2605286
-14.099991,-7.2369323,5.9336748
-15.442856,-9.9436798,6.2645645
-15.442856,-17.118071,5.6208711
-16.114288,-19.578489,4.626678
-15.442856,-19.357759,4.1402178
-15.442856,-24.031649,3.5525019
-14.771439,-21.522141,3.0598617
-13.428566,-20.512951,2.2591081
-12.757141,-18.581789,1.9237792
-11.414291,-17.121769,1.6324333
-10.071426,-15.094938,1.3449954
-8.7285728,-13.566478,1.0877092
-8.0571404,-11.607024,0.97323984
-6.0428562,-10.898239,0.51133543
-5.3714294,-9.588109,0.4331806
-4.6999998,-8.9979401,0.32924527
-3.3571434,-8.456604,0.026254438
-2.6857142,-6.6827121,-0.13595632
-2.0142858,-7.6053801,0.22453876
-1.3428572,-7.8343554,0.051768001
-1.3428571,-7.8646846,-0.059284419
0,-7.0261836,-0.093103468
-0.67142856,-6.3984051,0.54734296
0,-7.3299456,0.72364748
0,-8.1295071,0.63080227
0,-8.3905373,0.49312404
0,-8.6343861,0.35476676
0,-8.224947,0.27771249
0,-8.2406015,0.3245258
0,-8.1230984,0.26346138
0,-7.8513937,0.25439972
0,-8.0978613,0.2279252
0,-7.5064855,0.149345
0,-7.2246881,0.23720679
0,-6.9384718,0.19116017
0,-6.4015989,0.21639729
0,-6.1694336,0.26307082
0,-5.8203306,0.26757264
0,-5.7148676,0.31403798
0,-5.8390093,0.30385584
0,-5.822319,0.28111598
0,-6.010869,0.26992097
0,-6.5704489,0.17734294
0,-6.296804,-0.013697745
0,-6.1708269,-0.002569806
0,-5.7468324,-0.029867431
0,-5.5543151,-0.046869192
0,-5.1411524,-0.092625581
0,-4.7933235,-0.065360777
0,-4.4266253,-0.088700287
0,-4.2473521,-0.071251124
0,-4.1715908,-0.090785287
0,-4.0955238,-0.094086245
0,-4.0179858,-0.10095426
0,-3.9447186,-0.12500261
0,-3.9400475,-0.13677205
0,-3.9163036,-0.1590624
0,-3.9540844,-0.17528255
0,-3.9513345,-0.19815856
0,-4.0801296,-0.23826325
0,-4.1834106,-0.27439672
0,-4.2261744,-0.31537706
0,-4.1251726,-0.35274038
0,-3.9861846,-0.39340815
0,-3.7820394,-0.41873783
0,-3.5147016,-0.42709219
0,-3.1405022,-0.44555208
0,-2.9213381,-0.45288265
0,-2.7036605,-0.4481256
0,-2.5532262,-0.45237696
0,-2.4446278,-0.45124456
0,-2.3788223,-0.45859557
0,-2.411648,-0.46919242
0,-2.4853246,-0.48275754
0,-2.5047109,-0.50826395
0,-2.6004817,-0.53605139
0,-2.594424,-0.56318527
0,-2.5254884,-0.58676475
0,-2.4009955,-0.60104996
0,-2.2641742,-0.60996228
0.67142856,-2.1132388,-0.75056523
0,-1.9639395,-0.6180861
0,-1.8434041,-0.61104363
0,-1.8081156,-0.61768955
0,-1.7076422,-0.6332683
0,-1.783905,-0.62601703
0,-1.7188177,-0.64399338
0,-1.7679647,-0.6368311
0,-1.7686534,-0.65667284
0,-1.559145,-0.65379667
0,-2.0095611,-0.5932216
0,-1.6168175,-0.73082244
0,-1.7270689,-0.62896979
0,-1.5818894,-0.67242908
0,-1.5939924,-0.65200025
0,-1.7281294,-0.64847887
0,-1.7259859,-0.66648
0,-1.8886434,-0.65647936
0,-1.9733032,-0.68466628
0,-2.1618335,-0.69717729
0,-2.3110948,-0.73959494
0,-2.4875352,-0.76732379
0,-2.5954976,-0.81536227
0,-2.6282413,-0.85911715
0,-2.6026688,-0.89506859
0,-2.4951982,-0.93251359
0,-2.3606761,-0.95797455
0,-2.1480472,-0.97382325
0,-2.016109,-0.98152661
0,-1.8899012,-0.99950027
0.67142856,-1.7482026,-1.1470658
0.67142856,-1.5711571,-1.1330053
1.3428572,-1.581115,-1.2706128
1.3428571,-1.6261572,-1.2701508
1.3428569,-1.865799,-1.2966729
2.014286,-1.9603615,-1.4626031
2.014286,-2.1644714,-1.5236032
2.6857138,-2.2773502,-1.7157166
2.6857147,-2.4420807,-1.7531656
2.6857147,-2.3808353,-1.807511
3.3571434,-2.3988941,-2.0034525
3.3571415,-1.1458311,-1.9861804
2.6857147,-1.8455071,-1.4723787
3.3571434,-1.4852184,-1.7811505
3.3571434,-1.8778974,-1.7541074
4.0285721,-1.7535295,-2.0348179
4.0285721,-2.0448003,-2.028682
4.0285683,-1.6858456,-2.0624373
4.0285721,-1.6190474,-1.9862036
4.7000008,-1.4718068,-2.0357268
4.7000008,-1.387946,-1.971434
4.7000008,-1.4234982,-1.9161979
4.6999969,-1.2211388,-2.0016093
5.3714371,-1.2284343,-2.0351763
4.6999893,-1.2189955,-1.8853021
5.3714294,-0.92897063,-2.0686545
4.7000046,-1.0943307,-1.7739925
5.3714294,-1.0347601,-1.9798657
5.3714218,-0.87554044,-1.8641762
4.7000046,-0.70891523,-1.6086688
4.6999969,-0.26269883,-1.5653174
4.7000046,-0.98878962,-1.3984867
4.6999969,-0.68171841,-1.485238
4.0285721,-1.1561667,-1.2272503
4.0285721,-1.8273432,-1.2130976
4.0285645,-4.0908809,-1.383058
4.0285797,-4.9289231,-1.7208982
3.357132,-5.9409676,-1.7406175
4.0285797,-5.9826708,-2.0668452
4.0285797,-5.5058746,-2.1231203
4.6999969,-5.4309297,-2.2860959
4.0285797,-4.5900769,-2.2403281
4.6999969,-3.0147097,-2.2618494
4.6999969,-3.5001013,-1.7915789
4.6999969,-3.0064945,-1.7307552
4.6999969,-3.4511349,-1.7210227
4.7000122,-3.4336932,-1.779367
4.6999969,-3.1923397,-1.7868749
4.6999969,-3.3788493,-1.8192234
4.6999969,-3.7474256,-1.7913555
4.0285645,-4.3077559,-1.7394634
4.6999969,-3.9082005,-1.9008429
4.6999969,-4.495131,-1.8586415
4.7000122,-3.8276999,-1.9346001
4.6999969,-3.4714456,-1.7864226
4.0285797,-3.2260675,-1.6460426
5.3714142,-2.9512053,-1.9500296
4.0285797,-2.9250062,-1.5993642
4.6999969,-2.3003831,-1.7550205
4.6999969,-2.168108,-1.7320454
4.0285797,-1.9723169,-1.4254851
4.6999969,-2.2668419,-1.6032474
4.6999969,-2.3957031,-1.5846826
4.0285797,-1.9921348,-1.3622638
4.0285645,-2.5185628,-1.2367169
4.028595,-3.572808,-1.3002187
3.3571167,-4.2596798,-1.2419147
3.3571472,-4.7516642,-1.2911334
4.0285645,-4.8028164,-1.5312232
2.68573,-4.8152599,-1.266058
4.0285645,-4.6747785,-1.5330184
2.6856995,-4.2801847,-1.2458943
3.3571472,-3.7967656,-1.3364443
3.3571472,-3.2818723,-1.2223784
2.6856995,-3.4457746,-0.93446857
2.68573,-3.3216026,-0.90413219
2.6856995,-3.9104528,-0.78233701
2.68573,-4.5396409,-0.80590934
1.342865,-5.2726359,-0.52541733
2.0142822,-5.996048,-0.69976366
2.0142822,-6.434926,-0.7764045
1.3428345,-6.6310067,-0.67822272
1.3428955,-6.7485428,-0.70193756
1.3428345,-6.3481641,-0.77783221
1.342865,-5.9266343,-0.74898291
0.67141724,-5.4577346,-0.58625406
0.67144775,-5.1158476,-0.52945626
1.342865,-4.745142,-0.60610414
0,-4.1365547,-0.23496097
0.67141724,-4.3119273,-0.14840774
0.67141724,-4.3144007,-0.10066703
0,-4.3728442,0.14029244
0,-4.5903778,0.2122644
0,-4.7085328,0.26775032
0,-5.2177615,0.39697635
0,-5.496388,0.44027111
0,-6.0128598,0.53686845
0,-6.3343172,0.58003348
0,-6.7110982,0.66573405
0,-7.0329394,0.72282636
0,-7.2678986,0.78182477
0,-7.6368532,0.88197535
0,-8.3152361,0.95002687
0,-8.68221,0.96429521
0,-9.1446428,1.0448941
0,-9.4670839,1.0776983
0,-9.5654106,1.1339526
0,-9.8045588,1.236367
0,-9.8445644,1.3023436
-0.67141724,-9.727109,1.5517956
-0.67141724,-10.544477,1.6568506
0,-9.6271372,1.3811246
-1.342865,-9.9567595,1.9709498
-0.67144775,-9.4535151,1.782397
-1.3428345,-9.5286255,2.1398983
-2.0142822,-9.2942667,2.341162
-1.3428955,-9.3967819,2.3323941
-2.6856689,-10.015557,2.7042184
-2.68573,-10.153433,2.6243482
-3.3571472,-10.469089,2.9224865
-3.3571472,-9.9743671,2.951951
-4.6999817,-9.6530008,3.3831425
-4.7000122,-9.9508133,3.4772265
-5.3714294,-10.021671,3.5358663
-5.3714294,-10.929099,3.5589983
-6.7142944,-11.179485,3.7763116
-6.0428467,-12.088442,3.574862
-7.3857117,-11.549276,3.7706819
-6.7142792,-12.101154,3.6539636
-8.0571594,-11.95822,3.8902609
-7.3857117,-12.79645,3.7949808
-8.0571289,-13.430223,3.9381802
-8.7285767,-14.680416,3.8787363
-8.0571442,-14.517082,3.4855444
-8.7285767,-15.756852,3.5029337
-8.0571442,-15.695305,2.9737804
-8.7285614,-15.708423,2.978312
-8.0571594,-15.158786,2.7442789
-8.0571289,-15.54303,2.738445
-7.3857117,-14.637584,2.3836806
-7.3857269,-14.211603,2.4199066
-6.7142792,-14.245734,2.3178811
-6.7142944,-12.663021,2.1921353
-6.7142792,-12.910723,2.1913626
-5.3714294,-12.784719,1.9240972
-5.3714218,-12.855747,1.8998532
-5.3714371,-12.354016,1.8851973
-5.3714294,-11.790415,2.0314848
-4.0285645,-11.344371,1.8466125
-5.3714371,-11.027096,2.1507437
-4.0285645,-10.257524,1.9586692
-4.0285797,-10.140019,2.1832311
-4.6999893,-10.117496,2.3015234
-4.7000122,-9.8204727,2.4705451
-4.6999969,-10.268101,2.42803
-4.6999893,-11.009746,2.4315963
-4.7000122,-11.609931,2.2955508
-4.6999931,-11.947656,2.2731152
-4.7000008,-12.413819,2.2841215
-4.7000008,-12.027842,2.2433579
-4.0285721,-11.856362,2.1925638
-5.3714294,-11.651958,2.5060565
-4.0285683,-12.166141,2.2626572
-5.3714294,-11.665959,2.4050515
-4.7000027,-11.574273,2.4111574
-4.6999989,-11.185519,2.3486931
-4.7000008,-10.891417,2.3303475
-4.6999989,-10.213872,2.3071415
-5.3714294,-9.5521669,2.4442391
-4.0285711,-9.8766918,2.3402522
-5.3714285,-8.7754955,2.5059419
-5.3714285,-8.3030167,2.5883436
-5.371429,-8.6597338,2.6290712
-5.3714285,-8.0639277,2.6148713
-5.3714275,-8.7288399,2.631984
-5.3714294,-8.1424551,2.4791479
-5.3714294,-7.6247263,2.5863283
-5.3714294,-8.0050106,2.6587732
-5.3714294,-7.0579457,2.272841
-5.3714256,-7.3844943,2.5990765
-5.3714294,-7.9261117,2.4744239
-5.3714256,-8.2262249,2.5830846
-5.3714333,-8.8695517,2.5373943
-5.3714256,-8.8143625,2.4813662
-5.3714371,-8.7484531,2.3864791
-5.3714218,-9.3913202,2.3055737
-5.3714294,-8.6303043,2.2067282
-4.7000046,-8.6253777,2.1006966
-4.6999969,-9.1635723,2.0645025
-4.6999969,-8.410511,2.1125607
-4.7000046,-8.5474577,2.1431861
-4.0285645,-7.949378,1.937093
-4.7000046,-7.8839049,2.2067041
-4.0285721,-8.3818474,2.134845
-4.0285721,-8.1611147,2.0256722
-4.0285645,-7.897922,2.1980336
-3.3571472,-7.5587459,2.0490124
-4.0285721,-7.1934657,2.2759302
-4.0285797,-6.9430141,2.325819
-4.0285645,-6.3507237,2.4186132
-4.0285645,-6.7722216,2.3952799
-4.0285797,-6.3889885,2.41398
-5.3714294,-6.455235,2.8056803
-4.0285645,-6.6990147,2.4414086
-5.3714294,-6.789526,2.840282
-4.6999969,-7.2801509,2.5593903
-5.3714294,-6.9844065,2.6599929
-5.3714447,-7.4031749,2.7776189
-5.3714142,-7.0590115,2.7325096
-5.3714294,-7.3906388,2.8085454
-6.0428619,-6.5305114,2.6756859
-5.3714294,-7.9904556,2.4977391
-6.0428619,-7.7688332,2.6653712
-4.6999969,-8.5761929,2.2129736
-5.3714294,-7.4078517,2.1054688
-4.0285645,-6.7827945,2.0378802
-4.7000122,-6.6959085,2.2237101
-4.0285492,-6.4091721,2.1205173
-4.7000122,-6.2288399,2.1959736
-4.0285645,-6.6237211,2.1252136
-4.0285797,-6.4751835,2.1193595
-4.0285797,-6.4640203,2.1692679
-4.0285645,-6.9835944,2.1130815
-4.0285645,-6.7159362,2.1320522
-4.0285645,-6.976469,2.1362276
-4.028595,-6.3440142,2.1432657
-4.0285645,-7.1224966,2.2532287
-4.0285645,-6.5965891,2.1711257
-4.0285645,-6.3360605,2.1580653
-4.028595,-6.2504363,2.1370645
-4.0285645,-5.7427731,2.1905005
-4.0285645,-5.5058522,2.2470429
-4.0285645,-5.8693633,2.3485577
-4.028595,-5.8804436,2.2152426
-3.3571167,-5.9320745,2.1124492
-3.3571472,-5.0544229,2.1067398
-4.028595,-5.4957838,2.5096512
-4.0285645,-7.116663,2.3478761
-2.6856995,-7.2786508,1.8179833
-4.0285645,-7.7024846,2.1334445
-3.3571472,-8.1165667,1.9467189
-3.3571472,-9.123558,1.8870068
-3.3571472,-9.4178419,1.6895
-3.3571472,-9.2604637,1.6696899
-2.68573,-10.661928,1.6243641
-2.6856995,-10.201914,1.3183059
-3.3571472,-10.326912,1.4301203
-2.0142517,-9.6318903,1.1548592
-2.68573,-9.1951246,1.4161065
-1.342865,-9.0118523,1.3797239
-2.0142822,-9.2508192,1.6266308
-2.0142822,-9.7600098,1.5999352
-1.342865,-9.7235746,1.3600645
-1.342865,-9.5170469,1.2757753
-1.342865,-9.0504217,1.3518394
-1.3428345,-9.1238956,1.3992952
-1.3428345,-8.8506899,1.3889247
-0.67147827,-8.7808838,1.2514861
-0.67141724,-9.0631342,1.2608469
-0.67141724,-8.3954344,1.1808053
-0.67141724,-8.6072206,1.4377352
0,-8.3663759,1.2802048
0,-8.340333,1.3732336
0,-8.2118492,1.3893281
0,-7.9996414,1.3581965
0,-8.168725,1.3989631
0,-7.808661,1.3972063
0,-8.1045303,1.533446
0,-8.0591316,1.4613256
0,-7.5399981,1.4757351
0,-7.7806067,1.6155617
0,-7.7058043,1.6007751
-0.67144775,-7.7285247,1.7626899
0,-7.6309223,1.6098746
-0.67141724,-7.8491111,1.8575416
-0.67144775,-7.9762897,1.7789307
-0.67141724,-8.1754389,1.7552989
-1.342865,-7.7562075,1.8896791
-1.3428345,-8.222146,2.0141425
-1.3428955,-7.7010036,1.8438196
-1.3428345,-7.9584699,1.9386983
-2.0142822,-7.2215061,2.0172076
-2.0142822,-7.1150661,2.021121
-2.0142822,-6.5603518,1.9607016
-2.0143127,-6.7315035,2.1032026
-2.6856995,-7.2618599,2.2402852
-2.68573,-7.3790984,2.2334907
-2.6856995,-8.2695999,2.2395658
-3.3571472,-7.6574893,2.314642
-3.3571472,-7.5430903,2.4154949
-4.0285339,-7.6507015,2.5325348
-4.028595,-7.6626101,2.4257286
-4.0285645,-7.5955877,2.4541168
-4.0285645,-7.511405,2.4495864
-4.028595,-7.8294024,2.4318562
-5.3714294,-8.0605841,2.6379936
-4.0285645,-7.8980279,2.46243
-5.3714294,-7.7066069,2.8011649
-5.3714294,-7.9027405,2.7531314
-5.3713989,-8.5425072,2.7019775
-5.37146,-8.7908783,2.5214982
-6.7142944,-9.0561714,2.7052016
-5.3713989,-9.5508804,2.3455491
-6.714325,-9.9706564,2.4758325
-6.7142639,-9.5239019,2.4511607
-6.0428467,-9.8946199,2.1408339
-6.7142944,-8.9755201,2.0531156
-6.0428467,-6.1771498,2.1066976
-6.7142944,-7.0016732,2.3681884
-6.7142944,-8.5877666,2.2304406
-6.7142639,-7.9436722,2.0980158
-6.0428772,-2.140372,2.3058438
-6.0428467,-5.4711156,2.1561537
-4.7000122,-2.7560341,1.3386071
-4.6999512,-3.5609143,1.6248587
-4.0286255,-2.3312442,1.4339101
-4.6999512,-2.0327415,1.7113489
-4.0286255,-1.9468914,1.8116614
-3.3571167,-2.2638121,1.7533921
-4.0285645,-2.6885407,1.8327081
-3.3571167,-2.6167202,1.7488067
-3.3571777,-3.087832,1.8316866
-4.0285645,-3.5034566,1.9044054
-3.3571777,-3.6855376,1.775407
-3.3571167,-4.0262136,1.7133026
-4.0285645,-3.8614476,1.7761703
-2.68573,-4.0309787,1.5270568
-4.0285645,-3.6066737,1.8008337
-2.6856689,-3.5913403,1.5855567
-4.0286255,-3.6569145,1.8462642
-2.68573,-3.5172145,1.5676392
-4.0285645,-3.6765978,1.8679379
-2.68573,-3.5648973,1.5604868
-4.0285034,-3.6417127,1.8022231
-2.685791,-3.7972765,1.5546823
-4.0285645,-4.2897296,1.7843107
-2.6856689,-4.1436925,1.4312934
-3.3571777,-4.6991897,1.5184129
-2.68573,-4.2391191,1.3495129
-3.3571167,-4.5095329,1.4725296
-2.68573,-4.4840384,1.186525
-2.0142822,-4.5350847,1.0649476
-2.6856689,-4.0919604,1.2229683
-2.0142822,-3.9075136,1.0621839
-2.0142822,-3.8138113,1.0596216
-2.0143433,-3.7465744,1.0172708
-1.3428345,-3.3701518,0.85666817
-2.0142822,-3.3375456,1.0524998
-1.3428345,-3.2050862,0.82212222
-2.0142822,-3.2377739,1.0064991
-0.67150879,-2.6864991,0.66260207
-0.67138672,-2.5927162,0.70831603
-1.3428345,-2.778878,0.80533737
0,-2.4375608,0.49138871
-0.67144775,-2.2989485,0.67460513
-0.67144775,-1.8959361,0.70332742
0,-1.7547388,0.58971173
0,-1.6136791,0.53013235
0,-1.4100037,0.5944739
0,-1.3363868,0.5673086
0,-1.0597568,0.59118617
0,-0.96097058,0.61422729
0,-0.6833629,0.61267418
0,-0.55186629,0.67579687
0,-0.36171946,0.68529892
0,-0.32307348,0.72693199
0,-0.20789102,0.77276778
0,-0.10100839,0.80296278
0,0.01477494,0.84158957
0,0.021305865,0.89611727
0,-0.052286841,0.92717284
0,-0.087057941,0.98469061
0,-0.17509292,1.0238335
0,-0.247722,1.0615928
-1.3428345,-0.30856043,1.3599735
0,-0.37570012,1.1142697
-1.3428345,-0.15641926,1.4436969
-0.67144775,-0.50305563,1.4142239
-0.67138672,-0.45249209,1.3938398
-1.3428955,-0.45808297,1.6086009
-2.0142822,-0.85017973,1.8043716
-2.0142822,-1.0895083,1.7649444
-1.3428955,-1.3541889,1.6974802
-2.6856689,-1.7008885,1.9945941
-2.68573,-1.9862717,2.0251596
-2.0142822,-2.1534672,1.8571002
-2.68573,-2.027477,1.9822551
-2.6856689,-1.740146,2.0124164
-3.3571777,-2.209424,2.1804659
-2.68573,-2.32867,1.9778464
-3.3571167,-2.603548,2.0789723
-3.3571777,-3.0244558,2.007416
-4.0285645,-3.4439273,2.0665221
-3.3571777,-3.6445639,1.8264068
-3.3571167,-3.6152186,1.7256666
-4.0285034,-3.7461169,1.8014624
-4.0286255,-3.3209598,1.7159411
-4.0285645,-4.3035045,1.7951622
-3.3571777,-4.4390931,1.3997449
-3.3571167,-4.6869559,1.2969635
-2.6856689,-4.2023473,0.94674325
-2.68573,-3.833631,0.90362179
-2.68573,-3.2253823,0.85354197
-2.68573,-2.7844734,0.92979354
-1.3428345,-2.0098028,0.73063666
-1.3428345,-2.0692379,1.0094391
-1.3428345,-2.0846243,0.96340138
-1.3429565,-2.0993183,0.92629516
-1.3428345,-1.7616537,0.8544746
-1.3428345,-1.7230779,0.86778378
0,-1.7677221,0.54058099
-1.3428345,-1.5438315,0.78637445
0,-1.9878696,0.56157136
-0.67144775,-2.0525286,0.5515818
0,-2.1979494,0.3781074
0,-2.6038513,0.31000531
0,-2.5643098,0.16640289
0,-2.6392992,0.078966171
0,-2.4497151,-0.042788558
0,-2.061409,-0.13749751
0,-1.6996013,-0.20164993
0,-1.5042278,-0.29184219
0.67144775,-1.1606112,-0.54334742
0,-1.0236752,-0.4681688
0,-0.7634086,-0.59874094
0,-0.50878149,-0.69677371
0,-0.40128428,-0.8009882
0,-0.066609442,-0.94566399
0,0.23767711,-1.0628164
0,0.54521179,-1.1768907
0,0.93704444,-1.3119648
0.67138672,1.2295115,-1.5602739
0.67144775,1.9887635,-1.7064288
1.3428345,2.5722702,-1.7231661
2.0142822,2.2017813,-1.9090551
2.0143433,3.3160172,-2.2707825
2.6856689,3.2835784,-2.3346918
2.68573,3.8620801,-2.368938
3.3571777,3.8723447,-2.4942513
4.0285034,4.292243,-2.7420702
4.7000732,4.8953681,-3.0540516
4.0285034,5.8490014,-2.9485724
5.37146,5.4014816,-3.0066433
5.3713989,5.6795149,-3.1739182
6.0429077,5.3204293,-3.3647926
6.0427856,6.0303102,-3.4759924
6.7142944,5.9527097,-3.5383923
7.3857422,6.290647,-3.7024057
7.3857422,8.3639545,-3.7326126
8.0571289,7.1361899,-3.395633
8.0571289,6.6309681,-3.6402311
8.7285767,6.3851247,-3.674648
8.7285767,7.3989792,-3.5773208
9.3999634,6.346755,-3.5812566
8.7285767,6.4546413,-3.4561868
8.7285767,6.2925534,-3.2941377
9.4000244,5.3402796,-3.253418
9.4000244,5.7961602,-3.3243015
9.3999634,5.3382473,-3.1193454
8.7285767,5.6778712,-3.1316783
8.7285767,5.0387597,-2.996877
9.4000244,4.3836141,-2.939913
8.0571289,4.0137091,-2.675174
8.7285767,3.6357319,-2.6934142
8.7285767,2.5091918,-2.6761992
8.0571289,3.5400102,-2.9661002
7.3857117,1.1476105,-2.8770075
7.3857117,2.8937824,-2.3992722
5.37146,3.0504189,-1.5126859
5.3713989,2.2424593,-1.7287751
4.028595,2.2492783,-1.4317909
3.3571167,2.4227219,-1.6261719
2.0143127,0.53622407,-1.2396961
2.6856995,1.3085475,-1.6303217
1.342865,0.17249119,-1.4737216
0.67141724,0.035652466,-1.4522369
0.67141724,-0.43344545,-1.6566356
0,-0.13352136,-1.651929
0,0.30244911,-1.6809051
0,0.91965091,-1.7585576
0,1.4467474,-1.8214662
0,2.1044433,-1.8485805
0,2.1397231,-1.8811527
0,2.9408534,-1.8952966
0,2.8958187,-1.8792808
0,2.7756405,-1.9362212
0,2.725425,-1.9545294
0,2.6084454,-2.0835378
0,2.8906126,-2.1616063
0.67144775,2.3610606,-2.4444237
0.67141724,2.8831339,-2.5480907
0,2.4320209,-2.3148365
0.67141724,2.6503375,-2.5229101
0.67141724,3.1106825,-2.5817578
0,3.1622434,-2.6054988
1.3428955,3.7885759,-2.7398729
1.3428345,3.5883484,-2.7601044
2.0142822,3.8983655,-3.0394366
2.0143127,4.0580893,-3.1259756
2.0142517,4.7632418,-2.8160996
2.0143127,4.1260481,-3.0182893
2.6856995,4.0127559,-2.9794834
2.68573,4.9304266,-2.9783089
3.3571472,5.2868171,-3.0512779
3.3571167,6.3575387,-2.9068501
2.68573,7.8409405,-2.9434626
4.0285645,8.6238232,-3.1549509
4.028595,8.1285906,-3.150528
4.0285339,8.3083229,-3.1883259
4.028595,8.0359955,-3.026413
4.6999817,8.7437134,-3.2818842
4.7000122,8.128973,-3.2700338
4.6999817,7.2923064,-3.1434793
4.7000122,7.9249883,-3.3667831
5.37146,7.106957,-3.2798576
5.3714294,7.5983706,-3.197896
5.3713989,8.450017,-3.2542124
5.3714294,9.0902882,-3.1430521
5.3714294,8.9422369,-3.0929384
5.3714294,8.8353872,-3.2742932
5.3714294,9.993928,-3.1593502
6.0428772,9.418294,-3.1874268
6.0428467,10.02361,-3.3260343
5.3714294,9.7340546,-3.0442972
6.0428467,9.399168,-3.2237568
6.0428772,9.6919994,-3.1422818
5.3714294,10.483833,-3.0431077
5.3713989,9.5079842,-2.9387596
5.3714294,9.5123053,-2.9477215
4.7000122,8.5012226,-2.6760211
5.3714294,9.1628323,-2.9291201
4.6999817,8.6542063,-2.8179858
5.3714294,8.1150742,-2.9463558
5.37146,8.1406822,-2.9609351
5.3714294,8.0141354,-2.8885472
5.3713989,8.1220522,-2.9213991
5.3714294,8.4309607,-2.8560011
5.37146,8.1878386,-2.8963134
6.0428467,8.6290054,-2.8821266
6.0428467,8.7300777,-2.7830102
5.3714294,8.5683746,-2.6675332
6.7142944,7.9344292,-2.786335
6.7142792,7.1710634,-2.8406401
6.7142792,7.14676,-2.8351345
6.7142944,7.5724449,-2.6695061
6.7142792,5.7329721,-2.6082473
6.7142944,5.7294955,-2.6725626
6.7142792,7.8515282,-2.6166563
6.0428619,6.0072222,-2.2406056
6.7142792,5.9948692,-2.5870821
6.0428619,6.3061042,-2.2343898
6.7142944,7.0905495,-2.4419601
6.0428467,6.1035323,-2.1220846
6.7142792,5.9171228,-2.3160563
6.0428772,5.9312582,-2.1401224
6.7142792,5.1627102,-2.3848538
5.3714294,5.3270411,-2.0499241
6.7142792,5.0372477,-2.1461852
5.3714294,5.6729259,-1.9427992
6.7142868,5.2395086,-1.9782523
5.3714294,6.142365,-1.718013
5.3714294,5.4438634,-1.5647626
5.3714218,5.7660861,-1.5664512
5.3714294,5.1967721,-1.5583054
4.7000046,5.1971116,-1.4379935
4.6999969,4.2741942,-1.2321323
4.0285797,4.3466434,-1.2006209
4.0285645,4.0147581,-1.1882746
4.0285721,3.2500153,-1.4254524
4.0285721,3.7891073,-1.5430912
4.0285721,3.4705136,-1.3651195
4.0285721,4.1563978,-1.4485872
3.3571472,3.755408,-1.1892853
3.3571396,3.8238699,-1.2405707
4.0285721,3.4199483,-1.2994593
2.6857109,2.9763205,-1.1228806
3.3571434,3.0896454,-1.3709928
2.6857147,3.3066032,-1.1992831
2.6857147,2.4924021,-1.0242417
2.014286,2.3515432,-0.89797974
2.6857147,1.7690483,-1.0023938
2.014286,1.3291007,-0.95290679
2.0142822,0.91035086,-0.93061435
2.0142899,0.39142883,-0.97250921
2.0142822,-0.061261836,-1.0314345
2.014286,0.15334283,-1.2393988
2.014286,0.020062201,-1.2593017
2.0142879,0.54576874,-1.4185315
2.0142841,0.65545565,-1.4179895
2.6857147,1.177102,-1.6102444
2.6857147,3.1657813,-1.6436621
1.3428555,2.1686072,-0.83772695
2.6857166,2.43521,-1.1843746
1.3428555,2.1236675,-0.88682318
2.014286,2.0283601,-1.0771707
2.014286,1.7602389,-1.1193072
2.0142851,1.394895,-1.0789384
2.014286,2.3927894,-1.1405669
1.3428574,1.3839865,-0.81119072
1.3428574,1.6320806,-0.91266739
1.3428569,1.3658916,-0.85617578
2.014286,1.3344685,-0.97776097
1.3428574,1.4890007,-0.82753164
1.3428571,1.5582895,-0.73742598
1.3428571,1.6716958,-0.69096744
1.3428571,1.7117132,-0.60274893
1.3428571,1.8176478,-0.49371317
0.67142868,1.7198765,-0.27541289
1.3428569,1.2432648,-0.31675273
0.67142868,0.90443158,-0.37779695
0.67142916,0.77571946,-0.44612944
0,0.30022874,-0.27439749
0,0.35320094,-0.27715862
0,-0.43431702,-0.17645124
0,-0.47969615,-0.29948172
0,-0.53977972,-0.25511435
0,-0.88328892,-0.22956109
0,-0.83016878,-0.26415464
0,-0.98581469,-0.21998551
0,-0.93286437,-0.25518209
0,-0.9656747,-0.21306795
0,-0.9803251,-0.1960627
0,-0.89700919,-0.1761497
0,-0.88536859,-0.13633214
0,-0.95553267,-0.1232785
0,-0.9911021,-0.08358711
0,-1.0386956,-0.060748111
0,-1.1199639,-0.040241227
0,-1.2793818,-0.022314861
0,-1.4595912,0.006117892
0,-1.6001199,0.008338295
0,-1.6997918,0.02323278
0,-1.7219945,0.036386393
0,-1.7072848,0.065044984
0,-1.5947443,0.099072129
0,-1.5062625,0.13632616
0,-1.4101723,0.18145676
0,-1.360359,0.24105912
0,-1.3212712,0.29743338
0,-1.3443147,0.35269797
0,-1.4575704,0.40974259
0,-1.6008378,0.46149015
0,-1.715602,0.52279371
0,-1.9070708,0.56938308
0,-2.0794442,0.61629426
0,-2.3001997,0.66131055
0,-2.5554206,0.70491952
0,-2.7809126,0.7388292
0,-3.0896051,0.76879162
0,-3.3429387,0.80278754
0,-3.5697186,0.82934874
0,-4.3675342,0.83602184
0,-3.9239001,0.63693529
0,-3.8965316,0.85591018
-0.67142916,-3.9349916,1.0441862
-0.67142868,-4.1957464,1.0723009
0,-3.979717,0.95390159
0,-4.1083164,1.0814862
0,-4.2221932,1.1057254
0,-4.3488522,1.1610756
0,-4.5562043,1.2041872
0,-4.7075477,1.2369601
0,-4.9466724,1.2898468
0,-5.1328964,1.3163803
0,-5.3606949,1.3561378
0,-5.4881339,1.383297
0,-5.5910974,1.4234661
0,-5.7723169,1.466763
0,-5.9230385,1.4826866
0,-6.1047549,1.5064515
0,-6.2493253,1.5335467
0,-6.3877149,1.5627891
0,-6.5586066,1.5694804
0,-6.7176008,1.5964731
0,-6.8422723,1.6213236
0,-6.928093,1.6517692
-0.6714282,-6.9989653,1.8007598
-0.67142868,-7.1247067,1.7861938
-1.3428571,-7.1402903,1.886083
-1.3428572,-6.7692938,1.8277968
-2.0142856,-6.787673,2.0185413
-2.0142858,-6.6350331,1.9937564
-2.6857147,-6.8287573,2.0664482
-2.6857142,-6.4269018,1.8957375
-2.6857138,-6.0060186,1.8642824
-2.6857147,-5.8202901,1.873109
-3.3571434,-5.6314011,1.9679384
-3.3571415,-6.0742149,1.9891483
-4.0285721,-6.2145915,1.932318
-2.6857147,-6.9381151,1.7972411
-4.0285721,-6.4613905,1.8773192
-2.6857109,-6.5324645,1.7404124
-3.3571434,-6.2125912,1.857808
-3.3571472,-5.8433719,1.7981951
-3.3571434,-6.2203717,1.8083793
-3.3571396,-6.3245664,1.7874476
-3.3571434,-6.4690828,1.7642857
-3.3571434,-6.0054922,1.6537317
-4.0285721,-6.3959303,1.8552268
-3.3571396,-6.3503709,1.6355317
-3.3571434,-6.3699217,1.5510997
-4.0285721,-6.0056629,1.7137243
-2.6857147,-5.6288648,1.4174337
-3.3571396,-5.4303174,1.4947451
-3.3571472,-5.1293449,1.4896088
-2.6857147,-5.2510514,1.3461224
-2.6857147,-4.9520364,1.2688746
-2.6857147,-4.6822567,1.3551202
-2.6857147,-4.4580951,1.3954062
-2.0142822,-4.2510843,1.3104379
-2.6857147,-4.3024807,1.5068134
-2.0142899,-4.009501,1.3092098
-2.6857071,-4.3778782,1.5189276
-2.6857224,-4.025548,1.3985112
-2.6857147,-3.976681,1.4355891
-2.0142746,-3.6258488,1.2819898
-2.6857224,-3.7844806,1.5532814
-2.0142899,-3.6044827,1.3057522
-2.6857071,-4.0764027,1.4733269
-2.0142899,-3.4392545,1.2666609
-2.6857147,-3.9210315,1.6726975
-2.0142899,-3.4276164,1.4314767
-2.6857071,-3.6167555,1.7063344
-2.6857147,-3.530632,1.6318222
-2.0142899,-3.2266746,1.4962014
-2.6857071,-2.9084799,1.6714805
-2.6857147,-2.3290098,1.7195146
-2.6857147,-2.3315754,1.8919538
-2.6857147,-1.6637224,1.7260908
-3.3571472,-2.0739527,2.0905659
-2.6857147,-2.5232923,1.8753256
-3.3571472,-2.3668337,1.8683248
-3.357132,-2.0216551,2.0004187
-3.3571472,-3.0757945,2.2259459
-3.357132,-2.9884286,1.9757628
-4.0285797,-3.7206705,2.0927997
-4.0285797,-4.0668726,2.0608788
-4.6999969,-4.1195416,2.1869705
-4.6999969,-4.5586452,2.1455383
-4.0285797,-4.6010818,1.9757615
-4.6999817,-4.3538532,2.0287852
-4.6999969,-4.438436,2.1543415
-5.3714447,-4.3995895,2.2032199
-4.6999969,-4.0934281,2.0764468
-4.6999969,-4.0690737,1.9945892
-5.3714294,-4.0128479,2.1483157
-5.3714294,-3.8574688,2.1018369
-5.3714294,-3.2244503,2.0581532
-5.3714294,-3.2245421,2.1886272
-5.3714294,-3.4034331,2.1484561
-5.3714294,-3.4043589,2.1000884
-5.3714294,-3.6792581,2.1627824
-5.3714294,-4.0358858,2.2259922
-5.3714142,-5.8303514,2.1642475
-4.7000122,-5.182035,1.859638
-4.7000122,-4.5871916,1.8888347
-5.3713989,-4.3569441,2.1452589
-4.028595,-3.4389863,1.8814595
-4.6999817,-4.1275907,2.1410491
-4.7000122,-3.358223,2.1820776
-4.0285645,-3.5914736,2.0340292
-4.0285645,-3.5845406,2.0061002
-4.0285645,-3.199825,2.0560291
-4.028595,-2.864754,2.1783173
-4.0285645,-3.4558206,2.1925581
-4.028595,-3.3880072,2.1582401
-4.6999817,-3.6383603,2.2963517
-4.0285645,-3.9868386,2.1337063
-4.028595,-3.8507967,2.0636735
-4.0285339,-3.8074915,1.9938704
-3.3571472,-3.4896734,1.9648401
-4.028595,-1.8541538,2.0066564
-3.3571472,-2.6088767,2.1349335
-3.3571167,-2.9819293,2.0675874
-3.3571472,-3.1691356,1.9268601
-3.3571472,-3.2754889,1.9899122
-3.3571472,-3.1585114,2.0410116
-3.3571472,-3.3364949,1.9490098
-3.3571472,-2.8323772,1.8261733
-3.3571472,-2.9721892,1.9510159
-3.3571472,-2.8397529,1.7574601
-3.3571167,-3.1298428,1.807963
-2.68573,-3.1999927,1.6146102
-2.6856995,-3.0931699,1.7536136
-2.0143127,-2.9069171,1.6236331
-2.0142517,-2.7852859,1.6697363
-2.68573,-2.6965995,1.8217553
-1.342865,-2.7715299,1.6040453
-2.0142517,-2.7381699,1.7490504
-2.0143127,-2.529094,1.707508
-1.342865,-2.8219192,1.6729892
-1.342865,-2.8774474,1.5116498
-2.0142822,-3.4482288,1.7455864
-1.3428345,-3.1066244,1.4853387
-2.0143127,-3.8574245,1.7359307
-1.3428345,-3.2796571,1.4682535
-1.342865,-4.1090403,1.544646
-1.3428345,-3.2154455,1.3861337
-1.3428955,-3.674017,1.5738676
-1.3428345,-2.8045449,1.3849821
-0.67141724,-3.0338056,1.4548141
-0.67144775,-2.4873738,1.3159647
-1.342865,-2.395925,1.559146
-1.342865,-2.2875717,1.6218251
-1.3428345,-2.5982399,1.5919698
-1.3428345,-2.2005458,1.4604704
-1.3428955,-2.0756629,1.5802274
-0.67141724,-2.2340746,1.4430742
-1.342865,-1.7911131,1.559731
-1.342865,-1.9415355,1.596809
-1.3428345,-1.3126103,1.5245811
-1.342865,-1.8082694,1.7150674
-1.3428345,-1.7007035,1.5145677
-2.0143127,-2.0703435,1.7896616
-1.342865,-1.7232037,1.4719862
-1.3428345,-2.0614696,1.623522
-1.342865,-2.4363892,1.4832757
-1.342865,-3.0526896,1.492107
-2.0142822,-3.2065997,1.4629817
-1.342865,-3.3353941,1.3452097
-1.342865,-3.6143641,1.3085831
-0.67141724,-3.4497457,1.1180855
-1.3428345,-3.1383142,1.2299576
-1.3428955,-2.9699566,1.26302
-0.67141724,-3.1723752,1.1359563
-0.67141724,-2.6699591,1.0429126
0,-2.8606992,1.0599355
-0.67141724,-3.0462558,1.1580652
-0.67144775,-2.8489177,1.0770774
0,-2.9159348,0.9600684
0,-2.5321808,0.89653009
0,-2.4306169,0.99596947
0,-2.384459,1.0114427
0,-2.3758595,0.94613749
0,-2.2426693,0.90489918
0,-2.4355443,0.91554475
0,-2.2738934,0.81485879
0,-2.2930925,0.82717681
0,-2.3146122,0.75795811
0,-2.1989429,0.72022843
0,-2.1455078,0.67700189
0,-2.0624003,0.61520171
0,-1.9757496,0.56703287
0,-1.8244029,0.52364194
0,-1.532263,0.47485906
0,-1.2368175,0.44131929
0,-0.90156269,0.40793255
0,-0.54203248,0.38298061
0,-0.17310786,0.38876247
0,0.21315835,0.37190798
0,0.4318845,0.37809572
0,0.6379773,0.37860861
0,0.77232528,0.37153885
0,0.78376853,0.3564682
0,0.80450189,0.33306262
0,0.71778953,0.3065646
0,0.73059231,0.27579087
0,0.75231785,0.24233186
0,0.79806644,0.21534263
0,0.89887071,0.18506265
0,1.0009495,0.15918307
0,1.058857,0.14274894
0,1.2038425,0.11904819
0,1.3232782,0.097301006
0,1.4070848,0.08514785
0,1.4504485,0.052684344
0,1.3838966,0.029968301
0,1.4174235,-0.003811263
0,1.4901453,-0.036746066
0,1.5908585,-0.069343463
0,1.6840254,-0.099939749
0,1.7474655,-0.12919208
0,1.8649395,-0.15665309
0,1.9715589,-0.18761256
0,2.0519056,-0.21779133
0,2.1183069,-0.24594435
0,2.1320891,-0.2822845
0,2.1500411,-0.31319779
0,2.1637683,-0.36278263
0,2.1337306,-0.40802956
0,2.119312,-0.46519053
0,2.1390605,-0.51815528
0,2.1521974,-0.57516599
0,2.219703,-0.63824564
0,2.3100412,-0.69992262
0,2.4844437,-0.76040089
0,2.6195252,-0.81409496
0,2.7565367,-0.87321818
0.67144775,2.9463897,-1.0629709
0,3.0983138,-0.99540406
0,3.3314369,-1.0471821
0,3.5464342,-1.1170428
0,3.743654,-1.1635135
0,4.5267706,-1.2637454
0,4.2321272,-0.98111767
0,3.929594,-1.1655605
0.67141724,4.066638,-1.4807593
0,4.2309828,-1.4177599
0,4.7244444,-1.531172
1.3428345,5.1514668,-1.82112
1.3428955,5.7223701,-1.8591733
1.3428345,6.2450166,-1.7122498
2.0142822,6.1762686,-1.775032
2.0143127,6.3477788,-1.8309419
2.0142517,6.730134,-1.7507243
2.0143127,6.7615371,-1.7690963
2.6856995,6.7859645,-1.9047099
2.0143127,6.9126344,-1.7152947
2.6856995,6.5763378,-1.8660984
2.6856995,6.5857477,-1.8667794
2.6856995,6.7014065,-1.911368
3.3571472,6.3298564,-2.0117824
2.68573,6.2040138,-1.8993593
2.6856995,6.0963144,-1.8523561
4.028595,6.3511348,-2.1407518
2.68573,5.9024558,-1.8082167
4.0285339,6.0318694,-2.1450069
3.3571472,5.8983407,-1.9466079
4.0285645,5.2590408,-2.151967
3.3571777,5.3559346,-2.035413
4.0285645,6.0406809,-2.2370503
4.0285339,5.8631701,-2.1505394
3.3571777,5.9197364,-1.8694317
3.3571472,5.5060086,-1.838891
4.0285645,4.9690814,-2.0847826
2.6856995,5.0359321,-1.8532051
3.3571472,4.7729173,-2.0444221
3.3571472,4.7802835,-2.0180471
2.6856995,4.7772393,-1.9515411
3.3571472,4.0059652,-2.0211835
2.68573,3.2995763,-2.0462997
3.3571167,3.587379,-2.3384454
2.68573,3.4702961,-2.2826304
2.6856995,3.5676582,-2.3421721
2.68573,4.1714644,-2.349344
2.68573,4.217155,-2.2634194
2.6856995,4.149435,-2.3454094
2.68573,3.9563258,-2.3618219
2.6856995,4.0962887,-2.2526875
2.68573,4.4724073,-2.4144931
2.68573,4.6488104,-2.3743932
3.3571167,5.1667771,-2.4887571
2.68573,5.0972652,-2.3946745
3.3571472,4.9219427,-2.4365017
2.6856995,5.4645848,-2.3482957
2.68573,5.2738271,-2.394011
2.6856995,4.7465873,-2.3478041
2.6856995,4.9228282,-2.4753656
2.68573,4.887217,-2.4823811
2.6856995,5.1626015,-2.5282688
3.3571472,4.5970902,-2.6092794
3.3571472,4.8748674,-2.6746216
3.3571472,4.6369133,-2.5736151
3.3571472,5.0012798,-2.6268814
4.0285645,5.8105993,-2.7445686
3.3571472,4.9164715,-2.6900666
4.0285645,5.838696,-2.6595201
3.3571472,6.5455651,-2.6390722
4.0285645,5.3532171,-2.7130659
4.0285645,6.2743931,-2.712574
4.0285797,5.8257995,-2.7699168
4.0285797,4.5867028,-2.8403566
4.6999969,4.7503176,-3.014287
4.6999969,4.2511258,-3.0010006
4.0285797,5.05162,-2.8681326
4.6999969,5.0523205,-2.8772442
4.6999969,4.4151669,-2.7064452
4.6999969,4.8293166,-2.6454558
4.7000122,4.4364958,-2.7682235
4.6999969,3.7116795,-2.8284955
4.6999969,4.516057,-2.861696
5.3714294,4.3006129,-2.9153843
4.6999969,3.9765165,-2.7934194
4.6999969,3.8755403,-2.7065847
5.3714294,3.4027169,-2.9457841
4.6999969,2.3894217,-2.7706003
4.6999969,3.0364892,-2.8892205
5.3714447,2.459182,-2.8286049
5.3714142,3.5629396,-2.9114308
4.7000122,4.0889292,-2.7778108
5.3714142,3.6364739,-2.841172
4.7000122,3.1399574,-2.6899884
5.3714142,3.7296777,-2.9198012
4.7000122,3.8436434,-2.5335937
4.6999969,4.9357615,-2.6299269
5.3714218,3.5542085,-2.4455943
4.7000046,4.8090229,-2.7802324
4.6999969,4.5436378,-2.6487384
5.3714294,3.8884571,-2.6968975
4.0285721,4.1658792,-2.3525195
5.3714294,4.9075594,-2.7197537
4.0285797,4.2233086,-2.3418877
5.3714218,5.8420615,-2.6205473
4.0285797,4.2620449,-2.2956977
4.6999969,4.0100965,-2.4888294
4.6999893,4.7753325,-2.4146099
4.0285797,3.8940635,-2.2150347
4.6999969,4.4498539,-2.4879892
4.0285721,4.6135926,-2.4431672
4.7000008,4.2746429,-2.3966639
4.0285721,4.3422127,-2.4606297
4.0285721,4.5723352,-2.3418868
4.0285683,3.9841163,-2.2371721
4.0285721,4.0392323,-2.6299467
3.3571434,4.6074295,-2.2481487
4.0285721,4.4918847,-2.4771469
4.0285721,3.9551957,-2.4860723
4.7000008,4.2728415,-2.6754999
4.0285721,3.3572628,-2.3215606
4.6999989,2.6856139,-2.5444562
4.6999998,3.8098035,-2.5502739
4.0285716,3.9068115,-2.4253337
5.371429,3.5125799,-2.690284
4.7000003,4.0990753,-2.4115126
4.7000003,3.7414081,-2.5531518
5.3714285,4.2066126,-2.6227386
5.3714275,5.1573215,-2.5124879
5.3714294,4.3662286,-2.497628
5.3714294,4.7062149,-2.4673498
5.3714294,3.7637002,-2.4935954
6.0428543,4.805172,-2.7054605
5.3714294,4.265636,-2.4968522
6.0428543,4.5815558,-2.6969812
6.0428619,3.9299488,-2.5361867
6.0428543,4.2348928,-2.5580397
5.3714294,4.8252096,-2.2445879
6.0428543,4.9043078,-2.2903414
5.3714371,5.3831315,-2.2531304
6.0428543,4.2481809,-2.2423999
5.3714294,4.3036642,-2.2502105
6.0428543,3.355165,-2.2407827
5.3714294,2.1954975,-2.0995345
6.0428619,2.74492,-2.3374519
5.3714218,2.5381737,-2.1179421
5.3714294,2.1961884,-2.2477314
6.0428619,2.751615,-2.396965
5.3714218,2.5123215,-2.1615746
5.3714294,2.2627211,-2.0580332
5.3714294,2.5348272,-2.053283
5.3714294,1.4903313,-1.9442375
5.3714294,1.9283413,-2.1028843
5.3714294,1.5243744,-1.9460754
5.3714142,1.2389597,-2.1552203
5.3714447,1.1333845,-2.2388611
4.6999969,0.9113403,-2.0877211
5.3714294,1.0053859,-2.1072507
5.3714294,0.70716685,-2.0215056
4.6999969,1.1048676,-1.8594086
4.6999969,0.5741958,-1.930449
5.3714447,0.93501216,-2.1858764
4.6999969,0.41320854,-1.9471365
4.6999969,0.40276185,-1.9208345
5.3714294,0.22124328,-2.1492882
5.3714142,0.31638476,-2.1531477
5.3714447,0.5423708,-2.165082
5.3714294,0.6063624,-2.1660309
4.6999969,1.0718358,-1.9862758
4.6999969,0.82116395,-1.7792153
5.3714294,0.92841965,-1.8854868
5.3714142,0.89530772,-1.7651604
4.7000122,0.51956278,-1.6167613
4.7000122,0.36128348,-1.5263418
4.6999817,0.45636335,-1.5411462
4.7000122,0.41929168,-1.4809424
4.0285645,0.3187134,-1.3366454
4.0285645,0.65847903,-1.2418211
4.0285645,0.51942438,-1.1846892
4.028595,0.36919838,-1.118472
2.6856995,0.31751838,-0.79162586
3.3571777,0.27697346,-0.82860243
3.3571167,0.0162619,-0.74921948
2.68573,-0.41282684,-0.60817683
1.3428345,-0.70443547,-0.21024095
2.68573,-0.94236183,-0.43712172
1.342865,-1.0681885,-0.11484151
0.67141724,-1.4389664,0.12329757
0.67141724,-1.4079856,0.11637713
0.67141724,-1.9651343,0.24368942
0,-2.0390618,0.361417
0,-2.2697988,0.49297252
0,-2.7136734,0.55612159
0,-2.8455782,0.64103371
0,-3.4730513,0.75997996
0,-3.7096431,0.78935188
0,-4.2139697,0.90767461
0,-4.6306157,0.96004486
0,-5.0372357,1.0352888
0,-5.4238682,1.1323186
-0.67141724,-5.5748692,1.2247261
0,-5.5290217,1.3240204
0,-6.2033811,1.3769946
0,-6.3148623,1.4416976
0,-6.7020078,1.5605357
0,-7.0869508,1.6196243
0,-7.1365175,1.71683
0,-7.4558353,1.8356396
0,-7.6865859,1.9044431
0,-7.9727859,2.0118995
-0.67141724,-8.3893623,2.2377536
-1.342865,-8.7441406,2.3895147
-1.342865,-9.1603136,2.4012024
-2.0142822,-9.2638493,2.5394471
-2.0142822,-9.9529505,2.6389942
-3.3571472,-10.109999,2.8577008
-2.68573,-10.637864,2.741677
-4.0285645,-10.875479,2.9220629
-3.3571167,-10.993889,2.7346413
-4.7000122,-11.068706,3.0100732
-4.0285645,-11.453341,2.7916229
-4.7000122,-11.051922,2.9687207
-4.7000122,-11.437,2.8281832
-5.3713989,-10.427978,2.8748751
-5.3714447,-10.138998,3.0462265
-4.6999969,-10.039268,2.7989147
-6.0428467,-10.081697,2.9502728
-5.3714447,-9.7088976,2.822309
-5.3714142,-10.406686,2.7078915
-6.0428772,-9.5313463,2.8498347
-6.0428467,-10.283421,2.8575466
-5.3714142,-10.124073,2.7296045
-6.0428619,-10.385946,2.7597489
-6.0428772,-10.094143,2.8150234
-5.3714142,-9.6599884,2.5915852
-6.7142944,-9.9958,2.8535788
-5.3714142,-9.8088121,2.6000795
-6.7142944,-10.019098,2.9583817
-6.0428467,-9.5317822,2.8071351
-6.0428619,-10.929399,2.7295697
-6.7142944,-8.9715939,2.5090232
-6.7142792,-9.0547028,2.7801948
-6.0428619,-8.1491041,2.6000097
-6.7142792,-8.5649662,2.7104173
-6.7142944,-7.4638448,2.5458138
-6.7142792,-7.4151931,2.656868
-6.7142944,-6.2315173,2.5787089
-6.7142792,-6.8743267,2.7355127
-7.3857193,-6.789732,2.6871121
-6.7142792,-6.920011,2.4625394
-6.7142868,-6.0121894,2.3825386
-7.3857117,-6.0914326,2.611166
-7.3857193,-6.3326416,2.4120586
-6.7142792,-5.2888288,2.6660388
-8.0571518,-4.406004,3.1053123
-8.0571442,-4.8978114,3.3001783
-8.0571404,-19.071552,3.5473843
-8.0571404,-32.756359,3.6667624
-9.4000015,-30.548731,4.177928
-8.0571442,-31.333248,3.5590813
-8.7285709,-31.309652,3.4770942
-8.7285709,-29.046087,3.1207259
-8.0571432,-25.951321,2.9075134
-8.7285709,-24.062559,3.2400165
-8.7285709,-21.556952,3.1349528
-8.7285728,-20.621674,3.2796218
-8.0571442,-18.999468,2.993726
-8.728569,-16.205065,3.1751144
-8.0571404,-15.369961,3.092047
-8.0571442,-13.073821,3.1094115
-8.0571442,-13.288457,3.2767088
-8.728569,-12.064306,3.2483933
-8.7285767,-11.52531,3.4944513
-8.0571442,-10.649563,3.3270848
-8.0571442,-11.968832,3.3233063
-8.728569,-13.035052,3.1344209
-8.7285767,-12.530081,3.0549366
-8.0571365,-12.706974,2.8773224
-7.3857117,-13.453034,2.4836433
-7.3857117,-12.816553,2.185348
-6.7142944,-11.814997,2.0934174
-6.7142792,-10.76474,2.1038873
-6.0428619,-10.183891,2.3226662
-6.0428619,-9.3976593,2.2799006
-5.3714142,-9.8850183,2.2342813
-6.0428619,-9.0958147,2.3134604
-5.3714294,-7.0815334,2.0560141
-5.3714294,-6.4639978,2.239656
-5.3714294,-5.3325176,2.2616396
-5.3714294,-5.5799356,2.3417668
-5.3714294,-5.9891605,2.2847579
-5.3714142,-5.3139672,2.223218
-5.3714447,-5.070353,2.2443624
-4.6999969,-4.9867072,2.0688391
-5.3714294,-4.7830157,2.1645753
-4.6999969,-5.1696091,2.1363039
-4.6999969,-5.7117825,2.1508911
-4.7000122,-4.8144765,1.9576083
-4.6999969,-5.2684221,2.0075719
-4.0285645,-4.5641799,1.8461887
-4.7000122,-4.8202744,2.1209946
-4.0285492,-4.7558703,1.8901013
-4.7000122,-4.0895762,1.910085
-4.0285645,-4.5307326,1.9522702
-4.028595,-4.6095738,1.8201872
-4.6999817,-3.8452182,2.1484609
-4.0285645,-5.19803,1.9581786
-4.7000122,-4.6619062,1.9035848
-4.0285645,-4.5352354,1.8032806
-4.028595,-4.1182737,1.8189254
-4.0285339,-4.2321329,1.864819
-4.028595,-4.0019894,1.902719
-4.0285645,-4.217905,1.8563021
-4.0285645,-4.398047,1.7336208
-3.3571472,-4.0032082,1.658937
-3.3571777,-3.9625216,1.734575
-4.0285339,-4.4484534,1.9759008
-2.68573,-4.4860024,1.6861823
-4.0285645,-4.6364799,1.8889287
-2.6856995,-4.7781496,1.6599408
-3.3571472,-4.522799,1.798867
-3.3571472,-4.1342006,1.6425192
-2.6856995,-3.7900999,1.6783684
-3.3571777,-3.6405771,1.8437073
-3.3571472,-3.5147517,2.1434309
-2.6856995,-3.6121387,1.9717491
-4.0285645,-3.5684392,2.1842053
-3.3571472,-4.4091601,2.0844626
-3.3571472,-4.1489902,1.8808107
-4.028595,-4.245163,2.0789385
-2.6856995,-3.9341497,1.8611963
-4.0285645,-3.8327065,2.201524
-2.68573,-3.6423035,2.0474539
-4.0285339,-4.2727914,2.3771896
-3.3571472,-3.9983919,2.2126012
-3.3571472,-4.3457704,2.0998752
-4.028595,-3.4830763,2.3205445
-4.0285339,-4.6088204,2.6124547
-4.028595,-4.1767821,2.3795133
-4.0285645,-3.7230294,2.4606936
-4.0285645,-4.2582707,2.5151021
-4.7000122,-4.0918627,2.704988
-4.7000122,-4.6799397,2.6883914
-5.3713989,-4.3611712,2.8611019
-4.7000122,-4.6794481,2.7726092
-5.3714294,-5.1001368,2.8528025
-5.37146,-5.8305144,2.822217
-6.0428467,-5.5385661,2.9656773
-5.3714294,-6.1556654,2.8588495
-6.7142639,-5.5428357,3.1624925
-6.0428772,-5.5938139,3.0263369
-6.0428467,-4.7649312,3.04194
-6.7142639,-4.4986892,3.1088948
-6.7142944,-4.3712692,3.2549009
-6.7142944,-5.1110663,3.2243578
-6.7142944,-4.6135149,3.212631
-7.3857117,-4.8006468,3.1780825
-7.3857117,-3.7909408,3.4193602
-7.3857117,-4.5478349,3.4075179
-7.3857422,-4.4255447,3.3905549
-7.3856812,-4.2043805,3.2737606
-8.0571289,-3.9262142,3.5142827
-7.3857422,-3.4805732,3.4183574
-8.7285767,-3.7542353,3.7523737
-8.0571289,-3.7677867,3.6418502
-8.7285767,-4.1672163,3.7109876
-8.7285767,-4.6977949,3.5426695
-8.7285767,-3.7227614,3.5167148
-8.7285156,-3.9130778,3.6074541
-8.7285767,-4.8313293,3.5468571
-9.4000244,-5.5272317,3.4876621
-8.7285767,-6.8113651,3.1272018
-8.7285767,-8.6419573,2.8539104
-8.7285767,-9.4638777,2.696106
-8.7285767,-9.0976896,2.573992
-8.0571289,-8.8780518,2.3874207
-7.3857422,-8.1456995,2.2523437
-7.3857422,-8.4985409,2.2182548
-6.7142334,-8.0545187,1.7913868
-6.0428467,-7.8013134,1.5450721
-6.0429077,-6.5015168,1.5196353
-5.3713989,-4.9748454,1.4152985
-5.37146,-4.1073289,1.7691197
-4.0285034,-3.8885579,1.8204629
-5.37146,-4.2780161,2.1038492
-4.0285645,-4.7380724,1.8070252
-4.0286255,-4.4537454,1.6195028
-4.0285034,-4.1997914,1.553336
-4.0285645,-3.5988104,1.5620245
-4.0286255,-3.1839504,1.6601268
-4.0285034,-3.1775174,1.7315034
-3.3571777,-2.9334714,1.4469366
-3.3571777,-2.512228,1.4093745
-3.3571167,-2.2517369,1.4307984
-3.3571777,-1.9785218,1.3961004
-3.3571167,-2.0395253,1.4018722
-2.6856689,-1.5598937,1.2158458
-3.3571777,-1.4257655,1.3898062
-2.0142822,-1.2746027,1.0917317
-2.0142822,-1.097105,1.0457625
-2.6856689,-0.98307139,1.1961758
-2.0143433,-0.76704091,1.0240568
-2.0142822,-0.61710078,1.0142463
-1.3428345,-0.57632762,0.85076004
-1.3428955,-0.2244314,0.80725646
-1.3428345,-0.003098171,0.81828898
-1.3428345,0.18206623,0.81907141
-1.3428955,0.270037,0.81023973
-0.67144775,0.28390944,0.65587199
-0.67138672,0.67329228,0.5602808
-1.3428955,0.84027117,0.73265797
0,1.041374,0.44329056
0,1.0918953,0.44372565
0,1.0902429,0.47412401
0,1.0515,0.42821339
0,1.0679783,0.39273676
0,1.0786595,0.36075526
0,1.1578469,0.31348979
0,1.1890889,0.26919836
0,1.2530931,0.22779469
0,1.2166296,0.16830909
0,1.3237836,0.11967351
0,1.3515691,0.059808794
0,1.3317461,-0.011387728
0,1.3355789,-0.0740031
0,1.3710891,-0.15312389
0,1.5360032,-0.2308221
0,1.5180465,-0.3154375
0,1.6329114,-0.39919519
0,1.6980312,-0.49074566
0.67144775,1.6789519,-0.73402762
0.67144775,1.694001,-0.84294724
0.67138672,1.7340986,-0.96712089
0.67144775,1.8197776,-1.0928258
0.67138672,1.8528558,-1.23353
0.67150879,1.9406836,-1.3711013
1.3428345,2.8616281,-1.6869304
1.3428345,2.9538293,-1.4166381
1.3428955,1.992404,-1.6498467
2.0142822,3.0087025,-2.2319798
2.0142212,2.9663999,-2.2255599
2.685791,3.1937456,-2.5128293
3.3571167,3.417918,-2.7620389
3.3571167,3.0292864,-2.9955649
4.0286255,3.7570152,-3.3587537
4.6999512,3.5009334,-3.5948052
5.37146,3.2315581,-3.9385178
6.0428467,4.4899635,-4.283968
6.0428467,4.9726396,-4.1456432
7.3857422,4.5937901,-4.5075297
8.0571289,4.6140113,-4.590414
8.7285767,6.415051,-4.889606
9.4000244,7.4441319,-4.7984366
10.071411,9.5111609,-4.8294368
10.071411,9.2742891,-4.5175834
10.742859,8.9555664,-4.285089
11.414246,12.16511,-4.6108003
10.742859,12.021448,-4.1149101
12.085754,11.562314,-4.4175
11.414307,11.139729,-3.7129774
11.414246,10.899311,-3.81005
11.414307,10.617416,-3.5502958
11.414307,11.514935,-3.6412902
10.742859,10.228496,-3.3343663
10.742798,9.8224297,-3.4425564
10.071472,9.352562,-3.1466208
10.071411,9.4202461,-3.1438344
10.742859,8.846693,-3.2377403
9.4000244,9.3733568,-2.8495743
9.3999634,7.1730237,-2.8113985
9.3999939,7.9671631,-3.1104608
9.4000244,7.4727216,-3.025691
8.0571289,7.0983615,-2.6947739
8.7285767,7.2121062,-2.7915568
8.7285767,5.5273213,-2.7518258
8.0571594,5.8630881,-2.8440466
7.3857117,6.4694257,-2.6038554
7.3857117,4.8934932,-2.372494
8.0571289,5.8631549,-2.861892
6.7142944,5.2839561,-2.5501134
7.3857422,5.5823374,-2.635982
6.7142639,4.9227185,-2.6488135
7.3856812,5.9070964,-2.7812688
6.0428772,4.3178048,-2.3535745
6.7142944,4.6884565,-2.5356181
6.0428772,3.4833326,-2.5044334
6.7142639,3.1098216,-2.6425443
6.7142639,3.1537168,-2.5977354
6.714325,2.7573571,-2.4268136
6.0428467,1.9377806,-2.4179931
6.0428467,2.6946306,-2.3805449
6.0428772,2.1920502,-2.1939845
5.3714294,1.9759969,-2.0373192
6.0428467,1.56021,-2.222158
5.3714294,0.47151127,-2.2155592
5.3713989,1.2629617,-2.2988544
5.3714294,0.20842914,-2.1180112
5.37146,-0.48811644,-2.3469181
5.3714294,0.3050946,-2.4675395
5.3714294,0.57137209,-2.26003
5.3713989,0.1743726,-2.2086289
4.7000122,0.14110672,-2.2011011
5.3714294,-0.055466421,-2.2314229
4.7000122,-0.26500395,-2.1095748
5.3714294,0.18388478,-2.1417534
4.6999817,0.69778311,-2.0961764
4.7000122,2.3590817,-2.0906432
4.6999817,2.1402299,-1.892681
4.7000122,2.8220196,-2.1294358
4.0285645,2.49769,-1.7482722
5.3714447,2.6873586,-2.2245936
4.0285797,3.1218555,-1.8808119
5.3714142,3.3497887,-2.2625134
4.6999969,3.1642044,-2.0482159
4.7000122,3.8866518,-2.1428747
5.3714142,3.7357476,-1.9983889
4.7000122,3.7261975,-1.9342076
5.3714142,3.5156255,-2.0049536
4.6999969,3.1813636,-2.0594182
5.3714447,3.1027942,-2.0983965
5.3714294,3.3806512,-2.2515659
4.6999969,4.0427485,-1.8632721
4.6999969,2.9771743,-1.651891
5.3714294,3.103554,-2.0093095
4.6999969,1.4653243,-1.7942764
4.6999969,1.3908958,-2.0910184
4.0285797,1.1047279,-1.975244
5.3714294,0.80052966,-2.3695698
4.0285645,1.3058882,-2.1534443
5.3714294,0.9410432,-2.3442051
4.6999969,0.1814111,-2.1974494
4.6999969,-0.53327394,-2.3770168
5.3714447,-0.8485198,-2.5893629
5.3714294,-0.91032898,-2.5630081
6.0428619,-1.3337934,-2.682503
6.0428467,-0.63968003,-2.864526
5.3714294,-1.471122,-2.4484963
6.7142868,-1.3378546,-2.7911448
6.0428543,-1.2447973,-2.6934538
6.7142944,-0.74290061,-2.897826
6.7142792,-0.36484954,-2.8579094
7.3857193,-0.30988199,-2.9300377
6.7142792,1.928838,-2.7654438
6.7142868,1.2729944,-2.6509521
7.3857117,0.66308451,-2.91132
7.3857155,0.63652569,-2.9597092
6.7142906,1.2674692,-2.8124461
7.3857117,1.6969576,-2.8981826
7.3857155,0.87630022,-2.7675548
7.3857117,0.19448419,-2.7989762
7.3857155,0.88840497,-3.0227685
7.3857136,0.91133648,-2.7539368
7.3857155,0.97397327,-2.759567
7.3857145,0.55837429,-2.7326946
7.3857145,0.34896681,-2.8230565
7.3857136,0.39096618,-2.8316627
7.3857155,-0.019071916,-2.8734062
7.3857155,0.22258994,-2.9061766
7.3857136,0.38920948,-2.9821994
6.714283,0.72751993,-3.013315
6.0428619,0.49052286,-2.8856111
6.0428543,0.48969826,-2.6396847
5.3714294,-0.027224414,-2.6310706
4.7000008,0.47226432,-2.5049906
4.6999969,1.1775888,-2.3951197
4.7000046,0.92267883,-2.4180062
4.6999969,0.90794986,-2.5994761
4.0285721,1.75407,-2.2997875
4.0285645,0.84428889,-2.2732162
4.0285797,0.37521523,-2.4059577
4.0285645,1.3459262,-2.3485622
4.0285797,1.2061316,-2.3267198
3.3571396,0.83542556,-2.1682541
4.0285721,1.0330405,-2.3867984
3.3571472,0.72891843,-2.1222563
4.0285645,0.39738429,-2.3728044
3.3571472,0.5114429,-2.2351952
4.0285721,0.68582213,-2.4230676
3.3571472,-0.4781799,-2.0915649
4.0285645,-0.55546224,-2.468899
4.7000046,-0.23966326,-2.5940745
4.0285645,0.37196407,-2.2489181
4.6999969,-0.13154307,-2.4272199
5.3714294,-0.79293209,-2.4754055
4.7000122,-0.09117844,-2.4647994
5.3714142,-0.39608774,-2.4131975
5.3714447,-1.0628059,-2.2720673
5.3714294,-0.94194734,-2.3654063
5.3714142,-0.21139425,-2.3250504
6.0428619,-0.24830185,-2.3920386
5.3714294,0.074010305,-2.0716391
5.3714294,1.3005924,-2.0744154
5.3714294,0.95947266,-1.9929403
5.3714294,0.68752801,-1.951707
5.3714294,0.50113803,-2.0005794
5.3714294,0.10790843,-1.9612015
5.3714294,-1.5586237,-1.9464351
5.3714294,-1.996084,-2.0819225
6.0428619,-1.6370037,-2.3384612
5.3714142,-1.1628495,-1.9963963
6.0428619,0.090387739,-2.0390868
5.3714294,0.23042861,-1.6376858
5.3714294,-0.12759109,-1.4917749
5.3714142,-0.3224923,-1.3364507
5.3714294,-0.84171569,-1.4329171
4.028595,-1.0281426,-1.3241793
5.3713989,-0.47063327,-1.5721792
4.028595,-0.774625,-1.2354218
4.0285645,0.17788459,-1.0786252
4.0285645,-0.19067875,-0.92217845
4.0285645,-1.1555725,-0.96404868
3.3571472,-0.62669289,-0.89750391
3.3571472,-0.85608387,-0.79492235
2.6856995,-1.6951027,-0.51764095
2.68573,-1.8734884,-0.58084476
2.0142822,-2.2629304,-0.34536606
2.0143127,-3.1634526,-0.30752581
1.3428345,-3.9059851,-0.27256498
1.342865,-4.3686872,-0.23255654
0.67141724,-4.4824028,-0.11868915
0.67144775,-4.7210097,-0.073927656
0.67141724,-5.0139151,-0.054123357
0,-5.2714581,0.019957073
0,-5.2528243,0.006109148
0,-5.3835063,0.11957488
0,-5.4411912,0.096848674
0,-5.6173267,0.20142499
0,-5.7086101,0.18037383
0,-5.9337907,0.26349378
0,-6.0372949,0.28357786
0,-6.1275659,0.33406946
0,-6.2129803,0.38359392
0,-6.2252307,0.43435881
0,-6.3381653,0.48679549
0,-6.3988051,0.54936767
-0.67141724,-6.4838076,0.73763198
0,-6.685617,0.66487861
0,-6.741816,0.70450675
0,-6.8666234,0.78083599
0,-6.9583378,0.86160153
0,-7.0647416,0.93869328
0,-7.1124954,1.0123187
0,-7.3193946,1.1078165
0,-7.3603973,1.0970684
0,-7.1263938,1.2918768
0,-7.5580101,1.3757734
0,-7.7090492,1.4372317
0,-7.7258096,1.5167209
0,-7.9652967,1.6547771
0,-7.9200153,1.739953
-0.67144775,-8.1432896,2.015568
-0.67141724,-8.4115953,2.1300635
0,-8.7202635,2.0579877
-1.342865,-8.9045486,2.4091878
-1.3428345,-9.1475515,2.4846344
-2.68573,-9.5130186,2.7881663
-2.6856995,-9.6412821,2.7759244
-2.68573,-9.9112997,2.8620033
-4.0285645,-10.092463,3.0751643
-4.028595,-10.079737,3.0852947
-4.0285645,-10.323866,3.1407497
-4.7000122,-10.156019,3.2675765
-4.6999817,-10.01082,3.3462832
-5.3714294,-10.490153,3.4498835
-6.0428467,-10.824595,3.597641
-6.0428772,-11.022159,3.5966611
-6.7142639,-11.450603,3.741365
-6.7142944,-11.039389,3.6359932
-7.3857117,-11.170435,3.8804193
-7.3857269,-10.10647,3.8106122
-8.0571289,-10.363612,4.0816703
-8.0571442,-10.468534,3.9923713
-8.7285767,-10.160865,4.1839871
-8.7285767,-9.7430506,4.0520763
-9.3999939,-10.232915,4.4958329
-9.3999939,-9.6219826,4.3888216
-10.071426,-11.25698,4.6667905
-10.071442,-10.290341,4.5375104
-10.742859,-11.150145,4.8801522
-12.085709,-10.806411,4.9535232
-11.414284,-12.453248,4.4576507
-12.757141,-10.665515,3.9271672
-12.085724,-9.4796696,4.0516362
-12.085709,-8.266345,4.2536807
-12.085716,-8.3436832,4.4606972
-12.757141,-8.6511793,4.5872855
-12.757145,-11.016504,4.4996076
-12.085712,-18.124079,4.6160231
-13.428572,-6.9298553,5.222527
-12.085715,-6.9976397,5.0049233
-12.757143,3.3346393,4.5896916
-12.757142,2.1772783,5.1387215
-13.42857,1.0588703,5.4597564
-13.428574,0.43803641,5.2333498
-13.42857,-4.0585432,5.4816537
-13.428574,-1.7096366,4.6444731
-13.428574,-3.2143416,4.7497411
-13.428574,-2.9030485,4.678813
-13.428566,-4.1021757,5.1424217
-12.757149,-5.5904851,4.7902622
-13.428566,-8.3227329,4.7450442
-13.428574,-8.064127,4.46421
-13.428574,-6.4804988,4.7042522
-13.428558,-5.3916726,4.7588878
-13.428589,-2.6578019,4.8561659
-13.428574,-2.9898064,4.9370289
-13.428574,-3.319452,4.595933
-13.428558,-8.8014593,4.5704446
-12.757156,-9.4801235,4.3177538
-13.428574,-8.4605227,4.3429203
-12.757111,-7.0274544,4.5346675
-12.757172,-7.8398499,4.7895532
-12.757141,-7.9180131,4.5427051
-12.757141,-7.2617121,4.8445144
-12.757141,-11.019466,4.727726
-12.757141,-16.61692,4.1705914
-12.757141,-15.914105,3.6251059
-12.085693,-16.925085,3.5317905
-11.414307,-17.827541,3.1311123
-11.414276,-17.515326,3.2553301
-10.071442,-17.273462,2.9915283
-10.071442,-17.206745,3.19098
-10.071411,-17.430721,3.1160736
-9.4000244,-16.453117,3.0256429
-8.7285767,-16.586832,2.8854573
-8.7285461,-15.777754,2.8499649
-8.0571289,-16.28393,2.6983624
-8.7285767,-16.451242,2.756707
-8.0571594,-15.755789,2.5943158
-7.3857117,-15.076817,2.5468326
-8.0571289,-14.250898,2.678257
-6.7142944,-13.660933,2.2363284
-6.7142944,-12.876814,2.2288785
-7.3856812,-12.511876,2.4142005
-6.714325,-11.774021,2.2341516
-6.0428772,-12.178109,2.1541946
-6.0428467,-12.560008,2.0185237
-6.0428467,-11.42163,1.9742857
-5.3713989,-10.739326,1.9301423
-5.3713989,-10.727424,1.8709413
-4.7000732,-10.772031,1.7847035
-4.7000122,-10.292994,1.6271408
-4.6999512,-9.2725496,1.6667567
-4.7000122,-8.9970922,1.7601423
-4.0285645,-9.3722734,1.5480744
-4.0285645,-8.8854761,1.3943305
-4.0285645,-8.7387447,1.3612099
-3.3571777,-8.124239,1.1803252
-3.3571777,-7.5615745,1.1593919
-3.3571167,-7.0971179,1.1318774
-3.3571167,-6.6215754,1.12389
-2.0143433,-5.9240007,0.85429668
-2.6856689,-5.5396705,0.89027208
-2.0142822,-5.2526236,0.73287249
-2.0142822,-4.8543639,0.7172541
-2.0142822,-4.403409,0.71479607
-1.3428955,-4.1529632,0.55003339
-0.67138672,-3.9421999,0.39308515
-0.67144775,-3.6447039,0.38499111
-0.67144775,-3.4386892,0.37582183
-0.67138672,-3.1514044,0.3499479
0,-2.9928131,0.19171378
0,-2.8685889,0.18108125
0,-2.6797125,0.1366045
0,-2.6278515,0.085109264
0,-2.5568833,0.022838615
0,-2.4633,-0.033149928
0,-2.3815734,-0.084873348
0,-2.1821871,-0.16032271
0,-2.1809371,-0.22705318
0,-2.1176546,-0.29267496
0,-2.0220599,-0.36719003
0,-1.8457052,-0.45688438
0,-1.7217331,-0.54122365
0.67138672,-1.7019633,-0.77067631
0,-1.5097148,-0.72164595
0.67144775,-1.3215451,-0.95680326
0.67144775,-1.3043985,-1.0810363
0.67138672,-0.25565964,-1.1339839
0.67150879,-0.29140517,-1.1279786
0.67138672,-0.17091079,-1.3771473
1.3428955,-0.064465895,-1.4974318
1.3428345,0.063491054,-1.6257173
1.3428345,0.32844949,-1.779514
1.3428345,0.32284719,-1.817348
2.68573,0.97231799,-2.2248502
2.68573,0.92703128,-2.220314
2.68573,0.88321346,-2.418463
4.0285034,0.20098424,-2.7578862
4.0286255,1.3309478,-2.8921249
4.0285645,0.48107094,-2.9843986
4.7000122,1.4086701,-3.2559118
4.7000122,1.7979476,-3.2333744
6.0428467,1.5261686,-3.7926207
6.0428467,0.53046185,-3.9649599
6.7142944,2.3393013,-4.0742478
8.0571289,1.1998421,-4.225287
8.0571899,1.1185752,-4.5827107
8.0570679,1.9315064,-4.8423605
9.4000244,1.5679592,-5.1905818
9.4000244,2.0543847,-4.9660482
10.742828,3.7282126,-5.4883003
10.742859,3.1856372,-5.3823318
12.085724,2.925281,-6.0389853
11.414276,3.3725412,-5.879446
12.757141,3.3307202,-6.0559368
13.428589,2.9547038,-6.698647
13.428558,7.5632529,-6.4214506
14.771423,7.5409813,-6.1985955
14.771454,4.7704301,-4.8910933
16.114288,4.264863,-5.2727647
14.771423,0.14979778,-5.0456724
14.771423,0.78536832,-5.0072255
14.771423,0.39304176,-4.9344053
14.771423,0.75850946,-4.8562455
14.100006,0.76430112,-4.4336782
14.100006,0.86825794,-4.3206992
13.428589,0.30474225,-3.8821259
14.099976,1.6552076,-4.0358367
12.757156,1.8885702,-3.4251399
13.428558,2.1691816,-3.3604703
12.757156,3.5173128,-3.3391006
11.414276,7.4974236,-2.8498745
12.085724,6.7439141,-2.7781808
10.742844,5.4521422,-2.4380531
10.742859,4.931839,-2.4183517
9.4000092,4.1632433,-1.9935275
9.3999939,4.7846208,-2.1546152
9.4000092,2.9044201,-2.0186882
8.0571442,2.0021362,-2.0233583
8.0571365,1.7894001,-2.0701697
7.3857117,1.8873689,-1.9519939
7.3857193,1.1786633,-1.9370023
6.7142792,1.2518169,-1.91232
6.7142868,0.55864394,-1.8973264
6.0428619,1.0069987,-1.8894207
6.0428543,0.94170326,-1.9317791
5.3714294,0.79942846,-1.7582357
6.0428543,0.63625383,-1.9088281
5.3714294,-0.11881792,-1.750219
4.7000008,-0.32987076,-1.9415613
5.3714333,-0.6004079,-2.4782059
5.3714256,-1.3630661,-2.5043159
4.0285721,0.38199273,-2.2312529
4.0285683,0.38489348,-1.9932004
4.0285721,0.12399774,-2.0392499
3.3571434,0.35230196,-1.9289663
3.3571434,0.49661803,-1.8616371
2.0142879,0.33180717,-1.5647097
2.0142841,0.14630443,-1.653249
1.3428574,0.19109362,-1.5612626
0.67142868,0.063191913,-1.587068
0.67142868,0.32797837,-1.7398299
0,0.41940752,-1.6052293
0,0.80434495,-1.7661982
0,1.2872313,-1.7978222
0,1.3572007,-1.7621247
0,1.6445314,-1.8569497
0,1.8860167,-1.8048251
0,1.8394908,-1.8069621
0,1.8980782,-1.8440813
0,2.2578764,-1.8771737
0,2.2434618,-1.8417265
0,2.2634649,-1.8452439
0,2.2928112,-1.8660716
0,2.3966165,-1.8628991
0,2.2709627,-1.8061786
0,2.1771016,-1.8113402
0,1.6655107,-1.8068994
0,1.5880721,-1.9293351
0,1.4891801,-1.9584674
0,1.4903083,-1.9951812
0,1.456468,-2.0023763
0,1.3940417,-2.0276318
0,1.4357377,-2.0388441
0,1.319167,-2.0440786
0,1.4070524,-2.0777493
0,1.4363501,-2.0825629
0,1.395938,-2.0704725
0,1.4963135,-2.1080437
0,1.2788671,-2.0677917
0,0.94826514,-2.1528218
0,1.1886785,-2.2100592
0,1.2182029,-2.1263702
0,1.0002494,-2.1348331
0,0.61047077,-2.1846657
0,0.6348967,-2.3153417
0,0.64025122,-2.2840123
0,0.55078644,-2.3178182
0,0.77568424,-2.355335
0,0.78227055,-2.3209939
0,0.93550736,-2.3655412
0,1.0991408,-2.3760307
0,1.2957857,-2.3831124
0,1.4619399,-2.415781
0,1.7473534,-2.3889573
0,1.8326416,-2.4001553
0,1.9241838,-2.3990791
0,1.841596,-2.3807366
0,1.9005529,-2.4325984
0,1.7792341,-2.4698331
0,1.9127207,-2.5028236
0,1.9619772,-2.5118303
0.67142868,2.0588067,-2.7109807
0.67142868,2.2495906,-2.6866813
0.67142677,2.450418,-2.6819329
1.3428593,2.3918593,-2.6877515
2.014286,2.2127504,-2.8190382
1.3428574,2.4757328,-2.6832488
2.6857128,2.4995184,-2.954716
1.3428583,2.6349232,-2.5364451
2.6857138,2.1903033,-2.8879693
2.6857138,1.6879357,-2.8990972
2.014286,1.2224013,-2.7680304
3.3571434,1.103839,-3.080652
2.685714,0.92591625,-3.0124471
2.6857142,1.3318188,-2.9464726
3.3571429,1.0440893,-3.0150516
3.3571429,0.85731602,-3.0435793
4.0285711,0.090785593,-3.2915039
4.0285711,0.64396799,-3.1283886
4.7000017,0.22086816,-3.361834
4.6999989,1.1867089,-3.2259278
4.0285721,0.59784913,-3.0643547
5.3714256,0.54388726,-3.3581746
4.7000008,0.59529775,-3.2591927
4.7000046,0.60266095,-3.0030816
5.3714256,-0.86291653,-3.2295275
5.3714294,1.5625904,-3.183198
5.3714294,1.2700244,-2.8795094
6.0428581,1.5734688,-3.1250753
6.0428543,2.4828892,-2.8448863
5.3714294,3.7932727,-2.6848967
6.0428543,3.7974572,-2.7150087
6.0428619,2.644532,-2.7404537
6.0428543,3.2572813,-2.7667167
6.0428619,2.1003244,-2.628866
6.7142792,1.8394343,-2.7546294
6.0428543,1.0442142,-2.5900774
6.7142944,-0.12999162,-2.7201297
6.7142868,-0.1166866,-2.7169344
6.7142868,-1.2068622,-2.7763684
6.7142792,-0.61419183,-2.5621424
6.7142944,-0.43429586,-2.4738064
6.7142792,0.043698642,-2.6083739
6.7142944,-0.46458691,-2.495265
6.7142792,-0.56189013,-2.5452094
7.3857117,-1.2664049,-2.6431036
6.7142944,-1.9962517,-2.5862992
6.7142639,-2.9713531,-2.6626713
6.7142944,-2.2662225,-2.6238408
7.3857269,-2.3049757,-2.776958
7.3857117,-1.5007281,-2.6513677
7.3857117,-1.4592363,-2.6288428
7.3857117,-1.787478,-2.5688467
7.3857117,-2.1046236,-2.7957036
7.3857117,-1.9610417,-2.7039735
8.0571594,-1.2596312,-2.8750291
7.3857117,-1.2865829,-2.6168008
7.3857269,-0.72285634,-2.5613015
8.0571289,-1.2202832,-2.6228049
6.7142944,-1.0603752,-2.3442631
8.0571289,-1.7414246,-2.5960534
6.7142639,-2.3262944,-2.3340521
8.0571594,-2.4655766,-2.6389413
6.7142639,-2.0248356,-2.3673201
7.3857422,-1.7057884,-2.5410862
7.3857117,-1.7197655,-2.4405913
6.7142944,-1.2282954,-2.4042904
6.7142639,-1.5467888,-2.3700144
7.3857422,-1.3208587,-2.5900874
6.7142944,-1.3159992,-2.3679891
6.7142639,-0.87221903,-2.3637502
6.7142639,-2.5166991,-2.1320045
6.0428772,-2.7557425,-2.1573484
6.7142944,-3.2423146,-2.352984
6.7142944,-3.2623296,-2.3887694
5.3714294,-3.2418811,-2.0995219
6.7142639,-4.310554,-2.4015203
5.3714294,-4.6817083,-2.1397829
6.0428772,-3.3966796,-2.3205042
6.0428467,-3.608345,-2.12198
5.3714294,-3.8653169,-2.0876601
6.0428467,-4.29216,-2.360498
5.3714294,-4.4522986,-2.2263634
5.37146,-4.925868,-2.1579161
4.6999817,-5.3450899,-2.0423312
5.3714294,-4.9430532,-2.3073487
5.3714294,-3.8396502,-2.3499668
5.3714294,-3.7591565,-2.3565631
5.3714294,-4.1366644,-2.2607565
5.3713989,-4.5301433,-2.3615341
5.3714294,-3.7575483,-2.4926155
4.7000122,-3.8465872,-2.1351271
5.37146,-2.9821951,-2.3950777
4.6999817,-3.6074696,-2.2135766
5.3714294,-4.1780982,-2.3847945
5.3714294,-4.4306159,-2.3116305
4.6999817,-3.7258089,-2.3553481
5.3714294,-3.8294451,-2.4079461
4.7000122,-4.2904453,-2.2996745
5.37146,-4.3986802,-2.4254651
5.3713989,-3.9563239,-2.5093846
4.7000122,-4.0721407,-2.3573751
4.7000122,-4.3798695,-2.3079429
5.3713989,-4.3278151,-2.3576288
4.7000122,-4.5701718,-2.2393076
4.7000122,-4.6912169,-2.2792511
5.3713989,-4.9337077,-2.355247
4.7000122,-5.1137319,-2.1180444
4.7000122,-4.932023,-2.2105365
4.6999512,-5.4135904,-2.124259
4.7000122,-5.770761,-2.079283
4.0285645,-5.9622083,-2.040417
4.0286255,-5.9153762,-2.0214121
4.0285645,-6.1436448,-2.0099142
4.0285645,-6.3878436,-2.0346789
4.0285645,-6.8857288,-2.0736504
4.0285645,-6.4755969,-2.1281204
4.0285645,-6.4811106,-2.1970804
4.0285645,-6.5577297,-2.172075
4.0286255,-6.9597645,-2.0839133
4.0285034,-6.8816152,-2.1491082
4.0286255,-7.2042069,-2.2190039
3.3571167,-7.0191202,-2.0516188
3.3571167,-7.2538857,-2.0609977
4.0286255,-7.404633,-2.2570193
4.0285645,-7.5136786,-2.2311523
3.3571777,-7.3545189,-2.1649017
4.0285034,-7.7491264,-2.3301153
3.3571167,-7.4682236,-2.2004881
4.0286255,-7.5027213,-2.3654826
4.0285645,-7.1801615,-2.3745873
4.7000122,-6.6307206,-2.5260513
4.0285645,-6.8362699,-2.3396575
4.7000122,-6.840672,-2.4609935
4.0285645,-6.3556581,-2.3428442
4.6999512,-6.4697599,-2.398798
4.7000122,-5.8853598,-2.3623555
4.0285645,-5.7789278,-2.2375455
4.7000122,-5.4709969,-2.2247229
4.7000122,-5.3919864,-2.2441034
4.0285645,-5.719398,-2.0068014
4.0285645,-5.6789937,-1.9613603
4.0286255,-5.6957603,-1.8296989
4.0285034,-5.843452,-1.7507559
4.0286255,-6.5683055,-1.7501813
4.0285645,-6.8203754,-1.7771657
3.3571167,-6.8166509,-1.6477716
3.3571777,-7.9712934,-1.6056426
3.3571167,-8.0870962,-1.5905871
3.3571167,-8.393075,-1.6562097
2.68573,-8.6907797,-1.5787084
3.3571777,-8.7590761,-1.7246121
3.3571167,-8.8569393,-1.7838849
2.68573,-8.9796686,-1.6495861
4.0285645,-8.9632702,-1.9303726
2.6856689,-9.1228447,-1.5974019
4.0286255,-8.7078686,-1.844913
3.3571167,-8.7659683,-1.678978
3.3571777,-8.5599279,-1.6294347
4.0285645,-9.1266212,-1.7239461
3.3571167,-9.1868696,-1.568326
3.3571777,-9.0578985,-1.5735246
3.3571167,-8.8779173,-1.5308751
3.3571167,-9.0564957,-1.4903712
2.68573,-9.4905787,-1.3697275
2.68573,-10.103464,-1.4128726
2.6856689,-10.053716,-1.3308784
2.685791,-10.053352,-1.3597552
2.6856689,-9.5058908,-1.3709066
2.0142822,-9.5210905,-1.0465615
2.0142822,-9.8168201,-1.1217599
2.68573,-9.748086,-1.2438306
1.3428955,-9.8787994,-0.8849287
2.0142822,-9.9248781,-1.0499009
2.0142212,-9.9379921,-0.97565764
1.3428955,-10.044667,-0.82041574
1.3428345,-10.31888,-0.77946466
0.67138672,-10.051681,-0.6480642
0.67150879,-10.379998,-0.57386142
1.3428345,-10.366212,-0.7077384
0.67144775,-10.574794,-0.52054071
0.67138672,-11.049259,-0.51852757
0,-11.128298,-0.44553494
0,-11.017256,-0.4398059
0,-11.109436,-0.36248851
0,-11.047588,-0.3546764
0,-11.274462,-0.29656804
0,-11.311501,-0.27642837
0,-11.567025,-0.22230117
0,-11.59923,-0.20614687
0,-11.830994,-0.16403808
0,-12.001434,-0.14529184
0,-12.171083,-0.11025682
0,-12.341121,-0.09172985
0,-12.574427,-0.070429884
0,-12.848602,-0.05910743
0,-13.081676,-0.045483463
0,-13.25348,-0.04456272
-0.67138672,-13.486292,0.10543042
0,-13.587732,-0.028934807
0,-13.702851,-0.026202813
0,-13.788053,-0.010294408
0,-13.787515,-0.002553374
0,-13.814587,0.00638397
0,-13.750989,0.025895014
0,-13.605706,0.04785721
0,-13.558578,0.072122097
0,-13.477848,0.10639574
0,-13.40739,0.14071134
0,-13.355829,0.17972092
0,-13.263696,0.22321123
0,-13.181104,0.27432048
0,-13.083068,0.32836246
0,-13.079269,0.38724637
0,-13.133883,0.44641402
0,-13.153832,0.51126158
0,-13.256233,0.57399648
0,-13.37203,0.64544874
0,-13.462504,0.71985537
0,-13.639935,0.79052895
-0.67144775,-13.886792,0.99254388
0,-14.145723,0.92140317
0,-14.445106,0.9808495
0,-14.784814,1.0252987
0,-15.024004,1.0888048
0,-15.358436,1.1177704
0,-15.340693,1.1589632
0,-15.744375,1.2633165
0,-15.86166,1.2845616
0,-16.055218,1.3635411
0,-16.203766,1.4179288
-0.67138672,-16.473421,1.5227036
-0.67144775,-16.298244,1.5092191
-0.67150879,-16.594055,1.6253704
-0.67138672,-16.590948,1.5713583
-1.3428345,-16.427868,1.7938997
-2.0142822,-16.773525,1.9898574
-2.0142822,-16.339462,1.9442104
-2.0142822,-16.40328,2.0813587
-2.0143433,-16.392088,2.0534406
-2.6856689,-16.345768,2.236285
-3.3571167,-16.221022,2.4378381
-3.3571777,-16.682613,2.517482
-4.0285645,-16.208067,2.5948784
-4.0285645,-16.988153,2.6468458
-4.0285645,-17.18091,2.5233724
-4.0285645,-17.606127,2.5101769
-4.0286255,-17.721928,2.372046
-4.0285645,-17.718031,2.5093646
-4.0285645,-17.764105,2.4777093
-4.0285645,-18.198767,2.5492754
-4.0285645,-17.940466,2.4693079
-4.7000122,-17.790901,2.6595826
-4.0285645,-17.740171,2.5487208
-4.7000122,-17.764486,2.6233165
-4.0285645,-17.020079,2.4493845
-4.7000122,-17.232542,2.7117567
-4.6999512,-16.976368,2.6142378
-5.37146,-17.164156,2.8235719
-4.6999512,-17.089092,2.6285067
-5.37146,-17.013607,2.7754946
-5.3713989,-17.566231,2.6894033
-5.37146,-18.171318,2.6690838
-5.37146,-17.814005,2.5329723
-5.3713989,-18.112038,2.5792928
-5.37146,-17.807262,2.5942008
-5.3713989,-17.380789,2.5850713
-5.37146,-17.58297,2.5059283
-4.6999512,-17.911026,2.3386953
-5.37146,-18.021648,2.3085918
-4.6999512,-18.023161,2.2864337
-4.7000122,-18.096947,2.2137389
-4.7000732,-17.635725,2.1303377
-4.6999512,-17.39613,2.2491555
-4.0285645,-16.937441,2.0006731
-4.7000122,-16.663378,2.1797945
-4.0285645,-16.732374,2.0405908
-4.0285645,-16.255623,2.0499365
-3.3571167,-16.486803,1.9367747
-4.0286255,-16.33979,2.1368105
-3.3571167,-16.893475,2.0892351
-3.3571167,-16.043064,1.9126244
-2.685791,-16.087019,1.8952922
-2.6856689,-15.915861,1.8869416
-2.68573,-16.316877,1.953498
-3.3571777,-15.736195,2.0434928
-2.6856689,-15.396981,2.008302
-3.3571167,-15.343877,2.1361198
-2.68573,-15.736452,2.0525682
-2.68573,-16.028788,2.0525699
-2.68573,-15.543831,2.0317469
-3.3571167,-16.344425,2.3343713
-3.3571777,-15.518219,2.1708193
-3.3571167,-15.682065,2.3428338
-3.3571167,-15.494497,2.2963531
-2.68573,-14.182314,2.1953168
-4.0285645,-14.535292,2.6533096
-3.3571777,-14.580883,2.4731708
-3.3571167,-14.349116,2.5244553
-4.0285645,-13.944744,2.690167
-4.0285645,-13.645337,2.7603011
-4.7000122,-14.340845,2.9929736
-4.7000122,-14.223516,3.0085852
-5.3713989,-14.697922,3.20385
-5.37146,-15.035211,3.0163453
-5.3713989,-15.286836,2.9616804
-6.7142944,-15.424138,3.3055451
-5.37146,-16.49276,2.9339561
-6.7142639,-15.180312,3.0151322
-6.7142944,-15.215612,3.1824656
-6.7142944,-14.809095,3.1902127
-6.7142639,-16.148907,3.1483347
-6.7142944,-15.978707,2.8701289
-6.7142944,-16.055344,2.8954463
-6.7142944,-16.494713,2.972244
-7.3857117,-16.8055,2.9311574
-6.7142944,-16.715557,2.8692119
-7.3856812,-17.017467,2.9736726
-7.3857422,-16.682875,2.9887564
-7.3856812,-16.423033,3.0883319
-6.714325,-17.42646,2.5950475
-7.3856812,-17.808172,2.6976092
-7.3857422,-17.449493,2.6448252
-6.7142639,-17.264889,2.6397173
-6.7142944,-18.738626,2.4183466
-6.0428467,-17.743738,2.3640137
-6.0428467,-17.383156,2.3331549
-6.714325,-18.03153,2.4696081
-5.3713989,-17.395071,2.0020263
-6.7142944,-17.435192,2.3888328
-5.37146,-17.563675,2.1348014
-5.3713989,-17.458122,2.0677173
-5.3714294,-16.33292,2.1419768
-5.3714294,-16.131855,2.208735
-5.3714294,-16.03274,2.2101076
-5.3714294,-15.796831,2.14674
-5.3714294,-15.330627,2.1454153
-5.3713989,-14.745533,2.1560202
-5.37146,-15.068129,2.1377392
-5.3714294,-13.752009,2.2747421
-5.3714294,-14.0619,2.2669821
-5.3714294,-13.410218,2.2729213
-5.3714294,-13.390977,2.221983
-6.0428467,-13.050464,2.3423653
-6.0428467,-12.625562,2.3152695
-5.3714294,-12.006212,2.144522
-6.7142944,-11.507656,2.5573285
-6.0428772,-11.427163,2.6236143
-6.7142639,-10.265432,2.9394267
-6.7142944,-12.066382,2.7468092
-7.3857117,-10.485385,2.6189239
-7.3857117,-9.8781509,2.8642795
-7.3857269,-9.9674616,2.7263768
-8.0571289,-21.604404,2.841861
-6.7142944,-25.593058,2.2212903
-8.0571289,-23.431995,2.0806184
-6.7142944,-23.403395,1.8295733
-6.7142792,-24.082796,1.5752888
-6.0428772,-22.227711,1.2045709
-5.3714142,-22.279213,1.1592438
-5.3714294,-21.57683,0.96032912
-4.6999969,-18.275606,0.74540013
-4.0285797,-19.034369,1.0128919
-4.0285797,-18.147648,0.94972491
-3.357132,-17.45986,0.83707267
-3.3571472,-17.293129,0.78860486
-2.6857147,-16.099333,0.55902719
-2.014267,-14.407232,0.58635688
-2.0142975,-14.456196,0.70209056
-2.0142822,-13.935767,0.60715437
-1.342865,-13.977961,0.53789157
-1.3428497,-13.389823,0.47479793
-0.6714325,-12.636649,0.36890253
-0.6714325,-12.200719,0.49640051
-0.6714325,-12.142731,0.59984607
0,-11.790477,0.42048585
0,-11.53742,0.46992695
-0.6714325,-11.420447,0.6368897
-0.67141724,-11.280493,0.63228667
0,-11.203844,0.54450297
0,-11.099985,0.53393185
0,-11.087263,0.5350278
0,-10.922147,0.54942983
0,-10.764695,0.54320526
0,-10.553064,0.54589528
0,-10.467257,0.53832215
0,-10.314837,0.53308386
0,-10.255445,0.55566579
0,-10.265614,0.5500136
0,-10.302598,0.56450903
0,-10.337397,0.56521404
0,-10.382986,0.55877119
0,-10.50865,0.54753602
0,-10.685999,0.52214837
0,-10.862434,0.50896657
0,-11.021243,0.46405616
0,-11.282722,0.40688562
0,-11.499264,0.35740373
0,-11.670785,0.27932918
0,-11.721574,0.21807797
0,-11.798304,0.13352169
0,-11.900786,0.046743967
0,-11.977423,-0.037661869
0,-12.025071,-0.14617491
0,-12.054548,-0.26451883
0,-11.989126,-0.3874391
0,-11.892762,-0.50316936
0,-11.706201,-0.62131971
0.67141724,-11.510403,-0.89614075
0,-11.282978,-0.89103818
0,-10.579316,-0.94814676
0,-10.670522,-0.9890157
0,-10.032668,-1.1839061
0,-9.7315865,-1.2343261
0,-9.2377291,-1.3589432
0,-8.6319799,-1.4521405
0.6714325,-7.4832416,-1.5822837
0,-6.5383806,-1.2605588
0.6714325,-6.6650119,-1.2798853
0.6714325,-6.6006932,-1.291903
1.3428497,-6.3894844,-1.5042599
1.342865,-6.8426952,-1.3957652
1.3428497,-6.9943986,-1.5283145
1.342865,-6.7878361,-1.6371087
2.6857147,-6.501369,-1.8619483
2.0142822,-6.9206405,-1.7674905
2.0142822,-6.1957526,-1.8704008
2.68573,-7.103857,-1.8446326
2.6856995,-7.0658293,-1.8967334
4.0285645,-6.6535463,-2.2779396
2.68573,-6.8653774,-1.928335
4.0285645,-6.3680158,-2.1509507
4.0285797,-6.2521787,-2.2019792
4.0285645,-6.1364932,-2.1462345
4.6999969,-6.2543573,-2.4381094
4.7000122,-6.0314579,-2.4197321
4.6999969,-6.1509929,-2.4170427
4.6999969,-5.4061546,-2.3568008
5.3714294,-6.5133066,-2.536191
5.3714142,-6.0989251,-2.6681983
5.3714447,-6.6574092,-2.5803962
5.3714294,-6.3474164,-2.6146121
6.0428619,-6.0727816,-2.6721292
5.3714142,-6.2096534,-2.8096797
4.7000122,-7.1190152,-2.8126407
4.6999969,-5.9356408,-3.0843148
4.6999969,-5.5967493,-2.8190992
4.0285797,-4.418529,-2.7416258
4.0285645,-4.2072034,-2.6671269
4.0285645,-5.1410041,-2.751024
4.0285645,-3.6886139,-2.8336072
4.028595,-4.6127195,-2.9608665
4.0285645,-3.742171,-2.9164364
4.0285645,-4.0199599,-2.940959
4.0285645,-4.3762703,-3.0327954
4.028595,-3.8915648,-3.0985086
4.6999817,-3.5019298,-3.1335528
4.7000122,-3.3929319,-3.2528739
5.3713989,-3.088685,-3.4139621
4.7000122,-3.7832606,-3.3498912
6.0428772,-4.2069473,-3.5648847
5.3714294,-5.1805215,-3.4492393
6.7142639,-5.6874709,-3.7768519
6.7142944,-5.2936645,-3.7097883
6.7142944,-3.9430547,-3.6908047
7.3857117,-5.9124455,-3.865526
8.0571289,-5.2006803,-4.1800227
8.7285767,-3.7828171,-4.0788288
8.7285767,-4.4815669,-3.6169355
10.071411,-5.3764591,-3.7174048
9.4000244,-5.7790327,-3.6057589
10.071411,-5.4874506,-3.7904489
10.071411,-5.3532729,-3.6482306
10.742889,-5.4819741,-3.8515663
10.071442,-5.4675732,-3.5496001
10.071411,-6.5064468,-3.633779
10.742859,-7.0528579,-3.6886187
10.742859,-6.0360866,-3.7031617
10.742859,-5.5805969,-3.5074799
10.742859,-6.1848683,-3.597774
10.071411,-4.424665,-3.358145
10.071442,-4.5228462,-3.132344
9.4000244,-4.9292564,-3.0768528
10.071381,-5.5787201,-3.3868604
9.4000244,-7.1573367,-3.2920535
10.071411,-6.8431463,-3.6632512
9.4000244,-5.8595204,-3.3967817
9.3999634,-5.956008,-3.3087842
8.7285767,-6.0143776,-3.1758313
9.4000244,-6.1372027,-3.2869835
8.7285767,-6.6997824,-3.245106
9.4000244,-5.5499787,-3.326283
8.7285767,-6.0989156,-3.0337903
8.7285767,-5.7476745,-3.2200913
8.7285767,-6.1395321,-3.1808088
8.7285767,-5.8226151,-3.0827239
8.7285767,-5.1110067,-3.2292104
8.0570679,-5.5718012,-3.0078335
8.7285767,-5.3765578,-3.1781383
8.0571289,-6.036901,-3.1588175
8.0571899,-5.4299684,-3.2053938
8.7285767,-6.1927853,-3.1580932
8.0571289,-6.1121078,-3.2725635
8.7285767,-6.3277569,-3.3741355
8.0571289,-6.2209854,-3.2000477
8.0571289,-6.0023985,-3.2553351
8.0571289,-5.8844256,-3.3352609
8.0571899,-7.0749474,-3.1232932
8.0571289,-6.9982352,-3.3672576
8.7285767,-7.2195101,-3.4541337
8.7285767,-7.1462049,-3.4929929
9.3999634,-7.4492903,-3.5278609
8.7285767,-7.0836205,-3.5356336
8.7285767,-7.7823772,-3.4600084
9.4000244,-8.144412,-3.8096426
9.4000244,-8.5952311,-3.7169611
9.3999634,-8.7080164,-3.8379505
9.4000244,-8.6231918,-3.5820079
10.071411,-9.021492,-3.8246136
10.071411,-8.700532,-3.8226273
9.4000244,-8.234726,-3.6033356
10.071411,-8.0034552,-3.6595953
10.071411,-7.6505222,-3.6630023
10.071472,-8.0175152,-3.560245
10.071411,-7.6598735,-3.5053387
10.742859,-7.5515161,-3.4856904
9.3999634,-7.0267253,-3.1640215
10.742859,-6.7380438,-3.3348596
9.4000854,-6.2916112,-2.836457
9.3999023,-6.1809216,-2.7158914
9.4000854,-6.3949199,-2.7642601
8.7285156,-6.4632359,-2.4397824
8.7285767,-6.573122,-2.4597414
8.0571289,-6.971776,-2.1116025
8.0571899,-6.8841376,-2.0055525
7.3856812,-7.0616961,-1.7542568
7.3857422,-7.3885622,-1.526239
6.7142334,-8.5259304,-1.3542719
5.37146,-8.5148354,-0.97283524
5.37146,-8.9058924,-0.81565911
4.6999512,-9.279356,-0.53234071
4.0285645,-9.7166843,-0.23529857
3.3571777,-12.360085,-0.065250903
2.68573,-13.230918,-0.312821
2.68573,-13.008602,-0.45900095
1.3427734,-13.0926,0.049601302
1.3428955,-13.629025,0.008759357
1.3428955,-15.271665,-0.071625382
0,-16.162876,-0.52629656
1.3427734,-14.497379,-1.224238
0,-12.721117,-0.71486872
0,-12.446298,-0.32112092
0,-11.521897,-0.38741064
0,-11.813848,-0.21262559
0,-11.341378,-0.3632395
0,-10.809565,-0.25099957
0,-10.749058,-0.089035921
0,-10.447325,-0.026591931
0,-10.480179,0.12601534
0,-10.633739,0.20072886
0,-11.0391,0.30637819
0,-11.473034,0.37645444
0,-11.815693,0.4309637
0,-12.208233,0.48157033
-0.67138672,-12.620088,0.6874752
-0.67138672,-13.043254,0.77303624
0,-13.458621,0.6966393
0,-13.847889,0.78398061
0,-14.466648,0.85602438
0,-14.931396,0.89805049
0,-15.360867,0.94654477
0,-15.740116,0.99398804
0,-16.130985,1.0402813
0,-16.472855,1.084922
0,-17.513771,1.102441
0,-16.305614,0.90303457
0,-16.322468,1.2483007
0,-16.695158,1.396585
0,-16.77154,1.387249
0,-16.798618,1.4933475
0,-17.122465,1.6014467
0,-17.204702,1.6443847
-1.3428955,-17.471222,2.0173256
-0.67138672,-17.822342,1.9254205
-1.3428955,-18.297623,2.0852411
-2.0142822,-18.552485,2.2370422
-2.68573,-18.73827,2.359658
-2.6856689,-19.009972,2.3849857
-2.685791,-19.038933,2.3791087
-4.0285034,-19.277426,2.687995
-3.3571167,-19.606922,2.4996881
-4.7000732,-20.133793,2.7766383
-4.0285034,-20.453516,2.5574594
-4.7000732,-20.847437,2.601202
-4.6999512,-20.75552,2.4779298
-5.37146,-21.26852,2.5656986
-5.37146,-21.02734,2.3762732
-5.3713989,-21.229431,2.5480413
-5.37146,-20.785458,2.3925843
-5.3713989,-19.624567,2.5095391
-5.3713989,-19.199604,2.6206594
-5.3713989,-18.809443,2.5252769
-5.37146,-18.821934,2.3897564
-5.3713989,-17.679724,2.470588
-5.37146,-18.521669,2.4365058
-5.37146,-19.413052,2.3244033
-5.3713989,-19.106453,2.352417
-5.37146,-18.878269,2.4522946
-5.3713989,-17.642345,2.5356481
-5.37146,-17.363415,2.5765808
-4.6999512,-17.251759,2.4297576
-5.37146,-18.424561,2.4421442
-5.37146,-18.936152,2.4920645
-4.6999512,-19.193142,2.243623
-5.37146,-19.622564,2.4230824
-5.3713989,-20.084724,2.3813603
-4.0286255,-20.824404,1.9254675
-5.3713989,-20.907829,2.2160854
-4.0285645,-20.875023,1.818557
-4.7000122,-20.516115,1.8383781
-4.7000122,-20.370045,1.8306491
-3.3571167,-20.949945,1.3831055
-3.3571167,-20.611841,1.0668378
-3.3571777,-20.114479,0.94262135
-3.3571167,-19.274675,0.80335402
-2.0142822,-18.636503,0.58289731
-2.0143433,-17.789898,0.52674961
-1.3428345,-16.814415,0.51341027
-0.67144775,-16.314137,0.58508652
-0.67138672,-16.131538,0.70088542
-1.3428345,-15.872072,0.91148466
0,-15.622275,0.73822075
0,-15.659308,0.89126074
0,-15.763406,0.96467388
0,-16.018169,1.048195
0,-16.269993,1.1241852
0,-16.854532,1.1527754
0,-17.394964,1.1139836
0,-17.835443,1.0802555
0,-18.305214,1.0480909
0,-18.733568,0.96831977
-0.67144775,-19.03521,1.0360576
-0.67144775,-19.266249,0.9751603
0,-19.320942,0.74271834
-0.67138672,-19.391644,0.80274689
-0.67144775,-19.000963,0.71242058
0,-18.548265,0.5682261
-0.67144775,-18.006662,0.69026268
0,-17.508791,0.57964194
0,-17.04458,0.61288291
0,-16.560421,0.6380229
0,-16.170856,0.67509472
0,-15.760609,0.71880281
0,-15.650472,0.77244335
0,-15.234163,0.74988645
0,-15.014733,0.83491707
0,-14.83116,0.87178159
0,-14.803291,0.9254148
0,-14.810253,0.97930557
0,-14.854222,1.0068587
0,-15.005283,1.0429353
0,-15.243772,1.0831749
0,-15.488769,1.0912728
-0.67138672,-15.683966,1.2300235
0,-16.081287,1.1035824
-1.3428345,-16.351648,1.3126644
-0.67150879,-16.502512,1.1555943
-0.67144775,-16.579704,1.1519482
-1.3428345,-16.510977,1.2635195
-1.3428345,-16.520842,1.2938333
-1.3428345,-16.791342,1.2898488
-2.68573,-16.493784,1.5027057
-1.3428955,-16.467567,1.2890005
-2.0142822,-16.386818,1.4143981
-2.0142822,-16.3475,1.4310817
-1.3428345,-16.070967,1.2885082
-2.6856689,-16.063026,1.6340445
-2.0143433,-15.839482,1.4868921
-2.0142822,-15.747162,1.5114286
-2.0142822,-15.73842,1.5568048
-2.0142822,-15.582416,1.580045
-2.68573,-15.157043,1.7523717
-2.0142822,-15.282599,1.7360044
-2.6856689,-15.055479,1.8433442
-2.0142822,-14.984548,1.8581054
-2.685791,-15.11089,2.0327344
-2.6856689,-15.311715,2.1022992
-2.68573,-15.49856,2.1498508
-3.3571777,-15.359178,2.3238614
-3.3571167,-15.423874,2.4348428
-3.3571167,-14.788791,2.4624231
-3.3571777,-15.024693,2.596709
-4.0285645,-14.655921,2.7145081
-4.0285034,-15.453947,2.834111
-4.0286255,-14.616993,2.7102485
-4.0285645,-15.228016,2.8330889
-3.3571777,-14.289049,2.6132629
-4.0285034,-14.240627,2.9073372
-4.7000732,-14.303678,3.0436811
-4.0285034,-14.178133,2.9709086
-4.7000732,-13.964544,3.1759863
-4.6999512,-13.561601,3.2631352
-5.37146,-13.096197,3.6254475
-5.3713989,-13.92025,3.6397271
-6.0428467,-14.103171,3.7299731
-6.7143555,-14.630745,3.9124515
-6.7142334,-15.297218,3.8423619
-7.3856812,-16.282553,3.8744335
-7.3857422,-15.846606,3.9232962
-8.0571899,-16.073153,3.8850873
-8.0571289,-15.044627,4.1551757
-8.0570679,-15.751396,4.1878624
-8.7285767,-16.897585,4.0140142
-8.0571899,-16.735491,3.7581911
-9.3999634,-16.861172,4.2850189
-8.7285767,-16.802759,3.9124026
-9.4000244,-17.223146,4.209815
-8.7285767,-17.296515,4.1682324
-9.3999634,-17.197702,3.9165204
-9.4000244,-17.018467,3.878248
-9.4000244,-17.025038,3.9521947
-8.7285767,-16.672638,3.7432611
-9.3999634,-17.48357,3.9591167
-9.4000244,-18.339682,3.8523543
-9.3999634,-17.80118,3.6084008
-9.4000244,-17.941095,3.7454207
-8.7285767,-18.197063,3.5874991
-9.3999634,-17.59123,3.6096876
-9.4000244,-17.610514,3.5950615
-9.4000244,-17.628185,3.5472784
-9.3999939,-16.994024,3.3384054
-8.7285767,-17.288698,3.3956532
-8.7285767,-16.497734,3.1447537
-9.3999939,-16.415577,3.3357878
-8.0571289,-16.962545,3.0012963
-9.3999939,-17.315937,3.2363157
-8.0571594,-16.986422,2.885797
-8.7285767,-17.253647,3.0574977
-8.7285767,-18.772894,2.9423771
-8.0570984,-17.939751,2.5833933
-8.0571594,-18.136206,2.5749931
-7.3857422,-18.203562,2.3695669
-7.3856812,-18.249601,2.3298776
-6.7142944,-17.424967,2.2640023
-6.7142944,-17.78599,2.3224931
-6.7142944,-17.242252,2.1197655
-6.7142639,-16.043953,2.1926033
-6.0428467,-15.758756,2.1479566
-6.0428772,-15.928097,2.0642202
-6.0428467,-15.22333,1.9646201
-6.0428772,-15.814282,2.0727625
-5.3713989,-15.465512,1.8006952
-5.3714294,-14.267966,1.8312753
-5.37146,-14.122668,2.0747061
-6.0428467,-14.214641,2.1242387
-5.3714294,-14.338575,2.0844698
-6.0428467,-15.118496,2.0769427
-5.37146,-15.505016,1.7428268
-5.3714294,-15.699778,1.8271242
-5.3713989,-16.651735,1.6959697
-5.3714294,-16.790854,1.7573193
-5.3714294,-16.902035,1.6908027
-5.3714294,-15.676909,1.6685829
-4.7000122,-15.954143,1.5238317
-4.6999817,-15.644832,1.5130415
-4.7000122,-16.142897,1.5509955
-4.7000122,-15.738856,1.3555326
-4.0285492,-15.34549,1.2857628
-4.0285797,-15.336367,1.2343956
-3.357132,-15.093396,0.90316522
-3.3571625,-14.048155,0.75778514
-4.0285645,-12.065399,1.1885277
-2.6857147,-13.065838,1.202289
-2.6857147,-12.637869,0.88783884
-2.6857147,-13.555493,0.9129228
-2.6857147,-13.57022,0.77896416
-2.6857147,-13.800845,0.87651205
-2.0142822,-13.767629,0.60110867
-2.0142822,-13.098569,0.64622474
-1.342865,-13.005533,0.47600761
-1.3428497,-12.525202,0.44915444
-0.67144775,-12.002759,0.32250464
-0.67141724,-11.426214,0.35265011
0,-10.748504,0.24020308
0,-10.558039,0.34133419
0,-10.032854,0.34016341
0,-9.6353168,0.42572364
0,-9.1669397,0.45514616
0,-8.7463493,0.5318231
0,-8.2834177,0.64279461
0,-7.806962,0.73437864
0,-7.4601846,0.8801055
0,-8.0165854,1.0113428
0,-7.8577118,1.0234647
0,-7.0426917,1.0427243
0,-7.0649652,1.2442918
0,-6.7192159,1.341028
0,-6.8800092,1.5469137
-0.67141724,-7.0373998,1.8007102
-0.6714325,-7.3145938,1.925012
-0.6714325,-7.6857371,2.0361035
-1.3428497,-7.991107,2.256032
-2.0142975,-8.2761087,2.446979
-2.6857147,-8.7663345,2.6926584
-2.6856995,-9.588315,2.7291887
-3.3571625,-9.9537859,2.832514
-3.357132,-11.026283,2.8379042
-4.6999969,-11.337214,2.8931553
-4.6999969,-12.458765,2.9270041
-4.7000122,-12.082633,2.5761032
-5.3714142,-12.328176,2.7379081
-4.6999969,-12.368183,2.5816343
-5.3714447,-11.228687,2.4821413
-5.3714294,-11.281534,2.647203
-5.3714142,-10.728684,2.6297019
-5.3714447,-10.373716,2.5911391
-5.3714294,-9.9867115,2.6091409
-6.0428619,-9.0709467,2.6433287
-6.0428467,-10.211682,2.8400006
-5.3714294,-10.277286,2.608494
-5.3714218,-10.367473,2.6081798
-5.3714371,-10.267746,2.6948404
-6.0428543,-11.111393,2.9367015
-6.0428543,-12.359992,2.8812938
-6.0428543,-12.808733,2.6003511
-6.0428696,-13.711806,2.6189315
-6.0428543,-13.636339,2.4675319
-6.0428543,-12.937905,2.358577
-6.7142868,-12.796297,2.6046896
-5.3714294,-13.546257,2.3735836
-6.0428543,-14.311066,2.1835122
-6.0428581,-14.415389,1.9713514
-5.3714294,-14.312454,1.7580736
-5.3714256,-13.951715,1.7002941
-5.3714333,-13.344192,1.8766049
-4.6999969,-13.151042,1.8219608
-4.7000008,-12.949245,1.7401191
-4.6999989,-11.81362,1.6888497
-4.7000027,-11.65075,1.8036661
-4.0285711,-12.435126,1.704731
-4.6999998,-11.938387,1.57534
-4.0285711,-11.580339,1.4665213
-4.0285716,-11.911565,1.4753451
-3.3571429,-11.579062,1.1417491
-4.0285711,-11.218051,1.2800756
-3.3571434,-11.399199,1.1600767
-3.3571424,-11.571851,1.1012762
-2.6857147,-12.198236,0.903759
-2.6857147,-12.379442,0.63276756
-2.6857128,-12.674941,0.49265054
-2.014286,-11.603934,0.22740261
-2.014286,-11.768926,0.38299584
-1.3428574,-11.546185,0.069643334
-0.67142868,-10.575122,-0.15870807
0,-9.5152426,0.01701244
0,-9.7951374,0.44721237
0,-11.376904,0.40019363
-0.67142868,-12.134569,0.32238948
0,-13.017499,-0.014603756
0,-12.667669,-0.30099344
0,-12.465979,-0.27193785
0,-13.277823,-0.32015407
0,-13.585427,-0.62380952
0,-13.765345,-0.83616203
0,-13.977063,-1.0271802
0,-13.837552,-1.3316795
0,-13.383625,-1.5693876
0.67142868,-12.689235,-1.9032601
1.3428555,-11.815161,-2.1791465
2.014286,-10.850963,-2.373009
2.6857166,-9.5949144,-2.2701149
2.6857128,-8.6322136,-2.2107069
3.3571434,-7.9461818,-2.4051752
4.0285721,-6.647409,-2.45663
3.357142,-7.0063562,-2.2275288
4.7000008,-4.6669946,-2.6343198
4.6999998,-5.1654396,-2.3692932
4.7000003,-5.2132516,-2.5516446
5.3714285,-5.6626139,-2.6691988
5.3714275,-4.7632127,-2.7690499
6.0428581,-5.082191,-2.7770116
5.3714294,-4.6153817,-2.7538037
6.7142868,-5.2265639,-2.9878466
6.7142868,-3.8496542,-3.1863048
6.714283,-3.9593208,-3.0106122
6.714283,-4.232233,-3.0501137
6.7142906,-4.9869742,-3.0271053
8.0571404,-5.6488395,-3.3770132
8.0571442,-5.7532582,-3.5969212
7.3857193,-4.3704176,-3.642318
8.0571365,-4.8119297,-3.4238875
8.7285767,-5.0188217,-3.6732049
8.728569,-5.2281256,-3.8418143
8.728569,-5.493084,-3.9103744
9.4000015,-5.0704293,-4.1681252
9.3999939,-4.260026,-4.1873856
10.071426,-3.4574223,-4.2357564
10.071426,-2.0806613,-4.3076463
10.742874,-2.340348,-4.4395895
10.742859,-2.0894172,-4.2604871
10.742844,-3.3747582,-4.359869
11.414291,-3.4671819,-4.5711598
11.414291,-4.8154974,-4.3194046
11.414276,-4.3371806,-4.4355812
12.085724,-4.1109099,-4.4389701
11.414276,-3.2282517,-4.5792952
11.414291,-1.8546433,-4.8384099
10.071442,-1.7129841,-4.2704992
10.071411,-1.1019548,-4.4757137
10.071411,-0.62958288,-4.6753612
10.071442,-0.74373847,-4.274385
9.3999939,-0.020564578,-3.9183691
10.071442,-4.435523,-4.188724
10.071442,-3.9643383,-4.1660028
10.071411,-2.8775954,-4.3134303
10.742859,-5.1395416,-4.3723922
10.742889,-5.3545113,-4.3607473
10.742828,-5.3176107,-4.3106794
10.742859,-4.3246312,-4.4158416
12.085724,-6.6179743,-4.5313058
10.742859,-4.5996995,-4.3223071
12.085724,-4.6718826,-4.4133906
12.757111,-2.7395074,-4.6099334
12.757172,-2.0161662,-4.6728258
12.085724,-1.4448568,-4.2481689
12.757111,-0.96743965,-4.3148289
12.757141,0.099245213,-4.3644185
13.428589,1.7279568,-4.3466625
12.085693,2.8060658,-4.1333752
13.428589,2.7039421,-4.3084226
12.085693,1.6498165,-3.9616544
12.757141,1.4240146,-3.9740984
11.414307,1.4237781,-3.7033246
12.757141,1.5514784,-3.8011758
11.414307,0.49009728,-3.4640505
12.085693,1.0174011,-3.744092
10.742798,1.078607,-3.2552073
11.414368,0.31958932,-3.3735592
11.414246,0.1825245,-3.3617783
10.071472,-0.34869364,-3.0042398
10.071411,-0.5525189,-2.9097557
10.071411,0.017574931,-2.9432948
10.071411,-0.22246198,-2.8556879
9.4000244,-1.247375,-2.7607355
8.7285767,-1.031536,-2.6168718
8.7285767,-1.1821883,-2.62428
8.0571289,-1.4575847,-2.3460808
7.3857422,-2.7738979,-2.075186
7.3857422,-3.0281425,-2.1736815
7.3856201,-3.5556295,-2.212384
6.7143555,-4.148838,-2.1204336
6.7142944,-4.5839448,-2.1724718
6.0427856,-4.8921604,-2.0726039
6.7142944,-6.3808823,-2.1528127
6.7142944,-6.3958511,-2.5083792
6.7143555,-6.3228874,-2.3849773
6.0427856,-6.3991823,-2.4232826
6.7142944,-6.4051037,-2.5889297
6.0429077,-6.2798414,-2.4658911
6.7142334,-6.0300412,-2.5623755
6.7142944,-6.0527639,-2.1991079
5.37146,-6.7420597,-2.0257986
6.7142334,-7.3511362,-2.3941312
5.37146,-8.2110987,-2.1714838
6.0429077,-8.006156,-2.2367823
6.0427856,-8.8784733,-2.1391459
5.37146,-8.7180223,-2.1500344
6.0428467,-9.0292377,-2.2541139
6.0428467,-8.7502308,-2.2256935
5.37146,-8.4417858,-2.0378957
6.0428467,-8.1989956,-2.1393476
6.0428467,-8.4875698,-2.0210633
5.3713989,-8.6964521,-1.8760881
5.37146,-8.1491632,-1.7973257
5.37146,-8.2855425,-1.7451336
5.3713989,-8.0399342,-1.7143124
4.7000122,-8.2286034,-1.371492
4.6999512,-8.1531458,-1.3252339
4.0286255,-8.127037,-1.037992
4.0285645,-8.2120352,-0.93489289
4.0285034,-8.2822657,-0.85113341
2.685791,-8.2781363,-0.4571054
2.6856689,-8.4355631,-0.3804065
2.68573,-8.5899734,-0.29202926
1.3428345,-8.4798212,0.10036633
1.3428955,-8.4957228,0.24663812
0,-8.4990273,0.71011877
0,-8.8583145,0.51255989
0,-9.1004648,0.5396961
0,-8.6090574,0.64934832
0,-8.8065615,0.96209508
0,-8.9418058,1.1576856
0,-9.2851734,1.3703493
-0.67138672,-9.8063698,1.7250249
-1.3429565,-10.606329,2.0465972
-1.3428345,-11.786422,2.1486282
-2.0142822,-13.056202,2.0956821
-2.0142822,-13.689455,2.0516403
-2.6856689,-14.109661,2.1301129
-3.3571777,-14.423947,2.3284044
-2.68573,-14.837043,2.2498796
-4.0285034,-14.93169,2.5304396
-3.3571777,-15.517487,2.4685369
-3.3571167,-16.401453,2.426228
-4.0286255,-16.618132,2.5089214
-4.0285645,-16.716812,2.4427395
-4.0285034,-16.878283,2.5198743
-4.7000732,-16.760715,2.6061819
-4.7000122,-16.614302,2.7404535
-4.0285645,-15.994185,2.5414629
-5.37146,-15.880697,2.8960376
-4.0285034,-16.660749,2.6217306
-4.7000732,-16.33219,2.6119637
-4.6999512,-16.339615,2.8263819
-4.6999512,-16.602615,2.8120861
-4.7000122,-15.863308,2.7390501
-5.3713989,-16.016491,3.1039908
-5.37146,-15.659827,3.1147597
-5.37146,-16.207914,3.1522696
-6.0428467,-15.533655,3.3769457
-6.0428467,-15.87588,3.3350945
-6.0429077,-16.04772,3.3823693
-6.0427856,-16.049976,3.3533053
-6.7142944,-15.6154,3.5525568
-6.7143555,-15.759742,3.583482
-7.3856201,-15.200258,3.7828102
-7.3857422,-16.109816,3.826736
-7.3857422,-16.563881,3.6080618
-7.3857422,-17.276947,3.7044303
-8.0571289,-17.863028,3.446599
-6.7142334,-18.662571,3.155086
-8.0571899,-16.701551,3.2085962
-6.7142944,-15.677922,3.0490074
-8.0571289,-14.504979,3.5410247
-7.3857422,-14.963848,3.5923617
-7.3856812,-14.717924,3.4096978
-8.0571289,-15.893483,3.6592743
-8.0571289,-17.010342,3.4926376
-8.0571899,-16.80871,3.2158372
-8.0571289,-16.736917,3.3824348
-7.3857422,-17.281395,3.3754618
-7.3856812,-16.929298,3.1649721
-8.0571289,-16.152561,3.6090572
-8.0571289,-17.320702,3.735961
-8.0571899,-16.854006,3.334893
-7.3856812,-17.685652,3.2713883
-7.3857422,-18.324989,3.1277394
-8.0571899,-17.781137,3.4182534
-6.7142334,-16.977457,2.9839222
-8.0571289,-16.829418,3.3447263
-6.7142944,-15.780997,3.0740869
-8.0571899,-15.741211,3.2587214
-6.7142334,-15.282163,3.1458349
-6.7142944,-15.985481,2.8399773
-6.7142944,-15.169496,2.830229
-6.7142334,-15.418182,2.9082015
-6.7143555,-16.027153,2.894201
-7.3856812,-15.197663,2.9087682
-6.0428467,-16.003042,2.609818
-6.7142944,-15.659529,2.6832466
-5.3713989,-15.373302,2.3978844
-6.0428772,-15.220474,2.5994747
-5.3714294,-15.087432,2.3663135
-6.0428772,-14.912574,2.6591325
-5.3714294,-14.872238,2.5453899
-5.3714294,-15.298548,2.5424798
-5.3714294,-15.724392,2.5316219
-4.0285645,-15.240541,2.1797848
-4.7000122,-15.178478,2.4636178
-4.6999817,-14.840119,2.4637098
-4.7000122,-15.034517,2.7017722
-4.6999817,-15.043085,2.6037111
-5.3714294,-15.163807,2.6842756
-4.7000122,-14.814101,2.598284
-5.3714294,-14.221097,2.7980597
-5.3714294,-13.992537,2.9032192
-6.0428772,-14.217852,3.0967262
-6.0428467,-13.980744,2.9249132
-6.0428467,-14.007921,2.8964779
-6.7142944,-13.477013,3.0591218
-7.3857117,-13.856727,3.1383667
-7.3857117,-14.555523,3.160485
-6.7142639,-14.786825,2.9738536
-8.0571594,-15.573358,3.2034664
-8.0571594,-16.199007,2.9889064
-8.0571289,-16.545752,2.8118806
-8.0571289,-14.161049,2.7564924
-8.0571594,-12.868393,2.8498757
-8.0571594,-13.171741,2.8313718
-8.7285461,-13.266939,2.8886125
-8.7285767,-13.66258,2.9789109
-8.0571289,-18.262817,3.5086999
-8.7285767,-23.852039,3.3169205
-8.7285767,-23.403316,2.5918036
-8.0571289,-26.796539,2.1324534
-7.3857422,-28.760698,1.7028493
-7.3857117,-25.6078,1.4423187
-6.7142639,-28.669491,1.7478527
-6.7142944,-27.631603,1.4668057
-6.0428772,-25.394831,1.3589914
-6.0428467,-25.270096,1.2505776
-4.6999969,-23.22764,0.93794668
-4.6999969,-21.50301,1.1722755
-4.0285797,-21.523399,0.98032427
-4.0285645,-20.220047,0.88632125
-4.0285645,-19.715534,1.0179875
-2.6857147,-19.031487,0.738334
-2.6857147,-18.88821,0.70442092
-2.68573,-18.06584,0.54751009
-1.3428497,-17.502342,0.26117885
-2.0142822,-16.904831,0.30305839
-0.6714325,-16.085854,-0.038139835
0,-15.452198,-0.18165855
0,-14.768559,-0.23777908
0,-14.20915,-0.26685077
0,-13.68816,-0.33265382
0,-13.279868,-0.39612919
0,-12.874619,-0.46562591
0,-12.433329,-0.55670846
0,-12.020003,-0.6137234
0,-11.565183,-0.70826101
1.3428497,-11.131146,-1.0630729
0.67144775,-10.790394,-1.015524
0.67141724,-10.395729,-1.0862722
1.3428497,-9.9233084,-1.2978762
1.342865,-9.5009384,-1.3784641
1.342865,-8.3298788,-1.4599513
2.014267,-7.687757,-1.5201005
2.0142975,-6.9002213,-1.3836991
1.342865,-7.8097334,-1.1954491
2.0142822,-7.1156468,-1.4742755
2.0142822,-7.3675594,-1.4623817
0,0,0
0,0,0
0,0,0
0,0,0
0,0,0
0,0,0
0,0,0
0,0,0
0,0,0
0,0,0
0,0,0
0,0,0
0,0,0
0,0,0
0,0,0
0,0,0
0,0,0
0,0,0
0,0,0
0,0,0
0,0,0
0,0,0
0,0,0
0,0,0
0,0,0
0,0,0
0,0,0
0,0,0
0,0,0
0,0,0
0,0,0
0,0,0
0,0,0
0,0,0
0,0,0
0,0,0
0,0,0
0,0,0
0,0,0
0,0,0
0,0,0
0,0,0
0,0,0
0,0,0
0,0,0
0,0,0
0,0,0
0,0,0
0,0,0
0,0,0
0,0,0
0,0,0
0,0,0
0,0,0
0,0,0
0,0,0
0,0,0
0,0,0
0,0,0
0,0,0
0,0,0
0,0,0
0,0,0
0,0,0
0,0,0
0,0,0
0,0,0
0,0,0
0,0,0
0,0,0
0,0,0
0,0,0
0,0,0
0,0,0
0,0,0
0,0,0
0,0,0
0,0,0
0,0,0
0,0,0
0,0,0
0,0,0
0,0,0
0,0,0
0,0,0
0,0,0
0,0,0
0,0,0
0,0,0
0,0,0
0,0,0
0,0,0
0,0,0
0,0,0
0,0,0
0,0,0
0,1.7961494,0.037831787
0,2.2489128,0.034840118
0,2.6456876,0.031805262
0,2.9556501,0.030430235
0,3.2466052,0.019361939
0,3.512363,0.015738137
0,3.9051681,0.003512173
0,4.2981129,0.007457174
0,4.6278749,0.012776091
0,4.8613887,0.0254361
0,5.0911875,0.025734123
0,5.2838402,0.029357733
0,5.4785218,0.029485816
0,5.5533466,0.029474594
0,5.6705704,0.020340567
0,5.7120328,0.02284972
0,5.8339562,0.008306423
0,5.9318309,0.0057354
0,6.0329499,0.010375199
0,6.1308541,0.010432536
0,6.1480303,0.015150356
0,6.2271619,0.021259509
0,6.3058639,0.024926987
0,6.380867,0.027128628
0,6.4399519,0.027019538
0,6.4882021,0.03070863
0,6.533031,0.028486971
0,6.5626059,0.030473055
0,6.6091089,0.029967653
0,6.5774932,0.023752095
0,6.6101365,0.020217812
0,6.6148458,0.013850388
0,6.6142449,0.010922063
0,6.5756598,0.007784769
0,6.5539193,0.005581862
0,6.6302824,0.006231936
0,6.6399517,0.003514982
0,6.5756006,0.00015129
0,6.5827065,0.003928767
0,6.5728087,-0.003806004
0,6.469945,-0.015031455
0,6.4094825,-0.032657009
0,6.4902239,-0.039943658
0,6.52809,-0.048687126
0,6.6810584,-0.058845986
0,6.7575002,-0.058764484
0,6.900125,-0.056440152
0,6.9262075,-0.05610894
0,6.9654989,-0.054636817
0,6.993784,-0.057017557
0,7.0268469,-0.058331221
0,7.0440917,-0.065170117
0,7.0953293,-0.064260133
0,7.168128,-0.066654153
0,7.2143841,-0.073242679
0,7.2504849,-0.071411565
0,7.3282142,-0.07279738
0,7.3734794,-0.071430504
0,7.3680735,-0.07111574
0,7.3912396,-0.069396436
0,7.3722081,-0.067620702
0,7.3847375,-0.067783415
0,7.4178705,-0.060654834
0,7.4566927,-0.049552195
0,7.4394155,-0.042801447
0,7.3744287,-0.038871277
0,7.3542228,-0.041067433
0,7.3322492,-0.042228892
0,7.250813,-0.049385738
0,7.2662873,-0.048120499
0,7.3061972,-0.0441374
0,7.3209434,-0.045487978
0,7.2367864,-0.04739159
0,7.1832333,-0.050699767
0,7.1587772,-0.057984445
0,7.0661831,-0.066525333
0,7.0137291,-0.075721331
0,6.9277353,-0.096008554
0,6.8907595,-0.11394715
0,6.9523826,-0.12852554
0,7.0384545,-0.13719322
0,7.0669785,-0.13827208
0,7.1322856,-0.13781002
0,7.1993198,-0.14111029
0,7.2405043,-0.14140384
0,7.2538538,-0.14088744
0,7.2182646,-0.14953575
0,7.2282228,-0.15963855
0,7.3023243,-0.17064269
0,7.3227372,-0.17229286
0,7.3295598,-0.17381693
0,7.372427,-0.1732897
0,7.3316207,-0.17984729
0,7.2886624,-0.1962681
0,7.232841,-0.21328937
0,7.2045135,-0.2321481
0,7.3328485,-0.24197051
0,7.4962726,-0.24661742
0,7.6289415,-0.24630316
0,7.7801394,-0.2548238
0,7.9282918,-0.25230357
0,7.9417548,-0.23788296
0,7.9522824,-0.23787062
0,7.9134026,-0.24355549
0,7.887517,-0.25050354
0,7.807807,-0.25567427
0,7.737987,-0.26731959
0,7.655622,-0.27749375
0,7.5318546,-0.30079713
0,7.4707842,-0.32104641
0,7.506249,-0.3483274
0,7.6179242,-0.36505315
0,7.7557268,-0.37236044
0,7.8498511,-0.37960342
0,7.868269,-0.38726255
0,7.9151177,-0.398855
0,7.8995724,-0.41091347
0,7.9542813,-0.4233138
0,7.9075165,-0.43421051
0,7.9292684,-0.45578688
0,7.9288182,-0.47309986
0,7.9990854,-0.49322674
0,8.0723372,-0.5157305
0,8.1398458,-0.52837098
0,8.211132,-0.54446238
0,8.2673578,-0.56542569
0,8.2502775,-0.58095586
0,8.2932606,-0.60225517
0,8.2750959,-0.62596697
0,8.2267818,-0.64353502
0,8.2811956,-0.68450397
0,8.3060894,-0.71604365
0,8.4293423,-0.73729247
0,8.5823278,-0.76253116
0,8.7140131,-0.77715075
0,8.8723106,-0.79287046
0,8.9352436,-0.80523843
0,8.9528112,-0.83445501
0,8.9404774,-0.86833596
0,8.9201126,-0.89504582
0,8.9824743,-0.92427546
0,9.0418549,-0.95962036
0,9.1914978,-0.98364055
0,9.3886585,-0.98668969
0,9.4878168,-0.98855704
0,9.6179485,-0.98294836
0,9.5930824,-0.97165126
0,9.4119329,-0.98543096
0,9.2211161,-1.0428041
0,9.2789783,-1.110526
0,9.3389807,-1.1376868
0,9.2151928,-1.1613299
0,9.4399328,-1.2355727
0,9.5166826,-1.2515528
0,9.6842518,-1.2899771
0,9.9216976,-1.3160533
0,10.171265,-1.3570979
0,10.28578,-1.3830063
0,10.323908,-1.4052144
0,10.687099,-1.4634649
0,10.873261,-1.4358857
0,10.718076,-1.4230533
0.67142856,10.810862,-1.602486
0,11.090837,-1.4811614
0.67142856,11.062263,-1.5530148
1.3428571,11.487991,-1.7325398
1.3428574,11.286158,-1.61883
1.3428569,11.457927,-1.6297956
2.014286,11.658062,-1.6633651
2.0142851,11.643807,-1.6894418
1.3428574,11.979794,-1.5579902
2.6857147,11.718423,-1.7148834
1.3428574,11.078674,-1.3525531
2.6857147,11.96202,-1.7558359
1.3428555,12.509741,-1.3963609
2.6857147,12.639201,-1.6291614
1.3428574,11.802419,-1.2905552
2.6857147,11.343065,-1.5772777
1.3428574,11.255215,-1.3512079
2.6857147,11.354133,-1.592916
2.014286,11.872118,-1.5139177
2.014286,11.549908,-1.3352488
2.014286,11.325778,-1.3809444
2.0142822,11.107696,-1.3335439
2.0142899,11.257442,-1.3395288
2.0142822,11.614925,-1.3564055
1.3428574,11.431357,-1.070617
1.3428612,11.391058,-1.1169183
1.3428535,10.600497,-1.0298041
1.3428574,10.908136,-1.2149909
0.67142868,10.934945,-1.0126113
0.6714325,10.857005,-1.0887111
0.67142487,11.16456,-1.1471066
0.67142868,10.87888,-1.0779132
0.67142868,10.822909,-1.1487219
0.67142868,10.361609,-1.1037451
0,10.496634,-1.1516991
0,10.395241,-1.1439296
0,10.324525,-1.208746
0,9.681879,-1.1539186
0,9.585886,-1.2719404
0,9.6265049,-1.3346
0,9.5361176,-1.3865047
0,9.454174,-1.3967259
0,9.1124897,-1.4709297
0,9.0177755,-1.5448564
0,9.2837381,-1.5682764
1.3428574,9.2705746,-1.8890463
0.67142487,9.287384,-1.8125713
0.6714325,8.83251,-1.8231121
2.014286,8.1628122,-2.2370925
1.3428535,7.9764233,-2.1716523
2.0142899,8.0293589,-2.390142
2.6857109,8.158287,-2.4440274
2.6857185,8.4855576,-2.4329436
3.3571396,8.832901,-2.5613518
3.3571472,9.7566614,-2.5049045
4.0285645,10.818196,-2.508651
4.0285797,11.728469,-2.4397116
5.3714218,12.525601,-2.4619236
4.0285797,12.727403,-2.1128857
5.3714218,13.365091,-2.2479417
5.3714294,13.53792,-2.1344106
4.7000046,13.131533,-1.9456314
4.6999969,12.586029,-1.9817501
5.3714218,11.213998,-1.9815717
4.7000046,11.08953,-1.8828056
4.6999969,10.626644,-2.0111387
4.0285797,10.612902,-1.9386253
5.3714218,8.7486706,-2.3035645
4.0285645,7.7586408,-2.2130284
4.7000122,6.4680357,-2.3901851
4.7000122,7.5912156,-2.6040113
4.6999817,6.6873007,-2.6524432
4.6999969,6.6353664,-2.8136075
5.3714447,6.2198386,-2.9805546
5.3714142,5.894206,-3.010093
5.3714294,7.4710069,-3.0751317
6.0428619,8.9896774,-3.1152484
6.0428467,10.004579,-2.9881482
6.7142944,11.766046,-2.9311235
6.7142792,12.201944,-2.6517851
7.3857117,13.190376,-2.7038746
7.3857117,13.070624,-2.5733452
6.7142944,12.955067,-2.2733994
7.3857269,13.254752,-2.2687941
6.7142792,13.677996,-2.1666703
6.7142792,12.84739,-2.1236744
6.7142944,11.792092,-2.1452358
6.0428619,11.058175,-2.0414143
6.7142639,10.133972,-2.2200303
5.3714294,9.6757202,-2.0005245
6.0428772,8.710022,-2.1447268
6.0428467,8.3607283,-2.3179741
5.3714294,8.4082155,-2.2381868
5.3714294,9.5186768,-2.3262103
5.37146,10.536362,-2.1744213
6.0428467,10.576039,-2.2180779
6.0428467,10.913731,-2.1612439
5.3714294,11.304722,-1.8091866
5.3713989,11.654163,-1.6589296
4.7000122,12.316116,-1.4355546
4.7000122,12.587775,-1.5966451
5.3713989,11.735544,-1.8109757
4.028595,10.826612,-1.7028753
4.0285645,9.4923611,-1.6520671
3.3571472,9.0693617,-1.6220473
3.3571472,8.9072895,-1.6904539
2.6856995,8.8294172,-1.7210463
2.68573,8.1284037,-1.6701144
2.6856995,7.7027645,-1.7816025
3.3571472,8.061368,-2.0116596
3.3571472,8.842845,-2.0125895
2.6856995,9.4776373,-1.8160356
3.3571777,9.9203644,-1.859198
3.3571472,9.3176823,-1.7899476
4.0285645,9.4981632,-1.9274402
2.6856995,9.1011839,-1.5571409
3.3571472,8.4812422,-1.7038579
2.68573,8.0627718,-1.6897144
3.3571167,8.013525,-1.7362146
2.68573,7.8491979,-1.6556268
2.6856995,7.938489,-1.6745858
2.68573,7.7420125,-1.7394562
2.68573,8.195509,-1.901371
2.6856995,8.0263996,-1.8981471
2.68573,7.8375688,-1.8738654
2.6856995,7.5873141,-1.9307052
2.6856995,7.3230829,-2.0398347
2.6856995,7.0793204,-2.1005878
3.3571777,7.7612576,-2.3613408
3.3571472,7.6617341,-2.379437
3.3571472,7.4843812,-2.269783
3.3571167,7.8886123,-2.3577189
4.0285645,8.7200775,-2.4553633
2.68573,9.0711384,-2.0848987
3.3571167,10.620697,-2.2101901
3.3571777,10.019154,-2.0337789
3.3571472,9.6378222,-2.0087092
2.6856995,8.8507309,-1.8202422
3.3571472,9.1676979,-2.0206003
2.68573,8.6289682,-1.9348466
2.6856995,9.3268909,-2.1247804
3.3571472,9.097064,-2.1780868
3.3571472,9.190443,-2.3349257
3.3571167,9.8178787,-2.2828128
3.3571472,9.1870356,-2.4120154
4.028595,9.1439075,-2.4453471
4.0285645,8.7897892,-2.4052989
4.0285645,8.7087946,-2.5463026
4.028595,7.1406021,-2.4284275
4.0285339,6.1186409,-2.5813994
5.37146,5.0756631,-3.0114355
5.3714294,5.6914301,-3.0233672
5.3713989,6.2954731,-3.1468084
6.0428772,7.4323182,-3.4085584
6.0428467,7.4246306,-3.2128406
7.3857422,7.5024018,-3.3612297
7.3856812,7.2120438,-3.4525223
8.0571289,9.7310429,-3.6119781
7.3857422,10.095624,-3.2571924
8.7285767,12.24809,-3.4443738
8.0571289,12.374956,-3.0181077
9.4000244,12.459841,-2.99419
8.7285767,13.494085,-2.7285528
8.7285767,13.48416,-2.3682086
8.7285767,13.605695,-2.1981604
8.0570679,12.672224,-1.9250206
7.3857422,14.003107,-1.882967
7.3857422,13.313243,-2.0357113
7.3856812,11.930565,-2.1283684
6.7143555,10.329457,-2.0942068
6.0427856,9.8372612,-2.259845
6.0429077,10.077377,-2.4686439
6.0427856,10.59253,-2.2933636
6.0429077,9.162468,-2.1302342
6.0428467,7.9328928,-2.3791468
6.0428467,8.6241322,-2.6052835
5.37146,9.4851112,-2.4278998
5.37146,9.4434996,-2.495203
6.0427856,9.9981833,-2.6712546
6.0429077,9.8222237,-2.5965159
6.0427856,10.212075,-2.762157
6.7142944,10.4288,-2.819541
6.7142944,10.350104,-2.8224239
6.7143555,10.714482,-2.6049681
7.3856201,11.197219,-2.8477893
6.7143555,12.491323,-2.6200256
7.3856812,12.5137,-2.6090865
7.3857422,11.745332,-2.3446541
6.7142334,10.882783,-2.2023189
7.3857422,10.360567,-2.3601944
6.7142944,10.414825,-2.3699281
7.3857422,9.7284565,-2.5595455
6.7142334,9.4291029,-2.4173303
6.7142944,9.646637,-2.4964507
6.7142944,8.9833584,-2.2285447
6.7142334,9.0802565,-2.3141963
6.0429077,9.0371037,-2.1963162
6.7142944,9.1517391,-2.4319744
6.0429077,8.4000225,-2.3009756
5.3713989,8.3350401,-2.2230406
6.0428467,8.0404263,-2.3261604
6.0428467,8.2985258,-2.4040694
5.37146,8.7350883,-2.4179161
6.7142944,9.1853838,-2.5563545
5.3713989,9.6986027,-2.4919367
6.0428467,8.1183519,-2.2722211
6.0429077,8.3857441,-2.4807539
6.0427856,8.2253933,-2.3223021
6.0429077,8.2790995,-2.4082549
6.7142944,7.8691735,-2.5149226
5.3713989,7.3021717,-2.1953447
6.7142944,7.8078175,-2.4137306
6.0427856,8.3123569,-2.4000001
6.0429077,9.0596371,-2.4771776
6.0428467,7.5378704,-2.2089419
6.0428467,7.096015,-2.3652096
6.7142944,6.9546657,-2.4431338
6.0429077,6.6735821,-2.2399955
6.0427856,6.0202646,-2.2921991
6.7142944,6.07514,-2.4021206
6.7142944,5.5634446,-2.2439816
6.0429077,6.1827464,-2.2522542
6.0428467,6.4753408,-2.0461268
6.7142944,6.7033134,-2.3187196
5.3713989,6.4089127,-2.0046129
6.7142944,6.3966002,-2.1537364
5.37146,5.6279588,-2.1171362
5.3713989,5.0759654,-2.1532669
6.0428467,3.717737,-2.4409118
5.37146,3.2838447,-2.3872638
5.3713989,3.8555577,-2.3140807
5.37146,3.365576,-2.3982513
5.3713989,3.211849,-2.6184556
6.0428467,3.5235443,-2.6487541
5.37146,4.258862,-2.4880302
5.37146,4.9538803,-2.3695807
6.7142334,5.3997703,-2.5593653
5.37146,5.8318729,-2.3040092
6.7142334,5.4754343,-2.4869416
6.0428467,5.9637532,-2.285728
6.0428467,5.6610203,-2.2301214
6.7142334,5.136045,-2.3168731
6.7143555,5.2646418,-2.2688117
6.0428467,4.8348546,-2.0708237
6.0429688,3.8791027,-2.0980694
6.7142334,3.7332692,-2.4975445
6.0428467,4.3615804,-2.4536428
6.7143555,4.4486823,-2.5886066
6.0427246,5.3224459,-2.4433827
6.7143555,6.3131266,-2.4920084
6.7142334,6.4294953,-2.4066312
6.7142334,6.1001759,-2.2348495
6.7143555,5.3314152,-2.1021173
6.0429688,4.8000641,-1.896173
6.0427246,4.914556,-1.9075501
5.37146,5.56428,-1.8470036
6.0429688,5.9237418,-1.9439688
5.3713379,5.1466866,-1.7485983
5.3713379,4.3437209,-1.683443
5.37146,3.868624,-1.7666134
5.37146,3.9499915,-2.0308592
4.7000732,3.3509073,-2.0260644
5.3713379,3.2613959,-2.2550948
5.3713379,2.980582,-2.2600996
5.371582,3.4021869,-2.2721522
6.0428467,4.7523046,-2.4467108
4.6999512,4.3418012,-1.785489
5.37146,2.7668474,-1.995152
5.37146,1.7102433,-2.088299
4.6999512,2.1696522,-2.1193116
4.6999512,2.8450067,-2.011374
5.37146,2.2879069,-2.1106791
4.7000732,2.0552695,-2.084991
4.6999512,2.1263983,-1.9590877
5.37146,1.9046333,-2.2052279
4.6999512,2.9419343,-2.2668769
4.7000732,2.5551574,-2.1869872
5.3713379,2.8839769,-2.3723929
5.37146,2.6745586,-2.2820878
5.37146,2.6624649,-2.2998548
4.6999512,2.6662958,-2.176723
5.371582,3.3989258,-2.4118214
5.3713379,3.6261966,-2.4627366
5.3713379,3.8395858,-2.2761533
5.37146,3.6048365,-2.262491
6.0429688,4.824297,-2.419081
5.3713379,5.3212833,-2.2815869
5.37146,5.7255969,-2.2173853
6.0427246,4.6747942,-2.1991577
6.0429688,4.2281275,-2.3187575
5.37146,4.6605072,-2.1844432
5.3713379,5.2728128,-2.1490769
6.0429688,5.6325865,-2.205586
5.3713379,4.551949,-1.913605
6.0428467,5.1700182,-2.1799324
5.37146,4.7552195,-2.0780215
5.37146,5.3423648,-2.1877871
5.3713379,4.7811408,-1.9321007
5.371582,3.7666492,-1.9674612
4.6999512,4.1651359,-1.6908714
4.6999512,4.3706431,-1.7680479
5.37146,4.1523571,-1.8266208
4.7000732,4.5353031,-1.7078789
4.6999512,3.5760067,-1.6989253
4.0285645,3.0089889,-1.5268537
4.6999512,2.5365894,-1.5763823
4.7000732,3.0780149,-1.6422257
4.0285645,4.067831,-1.6391474
4.0285645,3.1595137,-1.4430709
4.0285645,2.6231799,-1.5089895
2.6856689,2.8567736,-1.2756932
4.0286865,2.9463813,-1.5575424
3.3570557,3.1179879,-1.5592923
3.3571777,3.0580943,-1.5455948
2.6856689,2.5158238,-1.2027147
3.3570557,2.011595,-1.4158227
3.3571777,2.2347159,-1.5677067
2.6856689,2.1490314,-1.4072404
3.3572998,1.7196277,-1.4778839
3.3570557,1.2814641,-1.5220757
2.685791,1.4196687,-1.4481573
3.3570557,1.3159914,-1.6038835
3.3571777,1.1530777,-1.6519614
2.685791,0.40155786,-1.5062444
3.3570557,-0.50948817,-1.6506708
3.3571777,-0.70680773,-1.8123419
2.6856689,-0.83300084,-1.6646653
3.3571777,-0.79052711,-1.8955532
3.3570557,0.59397382,-1.3975251
3.3572998,0.8870911,-1.399339
3.3570557,0.97675568,-1.6616484
3.3571777,1.2670044,-1.6521962
3.3570557,1.7417507,-1.6521454
3.3571777,2.3171895,-1.627134
3.3570557,2.9797337,-1.4413947
2.6859131,3.2960258,-1.2187235
3.3570557,3.2920029,-1.2996541
2.6856689,3.5234394,-1.156744
2.685791,3.4366505,-1.1110826
2.0142822,2.9548857,-0.98974538
2.0141602,2.3738391,-1.1025093
2.0142822,2.2200673,-1.1562096
2.0142822,1.9442413,-1.077666
2.0144043,1.5417839,-1.0649216
1.3428955,0.89185673,-0.99301767
1.3427734,1.0838232,-1.0910436
2.0142822,1.2395936,-1.1832589
2.0142822,1.1001968,-1.1657672
1.3428955,1.2058448,-1.0582153
2.0142822,1.216195,-1.1453878
2.0142822,1.1370298,-1.0747722
1.3427734,1.0344058,-0.98439097
2.0142822,0.96691787,-1.0848948
2.0142822,0.5742138,-1.0852451
1.3430176,0.45353246,-1.0103291
2.0142822,0.36015087,-1.0783114
2.0142822,0.021348476,-1.0320485
2.0142822,-0.19314337,-1.1043483
1.3427734,0.13062888,-1.0246177
2.0142822,0.31619912,-1.0367099
1.3428955,0.036161169,-0.84865522
2.0142822,0.49961826,-1.0632027
1.3427734,0.57986599,-0.9162637
2.0142822,0.68302655,-0.99568594
1.3430176,0.86420721,-0.77002251
1.3427734,0.49381244,-0.77999067
1.3428955,0.8963806,-0.85192233
0.67138672,1.017434,-0.62631619
1.3428955,0.77125764,-0.71473372
0.67138672,0.6356954,-0.63217038
0.67150879,0.87889707,-0.69452059
0.67138672,0.61291957,-0.58644831
0.67138672,0.90853339,-0.65051454
0.67150879,1.0770934,-0.58166069
0,0.99816972,-0.42552626
0,0.73731011,-0.39546984
0,0.57401896,-0.44951534
0,0.46984988,-0.51853108
0,0.77187371,-0.5162257
0,0.59685731,-0.38279563
0,0.47984597,-0.40300012
0,0.28795704,-0.36897567
0,0.16026051,-0.34410274
0,0.037758473,-0.3178699
0,-0.13659279,-0.28961349
0,-0.26116487,-0.26691777
0,-0.51315916,-0.2363393
0,-0.6478374,-0.22493914
0,-0.80901903,-0.19644655
0,-0.95254362,-0.18623707
0,-1.1171625,-0.16372675
0,-1.2829131,-0.15330805
0,-1.4246401,-0.14176428
0,-1.599463,-0.12972641
0,-1.7291619,-0.12487263
0,-1.8939327,-0.11703947
0,-2.0818655,-0.11371298
0,-2.2524769,-0.11209078
0,-2.419806,-0.11076587
0,-2.5908976,-0.11520489
0,-2.6854734,-0.11821769
0,-2.849571,-0.12725206
0,-2.9614735,-0.13593982
0,-3.0577798,-0.14880468
0,-3.1539106,-0.16680954
0,-3.1978936,-0.17994376
0,-3.2026632,-0.20126589
0,-3.2029757,-0.21699615
0,-3.2101948,-0.23882261
0,-3.1926253,-0.26234889
0,-3.1738236,-0.28230926
0,-3.1164675,-0.30459896
0,-3.0784004,-0.32186219
0,-3.0295267,-0.34484461
0,-2.93857,-0.36100891
0,-2.8218091,-0.37355906
0,-2.6783195,-0.38736123
0,-2.5079257,-0.3964799
0,-2.3246176,-0.40642947
0,-2.1753435,-0.41717789
0,-1.9372039,-0.41905105
0,-1.7623994,-0.42102551
0,-1.6015724,-0.41854686
0,-1.4988062,-0.41830143
0,-1.4236362,-0.41579181
0,-1.2933947,-0.40369111
0,-1.2287527,-0.39497846
0,-1.1473609,-0.38304096
0,-1.1066865,-0.37298235
0,-1.0694599,-0.36192989
0,-1.0100805,-0.35357678
0,-0.9804427,-0.33854285
0,-0.99443412,-0.32567388
0,-0.96551329,-0.313721
0,-1.012678,-0.30011523
0,-1.1299103,-0.29180759
0,-1.2158167,-0.28540269
0,-1.3763124,-0.2632274
0,-1.6672471,-0.29390013
0,-1.811154,-0.29585677
0,-2.1281691,-0.3061243
0,-2.2957428,-0.35209078
0,-2.5429053,-0.35822451
0,-2.8249476,-0.41086552
0,-2.9973407,-0.45265579
0,-3.1752226,-0.50687075
0,-3.2802382,-0.55661756
0,-3.3554623,-0.61161327
0,-3.4709566,-0.67313349
0,-3.5163858,-0.72943199
0,-3.5717468,-0.8055672
0,-3.5062392,-0.87864202
0,-3.4285283,-0.95013392
0,-3.3257809,-1.0286678
0,-3.1949694,-1.1014643
0,-3.0974138,-1.1809664
0,-2.9212153,-1.2642721
0,-2.7832749,-1.3507382
0,-2.5509593,-1.4364434
0,-2.2169218,-1.4958653
0.67138672,-1.7933151,-1.6462185
0.67138672,-1.2276351,-1.6155624
1.3428955,-0.54802036,-1.6099582
2.0142822,-0.4496164,-1.6324797
2.0142822,-0.065108962,-1.5871583
2.6856689,0.34699896,-1.6273911
2.0144043,0.73279071,-1.4279104
2.6856689,1.1741682,-1.5091449
2.6856689,1.6518437,-1.4698484
2.6856689,2.0381322,-1.3557563
3.3571777,1.7999867,-1.4062774
2.6856689,1.9104673,-1.3181046
2.6856689,1.9669253,-1.2692244
2.0144043,2.0317707,-1.0645868
2.685791,1.4798772,-1.2105671
2.0141602,1.2658074,-1.0882612
2.685791,1.0019453,-1.2493353
1.3427734,0.93682396,-1.015831
2.0142822,0.68500036,-1.1395773
2.0142822,0.009932269,-1.1611066
1.3428955,0.082526498,-1.0699712
2.0142822,-0.16973928,-1.1906286
1.3427734,-0.2901673,-1.0462863
2.0144043,-0.54162717,-1.2319183
1.3428955,-0.42100832,-1.1554538
1.3427734,-0.28731102,-1.1494081
1.3428955,-0.54681313,-1.0842044
2.0142822,-0.94301403,-1.2803874
1.3428955,-1.3017045,-1.1757169
2.0142822,-1.6570507,-1.4428489
1.3427734,-2.0218222,-1.421717
1.3428955,-1.4999977,-1.5945013
2.6856689,-1.5664968,-1.4458389
2.0144043,-2.2256289,-1.4848568
2.0142822,-3.0161052,-1.52264
2.6856689,-2.9623644,-1.7331667
2.6856689,-2.8070014,-1.7090919
2.685791,-2.8281896,-1.7268956
3.3570557,-2.1375515,-1.8350676
3.3571777,-2.240252,-1.8033218
2.685791,-1.5834914,-1.7302701
4.0285645,-2.0182614,-1.9951217
2.6856689,-1.7791617,-1.7630279
4.0285645,-1.1400819,-1.897085
3.3570557,-1.4063972,-1.8442951
4.0285645,-1.2539032,-1.9484165
3.3572998,-1.5451785,-1.9432158
4.0284424,-1.4166176,-2.019906
4.0285645,-0.65326256,-2.2043407
4.0285645,-1.2806334,-2.245425
4.7000732,-2.5866222,-2.2883782
4.6999512,-2.8579834,-2.1965899
4.0285645,-3.4552839,-1.9002885
5.37146,-1.9105625,-2.2638888
4.7000732,-0.43507943,-2.1881242
4.6999512,1.0388242,-2.2416286
4.6999512,1.8901495,-2.0906267
4.6999512,3.1812375,-2.0285141
5.371582,3.0899968,-2.1057355
5.3713379,2.8100677,-2.0539408
5.37146,2.5700839,-2.045424
4.6999512,2.024436,-1.8144028
4.7000732,1.8505843,-1.7385294
4.6999512,1.757148,-1.8420141
4.6999512,1.2800531,-1.9433368
4.0285645,0.56434399,-1.9274125
4.7000732,0.85728377,-1.9494947
4.6999512,1.813285,-2.0460753
4.0285645,3.2311428,-2.0934918
5.37146,3.4919252,-2.4300752
4.0286865,2.2293227,-2.1735327
5.3713379,0.66235155,-2.1504016
4.0285645,-0.23812291,-1.8012102
5.3713379,-0.17309156,-2.0761037
4.0286865,0.36750603,-1.9249715
4.6999512,0.076066352,-2.0645056
4.7000732,-0.072852954,-1.9202564
4.6999512,0.64246202,-1.9825327
4.7000732,0.62123644,-1.9854001
4.6999512,0.87110507,-1.9281938
4.6999512,1.3669305,-1.966871
4.0285645,1.4590527,-1.8218359
4.7000732,1.810547,-1.9412971
4.6999512,0.89949006,-1.7606816
4.0285645,1.1267005,-1.6305501
4.0285645,1.0118873,-1.5737059
4.0286865,1.2058977,-1.7061113
4.0285645,0.71282238,-1.5220999
4.0284424,0.71770185,-1.6781988
4.0285645,0.74581134,-1.5470722
3.3571777,-0.11415135,-1.3877383
3.3570557,-0.882303,-1.418044
4.0286865,-1.5160195,-1.6452368
3.3571777,-1.3213735,-1.6316955
3.3570557,-1.2329437,-1.6184373
3.3571777,-1.0955385,-1.4844742
3.3570557,-1.6706331,-1.5010188
2.6859131,-1.861583,-1.3867146
3.3570557,-1.8013117,-1.4866093
2.6856689,-1.7651377,-1.3588997
2.685791,-1.3225178,-1.3245062
2.6856689,-1.2091647,-1.2744652
2.6856689,-0.87413859,-1.3014611
2.0142822,-0.40310311,-1.1961738
2.685791,-0.21093489,-1.3173882
2.6856689,0.13329414,-1.2163064
2.685791,0.083295204,-1.2026776
2.0142822,-0.10956741,-1.0654812
2.0142822,-0.40736568,-1.0210696
2.6856689,-0.8659513,-1.2046156
1.3427734,-0.99133706,-1.0285722
2.685791,-1.0027081,-1.3051445
1.3427734,-0.92204201,-1.0493944
2.0144043,-1.3114439,-1.1130911
2.0142822,-1.5913205,-1.2169368
1.3428955,-1.3922896,-1.0938993
2.0142822,-1.1564002,-1.2152288
1.3427734,-1.0513167,-1.0616446
1.3428955,-0.94237232,-1.003834
1.3427734,-1.3769224,-0.96295989
1.3428955,-1.3992457,-1.1316265
0.67138672,-0.69751894,-1.1089724
1.3428955,-0.72163182,-1.0860658
0.67138672,-0.27351376,-0.99075913
0.67150879,-0.087897211,-0.93491787
1.3427734,-0.03809176,-0.9642247
1.3430176,-0.031155935,-0.87096369
0,-0.26532036,-0.59395862
0,-0.70684111,-0.58680236
0,-0.73873174,-0.65187973
0,-0.90858805,-0.60639864
0,-1.3445146,-0.55814189
0,-1.5977684,-0.56592649
0,-1.9750513,-0.5446893
0,-2.3039241,-0.55399156
0,-2.5618119,-0.54606521
0,-2.8356206,-0.54859257
0,-3.0765226,-0.54824203
0,-3.2742817,-0.55517471
0,-3.3998518,-0.56332564
0,-3.5132308,-0.56994355
0,-3.7614722,-0.58055913
0,-3.8800106,-0.58962238
0,-3.9464006,-0.60103309
0,-3.9756248,-0.61121482
0,-4.0139532,-0.62238288
0,-3.9914043,-0.61998862
0,-3.7905297,-0.62362993
0,-3.644928,-0.57409227
0,-3.4235013,-0.57843202
0,-3.3828993,-0.5497039
0,-3.2431226,-0.54246396
0,-3.193126,-0.50652391
0,-3.1228528,-0.48671246
0,-3.1717467,-0.45458364
0,-3.2891505,-0.43532914
0,-3.4448121,-0.42534181
0,-3.5851095,-0.41970208
0,-3.7735314,-0.41307098
0,-3.9686224,-0.41104886
0,-4.1000986,-0.41426352
0,-4.2228355,-0.41676378
0,-4.276269,-0.41697541
0,-4.2928257,-0.41892886
0,-4.2947526,-0.4195995
0,-4.3206053,-0.40948167
0,-4.2079353,-0.40183306
0,-4.1947808,-0.39336079
0,-4.1324558,-0.37909126
0,-4.0298071,-0.36268422
0,-4.0043097,-0.34156963
0,-3.947531,-0.32614517
0,-3.8795855,-0.30426669
0,-3.913563,-0.28109103
0,-3.8694623,-0.25698808
0,-3.8947294,-0.22758262
0,-3.9385147,-0.2020852
0,-4.0596256,-0.18287681
0,-4.1918807,-0.16309291
0,-4.3627849,-0.15163897
0,-4.5401816,-0.13956316
0,-4.6227031,-0.1342392
0,-4.7240024,-0.11475986
0,-4.7776194,-0.10425603
0,-4.8826365,-0.082840323
0,-4.9804244,-0.069013685
0,-5.0861173,-0.058794737
0,-5.1987062,-0.045271695
0,-5.2658806,-0.034828424
0,-5.3676825,-0.022224575
0,-5.4487209,-0.017960817
0,-5.4979625,-0.006902486
0,-5.5431147,0.004110903
0,-5.5606613,0.012646258
0,-5.6061234,0.024665803
0,-5.628191,0.039444596
0,-5.6344447,0.050582439
0,-5.6997266,0.063541472
0,-5.7702684,0.077386022
0,-5.7663937,0.090081096
0,-5.8149018,0.10080221
0,-5.8806248,0.11612383
0,-5.9129648,0.13663369
0,-5.9750333,0.15142497
0,-5.9713306,0.16349369
0,-5.9970961,0.18017223
0,-6.019958,0.19262531
0,-6.0055857,0.20574635
0,-6.0011873,0.22093955
0,-5.9884825,0.23548979
0,-6.0219998,0.2515969
-0.67163086,-6.0161853,0.38819951
-0.67138672,-5.991539,0.40663195
0,-5.8320508,0.31273398
0,-6.0089183,0.39666927
0,-6.0793247,0.3957417
0,-6.1236339,0.42976204
0,-6.1687989,0.44728863
0,-6.2691908,0.48903704
0,-6.3074775,0.51793051
0,-6.3347607,0.55617648
0,-6.4137917,0.58572525
0,-6.4153428,0.62232184
0,-6.4806895,0.66966224
0,-6.467617,0.70629376
0,-6.5089388,0.75470775
0,-6.6153488,0.80911976
0,-6.7238789,0.85668617
0,-6.7800369,0.89868498
0,-6.87363,0.9448579
0,-6.8682418,1.0035555
0,-6.9006019,1.0746971
0,-7.3118577,1.1425655
0,-7.4826021,1.1498971
0,-7.5317054,1.2047362
0,-7.5726147,1.2795966
0,-7.5767589,1.3715725
0,-7.730906,1.4641603
-1.3427734,-7.9220839,1.794313
-0.67150879,-8.1464939,1.7573354
-1.3427734,-9.0913734,1.9202373
-1.3428955,-8.9949741,1.7247006
-2.0142822,-8.6508389,1.9026707
-2.6856689,-8.6632528,2.1413991
-2.0142822,-8.1041508,1.937669
-3.3571777,-8.046133,2.2207465
-2.685791,-8.0110292,2.1239374
-3.3570557,-7.7805128,2.2442806
-3.3571777,-8.1047592,2.2699432
-4.0285645,-8.1143665,2.4157798
-4.0285645,-8.4518967,2.4964437
-4.0284424,-8.6249342,2.4131186
-5.371582,-8.8923855,2.6901917
-5.3713379,-9.2423658,2.5854716
-5.37146,-10.957025,2.2881181
-5.37146,-11.447682,1.7213972
-5.37146,-10.511436,1.4542379
-5.3713379,-9.7071972,1.5004718
-4.6999512,-8.6735134,1.3910859
-4.0286865,-8.5938463,1.2965245
-4.0285645,-7.8976421,1.1590419
-3.3571777,-7.5771704,1.1168748
-4.0284424,-7.1020055,1.3439589
-2.685791,-6.9503107,1.2463963
-3.3571777,-6.7799001,1.4703605
-3.3571777,-7.045084,1.5559942
-2.6856689,-7.1403127,1.455611
-3.3570557,-7.3183703,1.5924501
-3.3571777,-7.147851,1.639593
-3.3570557,-7.2556758,1.7164229
-3.3572998,-7.9273405,1.6631551
-3.3571777,-7.7977719,1.5312066
-3.3570557,-7.7471361,1.5775386
-3.3571777,-8.0349255,1.6198846
-3.3570557,-8.1660995,1.5387132
-3.3572998,-8.177866,1.6611668
-3.3570557,-8.0661554,1.6680205
-3.3571777,-8.1792078,1.6857866
-3.3570557,-7.8194618,1.6773524
-4.0285645,-8.3798018,1.8556259
-3.3572998,-8.5993061,1.699223
-4.0285645,-8.275775,1.7818311
-3.3570557,-8.3651056,1.7232848
-4.0285645,-8.6912098,1.8364607
-4.0285645,-8.6715536,1.8280337
-4.0286865,-8.5475149,1.8198442
-4.0284424,-8.5284681,1.8703995
-4.0285645,-8.5685797,1.8475146
-4.0285645,-8.3012152,1.7134005
-3.3571777,-8.6088753,1.5807827
-4.0286865,-8.4572315,1.7375085
-4.0284424,-8.1251745,1.837689
-4.0285645,-8.0130777,1.8900218
-4.6999512,-7.8835607,2.0307341
-4.0285645,-7.9806509,1.8248055
-4.0286865,-8.5172586,1.7839035
-4.0285645,-7.9681416,1.6958543
-4.0285645,-7.5591207,1.8317269
-4.0285645,-7.408917,1.9014356
-4.0284424,-7.5005178,1.8790162
-4.0286865,-7.6316276,1.8034567
-4.0285645,-7.093255,1.6634272
-4.0285645,-6.9491205,1.7586526
-4.0285645,-6.6529922,1.7984073
-4.7000732,-6.4167657,2.0154531
-4.6999512,-6.5329738,2.0183172
-4.0285645,-6.4446244,1.8725586
-4.0285645,-6.9245782,1.8560014
-4.0286865,-6.5158091,1.7528557
-4.6999512,-7.1311398,1.9446757
-4.6999512,-7.2400665,1.8688062
-4.0285645,-7.0752683,1.7345849
-4.0286865,-7.3667474,1.7856655
-4.6999512,-6.6865292,1.8859828
-4.6999512,-6.6119623,1.9758604
-4.0285645,-7.072504,1.7911632
-4.0285645,-6.6647358,1.7158724
-4.7000732,-6.78473,1.9397819
-4.6999512,-7.4652963,2.015559
-4.0285645,-7.4399705,1.6484547
-4.0285645,-7.1960764,1.5871007
-4.0284424,-6.8072376,1.5273484
-4.0286865,-6.9160981,1.6659263
-4.0285645,-7.0806904,1.7054675
-4.0285645,-7.4134908,1.633177
-4.0285645,-7.0804081,1.5662296
-4.0286865,-7.290813,1.5563591
-4.0284424,-7.0801706,1.6364191
-4.0285645,-7.1036224,1.8515944
-4.0285645,-7.007257,1.8711123
-4.0285645,-6.8932109,1.8303894
-4.0286865,-6.6282868,1.8786843
-4.6999512,-7.5597467,2.1121869
-4.0285645,-8.7812529,1.855557
-4.6999512,-9.1408758,1.7409949
-4.0286865,-9.4755049,1.5600188
-4.0285645,-8.9113073,1.5435106
-4.0284424,-8.2041101,1.6324272
-4.0285645,-7.6624641,1.6542342
-4.0285645,-7.6014705,1.7594576
-4.0286865,-7.5503321,1.8615851
-4.0285645,-7.5263128,1.8941358
-4.0285645,-7.4417577,1.9226658
-4.0285645,-7.1662407,1.9544895
-4.0285645,-8.1171284,1.9467669
-4.0285645,-8.7492428,1.7888566
-4.0285645,-8.9970236,1.7181568
-4.0285645,-8.5742416,1.6895841
-4.0285645,-8.3362217,1.7637852
-4.0286865,-8.5348167,1.8395752
-4.0284424,-8.81707,1.8214443
-4.7000732,-9.3920527,1.9550705
-4.6999512,-9.878912,1.8972807
-4.0286865,-10.541135,1.7656295
-4.0284424,-11.948468,1.5700314
-4.0285645,-12.683819,1.28111
-4.0285645,-12.715611,1.0831591
-3.3571777,-12.590085,0.82515717
-3.3571777,-12.16162,0.74105084
-2.6856689,-11.678134,0.52832162
-2.0142822,-11.034601,0.31135839
-2.0142822,-9.9566393,0.23042929
-1.3428955,-9.0650482,0.37323874
-1.3427734,-9.1029568,0.55973548
-1.3428955,-8.7226763,0.53042841
0,-8.2801771,0.31797308
-0.67138672,-7.9524541,0.44511819
0,-7.6874514,0.38434565
0,-7.5807581,0.39834768
0,-7.4160743,0.43400842
0,-7.3317156,0.47246945
0,-7.5186186,0.45131975
0,-7.3175063,0.38624668
0,-7.2127891,0.35457414
0,-7.1941204,0.3435033
0,-7.0181336,0.30609733
0,-6.9804068,0.28919679
0,-6.9004602,0.24984443
0,-6.8521585,0.21966642
0,-6.8287325,0.17436761
0,-6.8248529,0.12971008
0,-6.853097,0.070183814
0,-6.7696486,0.008699596
0,-6.7029119,-0.055186957
0,-6.6495833,-0.12362361
0,-6.4949441,-0.19475463
0,-6.3774457,-0.27321231
0,-6.1075234,-0.34992394
0,-5.8363595,-0.39226529
0,-5.7765231,-0.44684935
0,-5.513917,-0.53778285
0,-5.3826742,-0.59592956
0,-5.1647639,-0.68757343
0,-4.9665685,-0.76441026
0.67138672,-4.7929726,-0.96909928
0,-4.5826144,-0.9258377
0.67138672,-4.4048257,-1.1138697
0.67150879,-4.4632535,-1.2130142
0,-4.5860434,-1.2269404
0,-4.4798813,-1.3667556
0.67138672,-4.2708163,-1.5913445
0.67138672,-4.1420727,-1.6718872
1.3428955,-3.9489334,-1.8986197
1.3427734,-3.8660772,-1.9860665
2.0142822,-3.7598498,-2.2475572
2.685791,-3.4469199,-2.4752259
2.685791,-3.4062576,-2.5322747
3.3570557,-3.4652669,-2.7160838
4.0285645,-3.6682465,-2.975822
4.0285645,-2.5394657,-3.1712964
5.3713379,-2.5143826,-3.4136488
5.371582,-2.9636576,-3.5601296
5.3713379,-3.1748223,-3.5934024
6.7142334,-3.3464952,-3.8395615
6.7143555,-1.2133917,-3.7946527
7.3857422,-0.75959444,-3.0238776
8.7286377,-2.3113256,-2.8337753
8.0571289,-3.6930337,-2.896471
8.0570068,-4.921391,-3.0452499
7.3858643,-4.6608925,-3.0660176
7.3856201,-3.143193,-3.0254102
8.057251,-3.5667777,-3.3556223
8.0570068,-3.619395,-3.4410796
8.057251,-3.7191188,-3.3771572
8.0571289,-3.3914456,-3.2879677
8.7285156,-4.066824,-3.2444987
8.0571289,-3.9888809,-3.3971655
8.7285156,-3.1358936,-3.634223
8.7286377,-3.0508404,-3.4770255
8.7285156,-3.2028558,-3.4871116
9.4001465,-3.6786342,-3.6764767
9.3999023,-3.7874653,-3.7122276
8.7286377,-4.3520889,-3.477881
9.3999023,-5.0971856,-3.6468158
9.4001465,-5.5827765,-3.8737981
9.3999023,-3.5042784,-3.9836922
9.4000244,-4.8491783,-3.8253927
10.071411,-4.7410879,-4.0179567
10.071411,-5.3712411,-4.1683741
10.071411,-6.1328831,-4.3278627
10.74292,-3.5686345,-4.4217424
10.74292,-0.22654691,-4.0517612
10.742798,2.3200293,-3.5153832
10.74292,4.4300199,-3.0275838
10.742798,5.701304,-2.6128871
9.4000244,6.0292196,-2.1637015
9.3999023,8.1430845,-1.877717
8.7286377,7.4553437,-1.5232779
7.3857422,5.9668522,-1.2809372
6.7142334,5.0440016,-1.2969062
6.7143555,4.1306515,-1.4679247
4.6999512,3.211381,-1.2322202
4.6999512,2.1541216,-1.3380587
4.0286865,0.84546369,-1.4132917
4.6999512,-0.19018416,-1.7975843
4.0285645,-0.61262357,-1.9254484
3.3570557,0.31796196,-1.8324935
4.0285645,0.80175042,-1.7182066
4.0286865,-0.024215635,-1.2196844
4.0285645,-0.56211668,-1.2455418
4.0285645,-1.917935,-1.488626
3.3570557,-2.9708881,-1.4539253
3.3571777,-2.7750144,-1.5557058
3.3571777,-1.1694988,-1.6135817
2.685791,-1.127058,-1.1095086
3.3570557,-0.91274464,-1.2346896
2.6856689,-1.0351186,-1.1221004
2.685791,-1.8239875,-1.1106918
2.0141602,-1.6548179,-0.96619236
2.0142822,-1.3073996,-0.98069429
2.6859131,-0.90244877,-1.1330134
2.0142822,-1.2994051,-0.96991873
2.0141602,-1.5183146,-0.97370756
1.3428955,-1.1240568,-0.8730514
2.0142822,-0.76609641,-0.92951375
1.3428955,-1.0696853,-0.73982257
2.0142822,-1.8868099,-0.90113986
1.3427734,-2.5301623,-0.86710465
1.3428955,-2.476059,-0.92451954
1.3427734,-2.4455359,-0.88300872
1.3428955,-2.5907545,-0.82096469
0.67138672,-2.8662868,-0.72318256
1.3428955,-2.8604603,-0.87063307
0.67138672,-2.8343999,-0.71555996
1.3430176,-2.7927661,-0.87714237
0.67138672,-2.7710192,-0.74568152
0.67138672,-2.6765695,-0.71870017
0,-2.6117511,-0.59117216
0.67150879,-2.611845,-0.72555029
0.67138672,-2.455627,-0.73481876
0,-2.5311635,-0.53995478
0.67138672,-2.8442953,-0.6381045
0.67150879,-3.0027697,-0.68238688
0,-2.9466665,-0.5371514
0,-3.1707001,-0.49580154
0,-3.4041429,-0.50851488
0,-3.7487059,-0.4890036
0,-4.0003848,-0.50700915
0,-4.1852641,-0.59379345
0,-3.9970016,-0.64275312
0,-3.988425,-0.60625947
0,-3.9546566,-0.60191107
0,-3.9348032,-0.61273849
0,-3.9293036,-0.61182946
0,-4.0812011,-0.60579371
0,-4.1598544,-0.61419982
0,-4.2650537,-0.62682021
0,-4.3451519,-0.63695002
0,-4.504837,-0.65649474
0,-4.5458045,-0.66165167
0,-4.6158648,-0.67848229
0,-4.5988894,-0.69370258
0,-4.5777049,-0.70294183
0,-4.544754,-0.71425772
0,-4.5176034,-0.72205722
0,-4.4617782,-0.73513627
0,-4.428864,-0.74241173
0,-4.3384633,-0.74881655
0,-4.2457447,-0.75704777
0,-4.181838,-0.76071268
0,-4.2191825,-0.76241291
0,-4.0931258,-0.76051152
0,-4.0656643,-0.76693922
0,-4.041904,-0.76665497
0,-4.06425,-0.77156228
0,-3.9958417,-0.77987242
0,-4.0202007,-0.78261602
0,-4.0271459,-0.79454046
0,-4.0559144,-0.79956293
0,-4.0334449,-0.81121176
0,-4.0397024,-0.81654191
0,-4.0513372,-0.826316
0,-4.037859,-0.83763105
0,-4.0802712,-0.84356922
0,-4.0680513,-0.85638905
0,-4.0802126,-0.87348706
0,-4.0790553,-0.88620108
0,-4.1435194,-0.90083539
0,-4.117662,-0.91817713
0,-4.1303453,-0.93579096
0,-4.1314826,-0.95056844
0,-4.1730027,-0.97328669
0,-4.16926,-0.99267673
0,-4.1112342,-1.0040058
0,-4.0510015,-1.0159967
0,-3.9996188,-1.0346943
0,-3.8657587,-1.033374
0,-3.759973,-1.0290681
0,-3.6898437,-1.0169088
0,-3.5833743,-1.0031275
0,-3.6282845,-0.96885449
0,-3.4345448,-0.96317828
0,-3.4696074,-0.91133255
0,-3.5696533,-0.92098713
0,-3.5413008,-0.93673348
0,-3.5644197,-0.94911492
0,-3.5693519,-0.96832782
0,-3.6025138,-0.98062086
0,-3.6627305,-0.98158586
0,-3.7398064,-0.98138058
0,-3.8248427,-1.0161464
0,-3.8898304,-1.0349264
0,-3.8014109,-1.0604546
0,-3.8254156,-1.0256721
0,-3.9364417,-1.048409
0,-3.9227016,-1.109787
0,-3.9064739,-1.1163249
0,-3.8336694,-1.1276286
0,-3.8645172,-1.0948896
0,-3.7944975,-1.1466119
0,-3.5718954,-1.184485
0,-3.4764736,-1.1598094
0,-3.2897499,-1.1760697
0,-2.9239652,-1.1912397
0,-3.2342174,-1.1688398
0,-2.7414091,-1.3713235
0,-2.2028215,-1.3208125
0.67138672,-1.7616824,-1.3642702
0,-1.0878224,-1.2194514
0.67138672,-0.7479564,-1.25494
0,-0.62563843,-1.0778267
0,-0.60130274,-1.0097101
0.67150879,-0.74696708,-1.0738138
0.67138672,-0.93607497,-1.0484867
0,-1.0761681,-0.892946
0.67138672,-1.3637424,-0.96062571
0.67150879,-1.9471606,-0.94429719
0,-2.3606627,-0.8908481
0,-2.5590775,-0.90384376
0,-2.8611481,-0.87979752
0,-3.0011842,-0.91006881
0,-3.1589026,-0.8913517
0,-3.2546198,-0.89791048
0,-3.4066594,-0.89662874
0,-3.4774868,-0.90367544
0,-3.5899112,-0.90911114
0,-3.7378745,-0.90712225
0,-3.8144126,-0.91844308
0,-3.946842,-0.92532563
0,-4.0389915,-0.93896115
0,-4.173161,-0.95519245
0,-4.2475886,-0.97614425
0,-4.3539667,-0.99211395
0,-4.4225531,-1.0166361
0,-4.444541,-1.0302967
0,-4.3296518,-1.0561489
0,-4.1763611,-1.0736936
0,-4.0014186,-1.0883685
0,-3.8657334,-1.0987928
0,-3.6654139,-1.1036146
0,-3.4863513,-1.1016598
0,-3.328769,-1.104279
0,-3.1638162,-1.0933157
0,-3.0426364,-1.0911462
0,-2.9162941,-1.0833724
0,-2.757396,-1.0755758
0,-2.6492445,-1.06126
0,-2.5600901,-1.0432962
0,-2.5045962,-1.0248864
0,-2.463099,-1.0040729
0,-2.4464769,-0.98727322
0,-2.493335,-0.96218669
0,-2.5165009,-0.94147944
0,-2.5894649,-0.92449963
0,-2.7085211,-0.91118348
0,-2.8187921,-0.90350521
0,-2.9119132,-0.89702779
0,-3.051971,-0.8924948
0,-3.1278586,-0.89378196
0,-3.2740209,-0.89309704
0,-3.4800448,-0.89893043
0,-3.6337857,-0.90654355
0,-3.7096243,-0.91918576
0,-3.8217249,-0.93300366
0,-3.9703708,-0.94452345
0,-4.0822201,-0.95312321
0,-4.0680656,-0.96868926
0,-4.0454564,-0.97556412
0,-3.9761045,-0.98095816
0,-3.8976958,-0.98441207
0,-3.8588538,-0.98506045
0,-3.8270016,-0.98476845
0,-3.7926171,-0.99519658
0,-3.8571944,-1.0027986
0,-3.8636014,-1.012293
0,-3.7861593,-1.0193183
0,-3.6581402,-1.0240935
0,-3.4537909,-1.0159467
0,-3.267463,-1.0064889
0,-3.1119504,-0.98047161
0,-3.0032232,-0.96087664
0,-3.0147238,-0.93945926
0,-3.0608263,-0.92934334
0,-3.148824,-0.91801608
0,-3.2258339,-0.91880304
0,-3.3177993,-0.91558397
0,-3.4116571,-0.9234488
0,-3.4914482,-0.93389416
0,-3.6231174,-0.9391824
0,-3.7507668,-0.94933307
0,-3.8350668,-0.956074
0,-3.9427238,-0.97025585
0,-3.9940391,-0.97994018
0,-4.0424328,-0.99647856
0,-4.1161408,-1.014842
0,-4.1782002,-1.0338475
0,-4.0990596,-1.0497392
0,-3.8118143,-1.0564802
0,-3.4004047,-1.0536991
0,-2.886858,-1.0086299
0,-2.3111169,-0.94877762
0,-1.7858943,-0.86567169
0,-1.4026749,-0.76871473
0,-1.2285154,-0.66508812
0,-1.2248574,-0.5824703
0,-1.2613082,-0.51877493
0,-1.4565121,-0.44373393
0,-1.7666197,-0.38205901
0,-2.1539571,-0.32576656
0,-2.5386238,-0.27694708
0,-2.8857427,-0.23893934
0,-3.2780538,-0.19509053
0,-3.7107875,-0.15909612
0,-4.1018147,-0.13148236
0,-4.4538908,-0.097495079
0,-4.7874246,-0.071453512
0,-5.1069283,-0.046920717
0,-5.3525963,-0.026818752
0,-5.5832109,-0.009320498
0,-5.831028,0.013835073
0,-6.0652308,0.038892508
0,-6.1715031,0.068796158
0,-6.3204193,0.09598875
0,-6.4922223,0.12037212
0,-6.5846138,0.14524972
0,0,0
0,0,0
0,0,0
0,0,0
0,0,0
0,0,0
0,0,0
0,0,0
0,0,0
0,0,0
0,0,0
0,0,0
0,0,0
0,0,0
0,0,0
0,0,0
0,0,0
0,0,0
0,0,0
0,0,0
0,0,0
0,0,0
0,0,0
0,0,0
0,0,0
0,0,0
0,0,0
0,0,0
0,0,0
0,0,0
0,0,0
0,0,0
0,0,0
0,0,0
0,0,0
0,0,0
0,0,0
0,0,0
0,0,0
0,0,0
0,0,0
0,0,0
0,0,0
0,0,0
0,0,0
0,0,0
0,0,0
0,0,0
0,0,0
0,0,0
0,0,0
0,0,0
0,0,0
0,0,0
0,0,0
0,0,0
0,0,0
0,0,0
0,0,0
0,0,0
0,0,0
0,0,0
0,0,0
0,0,0
0,0,0
0,0,0
0,0,0
0,0,0
0,0,0
0,0,0
0,0,0
0,0,0
0,0,0
0,0,0
0,0,0
0,0,0
0,0,0
0,0,0
0,0,0
0,0,0
0,0,0
0,0,0
0,0,0
0,0,0
0,0,0
0,0,0
0,0,0
0,0,0
0,0,0
0,0,0
0,0,0
0,0,0
0,0,0
0,0,0
0,0,0
0,-0.17695045,-0.034012269
0,-0.22608852,-0.034695666
0,-0.28102085,-0.029272586
0,-0.30154863,-0.023486251
0,-0.33065885,-0.015102195
0,-0.36680305,-0.011442334
0,-0.35323223,0.000277437
0,-0.37559956,0.008298664
0,-0.41457635,0.019449076
0,-0.38685337,0.028926453
0,-0.42830673,0.037922211
0,-0.46991238,0.051377878
0,-0.52842873,0.057787832
0,-0.63869327,0.067405686
0,-0.73517972,0.075335525
0,-0.8286742,0.081187636
0,-0.89181828,0.091415033
0,-0.95334822,0.090970926
0,-1.0886722,0.096474834
0,-1.1700851,0.094430476
0,-1.3212737,0.091550276
0,-1.3822266,0.09224432
0,-1.5235697,0.087345928
0,-1.6116954,0.084791355
0,-1.6565781,0.075292021
0,-1.7137028,0.070419021
0,-1.6958897,0.066389158
0,-1.7440723,0.063359149
0,-1.708907,0.055932287
0,-1.651548,0.049880013
0,-1.6888721,0.045265354
0,-1.662026,0.040010579
0,-1.6549149,0.039144263
0,-1.589566,0.03696464
0,-1.5209273,0.036255032
0,-1.4539977,0.031782079
0,-1.4289551,0.037338093
0,-1.3447235,0.041279912
0,-1.2913978,0.042202976
0,-1.2753112,0.047237664
0,-1.2452751,0.053371839
0,-1.2594514,0.060167726
0,-1.2753567,0.058315173
0,-1.266829,0.06887199
0,-1.3276275,0.071309395
0,-1.3930666,0.076902427
0,-1.4675273,0.078141823
0,-1.4872439,0.074195899
0,-1.5195587,0.070568278
0,-1.527252,0.063933387
0,-1.5345569,0.055990044
0,-1.5475059,0.050442751
0,-1.6278756,0.045679733
0,-1.6482959,0.038573567
0,-1.6733971,0.029568642
0,-1.6428182,0.023589067
0,-1.6549731,0.014175233
0,-1.6246951,0.012919834
0,-1.5811679,0.012106374
0,-1.6349342,0.004402131
0,-1.6111515,0.002761163
0,-1.5289109,0.005266624
0,-1.4786111,-0.000893784
0,-1.4527807,0.002724374
0,-1.3683882,0.004460511
0,-1.3333747,0.008446094
0,-1.2700399,0.015036013
0,-1.1935263,0.012842354
0,-1.1352876,0.017171348
0,-1.1130366,0.015670041
0,-1.1076283,0.023176262
0,-1.1082083,0.02743493
0,-1.0766164,0.028664049
0,-1.112636,0.036134787
0,-1.1224623,0.035155229
0,-1.1231222,0.041410539
0,-1.1698519,0.04214482
0,-1.2105659,0.045370586
0,-1.2097208,0.046793055
0,-1.1777513,0.051593352
0,-1.1513604,0.055727083
0,-1.2013133,0.057619739
0,-1.2628992,0.059460163
0,-1.3219416,0.067945145
0,-1.3438489,0.067455009
0,-1.3116571,0.069539256
0,-1.3366652,0.074184656
0,-1.3336471,0.072849654
0,-1.3565762,0.074672721
0,-1.4334439,0.075463541
0,-1.4632769,0.074464284
0,-1.5250189,0.067744069
0,-1.5666672,0.067141816
0,-1.5927414,0.057726011
0,-1.6372442,0.053600688
0,-1.6751723,0.043358069
0,-1.7200179,0.032758798
0,-1.7363396,0.024975922
0,-1.7557085,0.012733131
0,-1.8091489,-0.003407473
0,-1.8103312,-0.005465671
0,-1.8448027,-0.026758572
0,-1.819067,-0.037525214
0,-1.8251039,-0.053936578
0,-1.7321358,-0.068056412
0,-1.7235398,-0.076433048
0,-1.703779,-0.089820907
0,-1.6438996,-0.097489595
0,-1.5639307,-0.10580086
0,-1.4778008,-0.1163118
0,-1.342289,-0.12338611
0,-1.197955,-0.12925404
0,-1.1231393,-0.12874772
0,-0.99029684,-0.1274296
0,-0.86749691,-0.12580708
0,-0.70000917,-0.11447634
0,-0.53668648,-0.10556392
0,-0.40344727,-0.090702429
0,-0.3291024,-0.075284362
0,-0.15378608,-0.055038963
0,-0.0878755,-0.030452026
0,-0.003161831,-0.013529991
0,0.000232325,0.011815231
0,0.017230373,0.039326403
0,0.00805543,0.0680409
0,-0.029113185,0.096401647
0,-0.08625216,0.12269482
0,-0.15905811,0.14945999
0,-0.28746018,0.17256437
0,-0.45404494,0.19573033
0,-0.56700909,0.2104663
0,-0.74987072,0.23073421
0,-0.92768878,0.24360396
0,-1.1344833,0.25348395
0,-1.3481661,0.25847957
0,-1.545867,0.26078311
0,-1.7537498,0.25897539
0,-1.9223931,0.25752917
0,-2.1196547,0.2483563
0,-2.288358,0.23011252
0,-2.4216716,0.21871965
0,-2.6156168,0.20161712
0,-2.6883149,0.18112488
0,-2.7108045,0.15973446
0,-2.7680452,0.13988917
0,-2.7591031,0.11770742
0,-2.735616,0.093604743
0,-2.6483207,0.074574582
0,-2.5251529,0.058822591
0,-2.4059267,0.046818919
0,-2.3104889,0.032500278
0,-2.1310594,0.019887043
0,-1.9847548,0.012962326
0,-1.8634114,0.010229645
0,-1.7295815,0.006536081
0,-1.5078111,0.00806021
0,-1.3985761,0.013166235
0,-1.1868829,0.020645348
0,-1.0350237,0.031745385
0,-0.87241751,0.047019415
0,-0.75660795,0.059868496
0,-0.64290798,0.079949334
0,-0.56323147,0.095457852
0,-0.51631564,0.12119706
0,-0.49956393,0.14389703
0,-0.52592254,0.16526982
0,-0.53229117,0.18832527
0,-0.50400573,0.20786515
0,-0.62155294,0.22634666
0,-0.71497655,0.24718533
0,-0.79311836,0.26064739
0,-0.97011983,0.27516446
0,-1.1426417,0.28760782
0,-1.2742565,0.29300255
0,-1.384304,0.29452175
0,-1.5249523,0.30087811
0,-1.7446165,0.28828803
0,-1.9028865,0.28810936
0,-2.0990191,0.28454691
0,-2.2143784,0.27363101
0,-2.3811364,0.26139554
0,-2.4698474,0.24604586
0,-2.53074,0.2283279
0,-2.5878112,0.21204592
0,-2.6597912,0.19504625
0,-2.6827645,0.17793292
0,-2.6202226,0.16320601
0,-2.6139081,0.14730787
0,-2.6258373,0.13180132
0,-2.5080068,0.12013745
0,-2.3834596,0.10711987
0,-2.2711663,0.09847191
0,-2.2181621,0.093323603
0,-2.0133038,0.088937305
0,-1.8420805,0.084531121
0,-1.7088929,0.088709667
0,-1.5861518,0.088950016
0,-1.4844542,0.096455187
0,-1.42241,0.10685826
0,-1.3670416,0.11116917
0,-1.2249675,0.11882087
0,-1.1954588,0.12746646
0,-1.1971577,0.1366455
0,-1.1289876,0.1483459
0,-1.0710598,0.1602331
0,-1.0377166,0.17198271
0,-1.0937378,0.18184549
0,-1.1614845,0.18879646
0,-1.2038642,0.19811459
0,-1.2960702,0.20120613
0,-1.388795,0.20585057
0,-1.4926707,0.20276602
0,-1.6091187,0.20273086
0,-1.6571722,0.20028295
0,-1.701471,0.20259356
0,-1.7869236,0.19665964
0,-1.8439916,0.19637227
0,-1.8880159,0.19326408
0,-1.9000744,0.18801679
0,-1.9054315,0.18533966
0,-1.8625728,0.17627083
0,-1.8953567,0.18515645
0,-1.8191736,0.17938919
0,-1.7928293,0.18179777
0,-1.7708526,0.18842246
0,-1.7593199,0.19184102
0,-1.713811,0.19147223
0,-1.6918392,0.19537418
0,-1.6508378,0.20238374
0,-1.6030909,0.21149023
0,-1.6097549,0.21829095
0,-1.5993356,0.23214355
0,-1.5698941,0.23858972
0,-1.5052335,0.24723972
0,-1.4789664,0.26156926
0,-1.4948382,0.27707219
0,-1.5701208,0.28363901
0,-1.5746615,0.29980785
0,-1.6077224,0.30537242
0,-1.6884099,0.31706801
0,-1.730943,0.32782415
0,-1.7874061,0.33908567
0,-1.8183607,0.34698495
0,-1.8765785,0.35393211
0,-1.9839952,0.35802266
0,-2.0519316,0.36537033
0,-2.1409459,0.36766845
0,-2.1750252,0.37230951
0,-2.2415519,0.36986336
0,-2.3675339,0.37323615
0,-2.3952503,0.37000608
0,-2.445365,0.36579198
0,-2.5299978,0.36307019
0,-2.5617998,0.35773483
0,-2.5702243,0.35120329
0,-2.6364429,0.34348908
0,-2.6676633,0.34151405
0,-2.6978517,0.33299348
0,-2.6956725,0.32363942
0,-2.6271632,0.31238791
0,-2.6099081,0.30388305
0,-2.5823588,0.30009618
0,-2.5663784,0.28682172
0,-2.5340953,0.27809775
0,-2.4882834,0.27428418
0,-2.4852533,0.27039182
0,-2.431056,0.26381275
0,-2.3636959,0.25708601
0,-2.2832389,0.25656539
0,-2.2243893,0.2469274
0,-2.1835978,0.2457345
0,-2.1114268,0.24002464
0,-2.1316681,0.2335308
0,-2.1193478,0.2319262
0,-2.1236653,0.22872727
0,-2.0862741,0.22258165
0,-2.0637183,0.22475536
0,-2.0323899,0.22080028
0,-1.9951783,0.21521184
0,-1.9045086,0.22101977
0,-1.6387261,0.23552576
0,-1.6647147,0.25102699
0,-1.3225538,0.26977214
0,-1.3781615,0.31686831
0,-1.2118409,0.32037088
0,-1.1093912,0.36904386
0,-1.1075858,0.384444
0,-1.0930784,0.41875511
0,-1.0629199,0.44570696
0,-1.2015386,0.47726783
0,-1.2081374,0.50305003
0,-1.3423698,0.54607373
0,-1.4330081,0.56797236
0,-1.5290506,0.60126328
0,-1.5985168,0.62591398
0,-1.7371478,0.65371531
0,-1.8630772,0.68142211
0,-2.0189056,0.71113598
0,-2.1337581,0.72621071
0,-2.2887778,0.74973917
0,-2.4049256,0.77435738
0,-2.5556195,0.7941044
0,-2.6760767,0.81812543
0,-2.8126795,0.84374273
0,-2.9110026,0.86154997
0,-3.0562785,0.88527793
0,-3.1610527,0.90565664
0,-3.3423848,0.91935259
0,-3.4717875,0.94328749
0,-3.6458056,0.95091349
0,-3.808248,0.94951129
0,-3.9996781,0.93452281
0,-4.0801525,0.95570773
0,-4.3967113,0.98568112
0,-4.6261015,0.97085965
0,-4.8488569,0.92592227
0,-4.9566941,0.89191872
0,-5.1107302,0.88221943
0,-5.3179264,0.86453038
0,-5.43152,0.82385135
0,-5.5060391,0.79981309
0,-5.6089592,0.77308404
0,-5.5649929,0.72693419
0,-5.4782066,0.69576162
0,-5.3927994,0.66928625
0,-5.2497396,0.630207
0,-5.0610585,0.60609919
0,-4.8986654,0.58697009
0,-4.6386933,0.55882215
0,-4.3346124,0.55947918
0,-4.0272169,0.55527472
0,-3.7482991,0.56088763
0,-3.4793615,0.5730443
0,-3.1696987,0.57902116
0,-2.9385815,0.59925711
0,-2.7196903,0.61651963
0,-2.4951458,0.6430499
0,-2.2721255,0.6737178
0,-2.1579194,0.70763093
0,-2.0575712,0.74519658
0,-1.9357234,0.77860975
0,-1.8524543,0.81778413
0,-1.8747026,0.87502056
0,-1.8796028,0.92375356
0,-1.9193636,0.96176755
0,-1.9630506,1.0112523
0,-2.0505779,1.0673081
0,-2.1814172,1.0917776
0,-2.3077989,1.1396387
0,-2.6035838,1.1896213
0,-2.4376872,1.2387952
0,-2.3446984,1.3532794
0,-2.5648067,1.4336915
0,-2.744585,1.4733193
-1.3428571,-2.8987162,1.7679768
-0.67142868,-3.1929834,1.6936791
-2.0142858,-4.3097754,1.9491147
-1.3428569,-4.8102589,1.437939
-2.014286,-4.8312058,1.3736724
-2.0142851,-4.9849119,1.3787957
-2.6857157,-4.5655584,1.3578372
-1.3428564,-3.7335749,1.2204305
-2.6857147,-3.3294764,1.5714157
-2.014286,-3.3213787,1.3698317
-2.014286,-3.6018529,1.3397251
-2.6857128,-3.3681886,1.5139776
-2.014286,-3.0207536,1.3972445
-2.014286,-3.1628463,1.3973904
-2.6857147,-3.0859544,1.5065401
-2.6857147,-2.7702746,1.4640185
-2.6857147,-2.7403498,1.467481
-2.6857109,-2.7844987,1.5092119
-2.6857185,-2.2713611,1.5169004
-2.6857109,-2.4168429,1.5093892
-3.3571434,-2.6467886,1.5516206
-3.3571434,-2.5579331,1.4903773
-2.6857147,-2.3776829,1.4933589
-3.3571434,-2.6085691,1.729306
-3.3571434,-3.208236,1.5949346
-2.6857109,-3.1014776,1.3631474
-2.6857185,-3.6134856,1.3726159
-2.6857147,-3.4904027,1.2821496
-2.6857147,-3.2537115,1.2789116
-3.3571472,-3.5157053,1.462186
-2.6857071,-4.0973287,1.3628157
-2.6857147,-4.3885331,1.2756757
-2.6857147,-3.9517696,1.2192624
-2.6857147,-3.9116802,1.2236854
-2.6857147,-4.0699592,1.1876009
-2.0142899,-4.1627188,0.99981916
-2.6857071,-4.2111406,1.077563
-2.6857147,-4.3450828,1.0451297
-2.0142899,-4.3523088,0.91073519
-2.0142822,-4.3743339,0.89511871
-2.0142822,-4.2735343,0.88985229
-2.0142899,-3.9280803,0.87614262
-2.0142899,-3.5307522,0.96360636
-2.0142746,-3.7345998,1.0505414
-1.342865,-3.9885881,0.85105884
-2.0142822,-4.1557231,0.89025003
-1.342865,-3.9329689,0.74139088
-2.0142822,-4.1119742,0.88749754
-1.3428497,-4.1338944,0.72355199
-1.342865,-4.1394324,0.70837408
-0.67142487,-4.1894631,0.54506034
-0.6714325,-4.0964327,0.51429474
-1.3428574,-4.1583652,0.60943633
0,-4.0703921,0.29864371
-0.67142487,-4.0812578,0.37276188
0,-4.0232558,0.18091361
0,-3.1055043,0.10512868
0,-3.1685519,0.2099776
0,-3.4823446,0.18504828
0,-3.122299,0.11437399
0,-3.1161354,0.13160536
0,-2.9985065,0.14064555
0,-2.7639518,0.17766882
0,-2.6632521,0.24920736
0,-2.7164259,0.31468031
0,-2.8059363,0.30945691
0,-2.9400365,0.29501686
0,-3.0181174,0.26449943
0,-3.0917099,0.23928533
0,-3.1142735,0.20362481
0,-3.155117,0.16280258
0,-3.2053022,0.11709724
0,-3.0951147,0.062575951
0,-3.0421803,0.020970643
0,-2.9063413,-0.021680888
0,-2.8335056,-0.061445728
0,-2.714951,-0.094354101
0,-2.5509286,-0.13256733
0,-2.4369798,-0.17771639
0,-2.3170998,-0.21816052
0,-2.1452358,-0.25826666
0,-2.0428576,-0.30718818
0,-1.8632344,-0.35257772
0,-1.7151705,-0.40609193
0,-1.545553,-0.46296906
0,-1.2915426,-0.5170306
0,-1.1133555,-0.52082276
0,-1.0104667,-0.54652536
0,-0.84818661,-0.60320079
0,-0.66898435,-0.65357101
0,-0.53197789,-0.69470763
0,-0.33549115,-0.73628867
0,-0.10910457,-0.76824486
0,0.09419512,-0.80066234
0,0.2611866,-0.852314
0,0.45683479,-0.88888341
0,0.68270892,-0.93876237
0,0.88680464,-0.96343464
0,1.0593823,-1.0053439
0.67142487,1.2374839,-1.1583939
0,1.510687,-1.0388469
0,1.7398013,-1.0329974
0,1.8926736,-1.0330807
0,2.0489066,-1.0472133
0,2.1358907,-1.0601476
0,2.2674108,-1.0724134
0,2.4001639,-1.0769143
0,2.4987783,-1.0666472
0,2.5882311,-1.0640419
0,2.6209214,-1.0757324
0,2.6145661,-1.0680699
0,2.6497574,-1.0826982
0,2.5906875,-1.0773975
0,2.6777663,-1.0879734
0,2.7393703,-1.0853261
0,2.7327607,-1.084756
0,2.7536609,-1.0877495
0,2.6844902,-1.0841434
0,2.4177845,-1.0869644
0,2.5345206,-1.1145213
0,2.5712862,-1.1061115
0,2.5100758,-1.1311836
0,2.6355069,-1.1493764
0,2.6961372,-1.1369656
0,2.5111401,-1.1602798
0,2.6808686,-1.2425183
0,2.6493919,-1.242817
0,2.5137746,-1.3315362
0,2.5207863,-1.4266577
0,2.5750651,-1.5652419
0.6714325,2.7056077,-1.8194973
0.67142487,3.0685585,-1.9201394
1.3428574,3.5967965,-2.0486403
2.0142899,3.7089443,-2.121093
2.0142822,4.4500861,-2.1528168
2.6857147,4.5283813,-2.2149777
3.3571396,5.1277447,-2.3733807
3.3571472,5.7606297,-2.3368971
4.0285721,5.2943377,-2.4188652
4.0285721,5.0315595,-2.4450662
4.0285721,5.2536521,-2.4352336
4.6999969,6.3924088,-2.3810017
5.3714294,6.8182592,-1.7112188
4.7000046,4.9183397,-1.1174664
5.3714218,3.3059144,-1.4305665
4.0285721,2.4040382,-1.5143555
4.0285759,2.1333621,-1.7439264
4.7000008,1.9465871,-1.7837188
4.0285721,2.4030519,-1.7635291
3.3571396,2.7517865,-1.438166
4.0285721,2.6291492,-1.4254419
3.3571434,2.0633774,-1.2992718
3.3571434,1.9282856,-1.4032903
3.3571396,1.7593732,-1.5104582
3.3571434,1.8816119,-1.5425515
3.3571434,1.4662914,-1.5486978
3.3571434,1.3937614,-1.5211875
2.6857147,1.5028249,-1.2585926
4.0285721,1.7698967,-1.5588552
2.6857128,1.9711585,-1.3138653
3.3571434,1.6965896,-1.3823509
2.6857138,2.1671464,-1.2547673
3.3571434,2.4009809,-1.2731951
2.6857142,2.3467054,-1.1901813
2.6857145,2.7424433,-1.1745069
2.0142856,2.8046024,-1.0131187
2.0142856,2.9988487,-0.97912014
2.0142856,2.9791594,-0.93355399
2.014286,2.8211195,-0.94083571
1.3428574,3.1516554,-0.86133444
1.3428564,3.1477492,-0.76247734
1.3428574,3.0506225,-0.77352035
1.3428583,2.960758,-0.74311149
0.67142773,3.0847211,-0.6633411
0.67142868,3.1354349,-0.66245198
0,2.9538674,-0.47956535
0.67142868,2.8844769,-0.65595299
0,2.9383817,-0.56812751
0,3.1293638,-0.5174641
0,3.1445527,-0.4610509
0,3.3166251,-0.42242655
0,3.3172491,-0.34243739
0,3.199312,-0.29057166
0,3.1375327,-0.22691874
0,2.95122,-0.15752779
0,2.8479216,-0.093398556
0,2.6127398,-0.024245204
0,2.4373138,0.040435545
0,2.1731188,0.10129544
0,1.9153371,0.16338935
0,1.6084539,0.23025864
0,1.3479569,0.29227054
0,1.108153,0.35212371
0,0.97213548,0.42857251
0,0.71739042,0.53499603
0,0.47929472,0.61306
0,0.18897539,0.68028301
0,-0.090518303,0.76032853
0,-0.3808201,0.84140354
0,-0.75445944,0.90267706
-0.67142868,-1.1799279,1.0787024
0,-1.471521,1.004333
-1.3428564,-1.8131737,1.3230253
-0.67142963,-2.058491,1.2718138
-2.014286,-2.4068506,1.5724663
-1.3428564,-2.6465554,1.4874413
-2.0142856,-3.5245066,1.6897564
-2.014286,-4.6996174,1.6828861
-2.6857145,-4.6012168,1.6103996
-2.6857142,-4.8906093,1.7291875
-2.6857145,-5.5601711,1.7247511
-2.6857142,-5.7898407,1.6941524
-2.6857138,-6.1445031,1.6931648
-3.3571434,-5.7366886,1.8151321
-3.3571434,-5.983458,1.8761055
-2.6857128,-6.1172347,1.7106274
-4.0285721,-6.2951612,1.9629595
-2.6857147,-6.1244678,1.6400419
-4.0285721,-6.6570735,1.9199904
-4.0285721,-6.5440087,1.8604896
-4.0285683,-6.4767919,1.8552083
-3.3571472,-6.4435773,1.5886438
-4.0285683,-6.4679461,1.6118805
-4.0285721,-6.2455368,1.5485693
-4.0285683,-6.2775445,1.5151805
-3.3571472,-6.5556521,1.2594889
-4.0285721,-7.0539513,1.1622872
-3.3571434,-6.3592238,0.75213414
-3.3571434,-6.2167354,0.71022922
-2.6857147,-5.7608509,0.47052079
-1.3428574,-5.1190081,0.18882149
-2.0142899,-4.5480008,0.3131575
-0.67142487,-4.0350842,0.060535666
-0.67142487,-2.6669908,0.1008575
-0.67142487,-2.2368584,0.38427261
0,-2.0485067,0.34637237
0,-1.8579673,0.43349588
0,-1.8873277,0.52822447
0,-2.0330546,0.60798198
0,-2.4034894,0.65629369
0,-2.7162123,0.62884855
0,-2.9171872,0.594657
0,-3.1050212,0.56009591
0,-3.2418101,0.53534192
0,-3.3878806,0.52461916
0,-3.5751171,0.48065272
0,-3.4700239,0.45399126
0,-3.5180652,0.44109136
0,-3.5580585,0.40648672
0,-3.5730281,0.37981126
0,-3.6370101,0.33497369
0,-3.5675793,0.29685655
0,-3.5302618,0.26100326
0,-3.4432502,0.24343589
0,-3.4385343,0.20809303
0,-3.2737973,0.1453823
0,-3.1828368,0.12329446
0,-3.0754938,0.079177678
0,-2.9608812,0.033513401
0,-2.8388865,-0.007275934
0,-2.7651467,-0.049645908
0,-2.5660143,-0.096571334
0,-2.4301112,-0.14350037
0,-2.2847683,-0.19319895
0,-2.1466517,-0.23861969
0,-1.9976007,-0.29416254
0,-1.8012898,-0.34136558
0,-1.6246345,-0.39448559
0,-1.476369,-0.44710591
0,-1.2883791,-0.50256634
0,-1.1676879,-0.56746238
0,-0.99436182,-0.62919742
0,-0.80758286,-0.68620133
0,-0.61462355,-0.75505495
0,-0.31383106,-0.8189137
0,-0.091153055,-0.87017685
0.67142487,0.16686735,-1.0430582
0,0.43776914,-0.98517072
0,0.76659548,-1.0277983
0,0.92253947,-1.0481453
0,1.1247013,-1.0689602
0,1.3923867,-1.0255394
0,1.4625975,-1.0792525
0,1.6676329,-1.1571925
0,1.8300929,-1.2381992
0,2.1613657,-1.2860596
0,2.5398293,-1.323504
0.67142487,2.8238375,-1.462312
0,3.070504,-1.3625554
0.67142487,3.4045131,-1.4922044
1.342865,3.9876864,-1.5561594
1.3428574,4.0177126,-1.4206971
2.0142899,3.8982234,-1.5622936
1.3428497,4.0743628,-1.4725837
2.6857147,4.7063999,-1.7011105
2.014286,4.4094853,-1.4587854
2.014286,4.4817877,-1.4634062
2.6857147,4.6125517,-1.6062557
2.6857147,4.6494269,-1.5966043
2.6857147,4.4545422,-1.5341403
2.014286,4.5911522,-1.3603678
2.6857147,4.4363441,-1.4202023
2.6857147,4.5480232,-1.3655403
2.014286,5.1337118,-1.0670623
2.6857109,5.0369358,-0.79985672
2.0142899,3.9640305,-0.50578701
2.0142822,3.0615742,-0.61676323
1.3428574,2.2794085,-0.6453687
1.3428574,2.1241944,-0.75582373
1.3428574,2.04369,-0.74182951
1.3428593,2.0501781,-0.74914485
0,1.5854086,-0.42555901
1.3428555,1.2237571,-0.73081255
0,1.093268,-0.55991328
1.3428574,1.247798,-0.79010457
0,1.1537114,-0.43781164
1.3428574,0.9845084,-0.68737048
0,0.69064957,-0.50162768
0,0.69357604,-0.5433113
0,0.48006493,-0.55649811
0,0.55844551,-0.61325341
0,0.54647446,-0.62278467
0,0.57664281,-0.64817077
0,0.70243996,-0.64582145
0,0.75450522,-0.63193125
0,0.84916478,-0.63103771
0,0.93223524,-0.60265511
0,1.0528177,-0.57922274
0,1.0201273,-0.53210503
0,0.70880771,-0.53761816
0,0.55802321,-0.63922197
0,0.60152549,-0.71253026
0,0.5788846,-0.70221084
0,0.54302585,-0.72179413
0,0.58368927,-0.75457132
0,0.55133706,-0.77130276
0,0.58077496,-0.80220526
0,0.57285923,-0.83071834
0,0.62834418,-0.85338551
0,0.67587596,-0.88190955
0,0.71807098,-0.91115177
0,0.80943155,-0.93642032
0,0.86360419,-0.97014004
0,0.87258816,-0.9997825
0,0.97891766,-1.0291972
0,1.0176655,-1.0480659
0,1.1723665,-1.0770653
0,1.2792475,-1.0798429
0,1.3661903,-1.1019324
0,1.3534294,-1.0997691
0,1.4807712,-1.1276127
0,1.5333372,-1.1053935
0,1.541469,-1.1515652
0,1.7479875,-1.1611943
0,1.7428472,-1.1032608
0,1.8653443,-1.1792158
0,1.7837218,-1.1978017
0,1.9270227,-1.251918
0,1.7077544,-1.2350701
0,1.9103194,-1.2975086
0,1.9140508,-1.2868946
0,2.2666023,-1.3704008
0,2.5930388,-1.355801
1.3428574,2.4295261,-1.5860512
0.67142868,3.1031339,-1.5654052
0.67142677,3.5025818,-1.3899664
1.3428593,3.6997051,-1.3734449
2.014286,3.5092928,-1.4603642
2.014286,3.4981384,-1.4738756
2.0142841,3.6153634,-1.4474559
2.014286,3.8642104,-1.3704172
2.6857138,3.8002756,-1.4069823
2.014286,3.482002,-1.2533542
2.014286,3.4908371,-1.2723029
2.0142856,3.6977727,-1.2484289
2.014286,3.482028,-1.1582159
2.0142858,3.4991019,-1.1917044
2.0142858,3.1714406,-1.1471773
2.0142858,2.9529748,-1.0786145
1.3428571,2.6702003,-0.98971534
2.0142856,2.7463381,-1.128968
1.3428574,2.7170548,-1.013152
1.3428574,2.8768122,-1.0029804
1.3428564,2.8378148,-0.9961288
1.3428574,2.622056,-0.95917541
1.3428583,2.8073332,-0.98681146
0,2.4989433,-0.70260137
1.3428564,2.3164949,-1.0358188
0.67142868,2.3370192,-0.90197444
0.67142868,2.8418901,-0.91713601
1.3428574,2.6872957,-0.94438022
0.67142868,2.5034335,-0.81155527
0.67142868,2.4806352,-0.84063268
0,2.5273707,-0.70382363
0.67142868,2.5583115,-0.8076359
0.67142677,2.3493617,-0.80371511
0.67142868,2.4960046,-0.81332952
0.67143059,2.2855206,-0.78234243
0,2.3076298,-0.71038628
0,2.3544502,-0.70599669
0,2.3547339,-0.72711998
0,2.6227465,-0.70334095
0,2.5277951,-0.62074155
0,2.5466769,-0.62155408
0,2.5149913,-0.59229922
0,2.4847696,-0.56554711
0,2.4323206,-0.53138036
0,2.3854423,-0.50033331
0,2.2345152,-0.4696964
0,2.1267588,-0.44646528
0,2.0399673,-0.41498363
0,1.9285885,-0.38087872
0,1.827593,-0.35060742
0,1.687544,-0.31754017
0,1.5935972,-0.29034346
0,1.4917306,-0.25841698
0,1.332321,-0.2283538
0,1.1728524,-0.19902343
0,1.0210313,-0.16692311
0,0.94136882,-0.13772932
0,0.83972782,-0.10698492
0,0.70770192,-0.079614051
0,0.53340292,-0.042950362
0,0.41740054,-0.017561574
0,0.25764239,0.000472962
0,0.15471958,0.026248138
0,0.057920434,0.054007459
0,0.010758659,0.094757542
0,-0.036343053,0.13190705
0,-0.11311319,0.16458946
0,-0.21183473,0.19346237
0,-0.30565488,0.22489959
-0.67143059,-0.44201216,0.39139873
0,-0.6226638,0.29467067
0,-0.74289209,0.29716277
-0.67142868,-0.76728594,0.44466543
0,-0.73504752,0.38967863
0,-1.079064,0.45421427
0,-1.2246403,0.43341264
0,-1.4397252,0.47901362
0,-1.734992,0.49303639
0,-1.9121755,0.50643545
0,-2.0975072,0.52809912
0,-2.2580075,0.53788316
0,-2.4292524,0.54405957
0,-2.6004539,0.55215365
0,-2.7210822,0.55702972
0,-2.7222521,0.56749725
0,-2.8147321,0.57862312
0,-2.8749771,0.59205139
0,-2.9402506,0.6058262
0,-3.0126073,0.62288946
0,-3.0477049,0.62180138
0,-3.1215789,0.63002849
0,-3.1958742,0.63201636
0,-3.2899146,0.63968074
0,-3.32692,0.64495814
0,-3.4025841,0.64877498
0,-3.4141142,0.64684409
0,-3.4972949,0.65252203
0,-3.5907679,0.65011716
0,-3.5940382,0.64884853
0,-3.5928664,0.64676827
0,-3.6062212,0.64618027
0,-3.6804671,0.64831865
0,-3.7237134,0.64209139
0,-3.7173083,0.63734925
0,-3.740701,0.63447839
0,-3.7399552,0.62778956
0,-3.7922313,0.62431878
0,-3.7485487,0.61837775
0,-3.7462845,0.62225121
0,-3.7194722,0.61814982
0,-3.7064641,0.6100871
0,-3.6818943,0.60763466
0,-3.6429479,0.60001165
0,-3.5811174,0.59413284
0,-3.4978626,0.58976901
0,-3.453475,0.58211184
0,-3.4517808,0.57916832
0,-3.3428998,0.58139139
0,-3.2638633,0.57437009
0,-3.2215016,0.57052535
0,-3.2004895,0.56858617
0,-3.144711,0.56370026
0,-3.0771644,0.57005864
0,-3.0110316,0.56935924
0,-2.9453909,0.56865335
0,-2.8859751,0.57451522
0,-2.7839215,0.58094364
0,-2.7630684,0.58263242
0,-2.6864512,0.59237367
0,-2.6565683,0.60056782
0,-2.5970943,0.60785258
0,-2.5727897,0.61663806
0,-2.4838705,0.62906784
0,-2.4569125,0.64171964
0,-2.3878336,0.65836155
0,-2.3023851,0.6768657
0,-2.3438785,0.70212477
0,-2.3423471,0.71534556
0,-2.2968702,0.74375987
0,-2.2902734,0.76090384
0,-2.3087091,0.79316586
0,-2.2599435,0.82351226
0,-2.2644339,0.85466731
0,-2.269392,0.89159769
0,-2.3147202,0.92284733
0,-2.4009781,0.96164846
0,-2.5074289,0.99506783
0,-2.6005235,1.0328403
0,-2.6867454,1.0282195
0,-2.6195228,1.076385
0,-2.6549175,1.1729455
0,-2.8904512,1.2250611
0,-3.0864534,1.2503244
0,-3.2372823,1.2460649
0,-3.4257014,1.3188347
0,-3.5121748,1.3457025
0,-3.7085371,1.3831333
-1.3428555,-3.9472935,1.6536578
-0.67142868,-4.0779438,1.5438777
-1.3428583,-4.2362242,1.6895257
-2.0142851,-4.4064312,1.8420429
-2.6857147,-5.1569972,1.9668033
-2.0142851,-5.3203859,1.5730537
-2.6857142,-5.4040084,1.6906259
-2.6857147,-5.1468205,1.6645584
-3.3571429,-5.0433607,1.8429403
-2.6857142,-5.7135534,1.7852888
-3.3571434,-5.7479029,1.723665
-3.357142,-5.3220892,1.7152152
-3.3571434,-5.4111028,1.7246487
-3.3571434,-5.2515764,1.672909
-3.3571415,-5.2589993,1.6288339
-3.3571434,-5.574017,1.5618643
-3.3571434,-6.2844925,1.2877612
-3.3571434,-5.8740501,0.86467075
-2.6857147,-5.0870948,0.61319911
-3.3571434,-4.2978635,0.68672746
-2.0142822,-3.241333,0.40965381
-2.0142899,-1.7493331,0.57047808
-2.0142822,-1.6480933,0.94274366
-1.3428574,-1.0707963,0.91600394
-1.3428612,-0.65211046,1.0664408
-1.3428535,-0.56535453,1.2044963
-1.3428574,-0.39447641,1.3147907
-2.014286,-0.85075718,1.6455247
-2.014286,-1.2069579,1.5028082
-2.0142822,-1.9527045,1.2734261
-2.0142899,-2.1144412,1.0974051
-2.6857147,-2.0312889,1.2129068
-1.3428574,-1.8025789,0.97124434
-2.6857109,-1.6149354,1.2102175
-1.3428612,-1.4645463,1.0212305
-1.3428574,-1.5764024,1.009992
-2.6857147,-1.369042,1.1994736
-1.3428497,-1.1467786,1.0080981
-1.342865,-1.3253196,1.0543506
-1.3428574,-1.8065451,1.1105727
-2.0142899,-1.6208003,1.1747147
-1.3428497,-1.3787925,1.110719
-2.0142822,-1.3856235,1.2332058
-1.3428574,-1.500376,1.0881399
-1.342865,-1.3595049,1.1101155
-2.0142822,-1.108647,1.2307518
-1.3428497,-1.2900864,1.169405
-2.0142899,-1.147949,1.3170718
-1.3428574,-1.0291252,1.2031523
-2.6857224,-0.82439452,1.4919506
-1.3428497,-0.92899281,1.3092942
-2.6857147,-1.0178649,1.5766584
-2.0142899,-1.0405962,1.3973516
-2.6857147,-1.1543068,1.5356899
-2.0142822,-0.94736826,1.4045628
-2.6857147,-1.0083823,1.6211983
-3.3571472,-0.91015422,1.7298578
-2.6857071,-0.71755719,1.6868464
-3.3571472,-0.94727832,1.8217264
-2.6857071,-1.4914432,1.635994
-4.0285797,-1.4553607,1.8425932
-2.6857147,-1.1566424,1.6289829
-4.0285721,-1.6327447,2.0235991
-3.3571396,-1.6114607,1.8014193
-3.3571472,-1.7519699,1.8762085
-4.0285645,-1.8864266,1.9578661
-4.0285797,-1.6050866,1.9634887
-4.0285645,-1.4206153,1.9350781
-4.0285797,-1.3343801,1.9129293
-4.6999969,-1.3183091,2.0672197
-4.6999969,-1.4498221,2.0616593
-4.0285797,-1.8236917,1.9843606
-4.6999969,-1.7707059,2.0991364
-4.6999969,-3.1464376,2.0363672
-4.0285797,-3.2036033,1.7808257
-5.3714142,-2.6532333,2.0276499
-4.0285645,-2.3082309,1.8192545
-5.3714447,-2.1162226,2.1075706
-4.0285797,-2.2920697,1.9174232
-5.3714142,-2.9731948,2.1992209
-4.6999969,-3.0678275,2.0179095
-4.7000122,-3.1312721,1.8386194
-4.6999969,-3.1179154,1.7857426
-4.6999969,-3.531291,1.7951492
-4.6999969,-3.665596,1.7230387
-4.6999969,-3.1466906,1.7165792
-4.0285797,-2.7144723,1.6430323
-4.6999969,-3.3086338,1.8106085
-4.7000122,-3.9775512,1.7843138
-4.0285492,-4.3062539,1.4980859
-4.0285797,-4.4326887,1.4815316
-4.6999969,-4.9875951,1.5744759
-4.0285645,-5.1598611,1.3461087
-4.028595,-6.3118973,1.2537935
-4.0285645,-7.435863,1.0655391
-3.3571472,-8.0579014,0.73245752
-3.3571472,-7.6406159,0.68192232
-3.3571167,-7.0309296,0.70642918
-2.68573,-6.9749932,0.55683535
-1.342865,-6.9003577,0.19865076
-2.6856995,-6.1648984,0.48373142
-1.342865,-5.4514089,0.305208
-0.67141724,-4.6177754,0.16434109
-0.67144775,-4.4377151,0.21013382
-0.67141724,-3.7674594,0.15242508
0,0,0
0,0,0
0,0,0
0,0,0
0,0,0
0,0,0
0,0,0
0,0,0
0,0,0
0,0,0
0,0,0
0,0,0
0,0,0
0,0,0
0,0,0
0,0,0
0,0,0
0,0,0
0,0,0
0,0,0
0,0,0
0,0,0
0,0,0
0,0,0
0,0,0
0,0,0
0,0,0
0,0,0
0,0,0
0,0,0
0,0,0
0,0,0
0,0,0
0,0,0
0,0,0
0,0,0
0,0,0
0,0,0
0,0,0
0,0,0
0,0,0
0,0,0
0,0,0
0,0,0
0,0,0
0,0,0
0,0,0
0,0,0
0,0,0
0,0,0
0,0,0
0,0,0
0,0,0
0,0,0
0,0,0
0,0,0
0,0,0
0,0,0
0,0,0
0,0,0
0,0,0
0,0,0
0,0,0
0,0,0
0,0,0
0,0,0
0,0,0
0,0,0
0,0,0
0,0,0
0,0,0
0,0,0
0,0,0
0,0,0
0,0,0
0,0,0
0,0,0
0,0,0
0,0,0
0,0,0
0,0,0
0,0,0
0,0,0
0,0,0
0,0,0
0,0,0
0,0,0
0,0,0
0,0,0
0,0,0
0,0,0
0,0,0
0,0,0
0,0,0
0,0.006179569,-0.017105579
0,0.002340632,-0.023222584
0,-0.014389393,-0.028215567
0,0.027974134,-0.018583929
0,0.072801761,-0.020983353
0,0.046595398,-0.017854106
0,0.099826232,-0.019892177
0,0.10329853,-0.017983329
0,0.10289802,-0.020054646
0,0.06601467,-0.016395411
0,0.082673021,-0.014288051
0,0.057396576,-0.013271487
0,0.07737565,-0.005129545
0,0.061924655,-0.002899297
0,0.11866067,0.001961118
0,0.13810095,0.004745459
0,0.16513219,0.012871549
0,0.14579026,0.013561523
0,0.12573338,0.018376211
0,0.10731449,0.020542441
0,0.11872309,0.029011616
0,0.11216242,0.025929119
0,0.060363833,0.031460762
0,0.070197985,0.031228621
0,0.020350091,0.034072783
0,-0.012539108,0.032897752
0,-0.080746047,0.032015178
0,-0.14375174,0.034208912
0,-0.12948349,0.032835383
0,-0.18722765,0.029768795
0,-0.1813031,0.024412679
0,-0.17753312,0.023353264
0,-0.22350474,0.023505094
0,-0.22608967,0.015974104
0,-0.22028598,0.008527891
0,-0.21599759,0.000584919
0,-0.2517778,-0.006926858
0,-0.21957307,-0.019536128
0,-0.24072199,-0.030041881
0,-0.22365287,-0.034943335
0,-0.22913387,-0.045768078
0,-0.17876466,-0.052522104
0,-0.15358236,-0.061704438
0,-0.1278912,-0.070166498
0,-0.15286729,-0.080273457
0,-0.11939956,-0.092621773
0,-0.056567419,-0.097235762
0,-0.044249162,-0.10113284
0,0.030538013,-0.10742834
0,0.050493002,-0.10759871
0,0.075794429,-0.11658509
0,0.099093877,-0.1125768
0,0.1913265,-0.10748444
0,0.24250366,-0.10401963
0,0.29448479,-0.099533848
0,0.36285615,-0.08270476
0,0.40470648,-0.074222364
0,0.49186558,-0.065252379
0,0.52128136,-0.047151491
0,0.53424549,-0.031342953
0,0.57429993,-0.019955641
0,0.58422011,-0.006037867
0,0.54987001,0.01263677
0,0.50764811,0.02789114
0,0.50053382,0.046902169
0,0.44426748,0.055747215
0,0.35519218,0.067909494
0,0.36695859,0.081942655
0,0.29113814,0.095303729
0,0.17725803,0.099737525
0,0.10819276,0.10917004
0,-0.016361272,0.11490955
0,-0.12024548,0.11803868
0,-0.22521625,0.11546858
0,-0.30032614,0.12005468
0,-0.42648256,0.11280339
0,-0.51538932,0.11214507
0,-0.53815752,0.10357713
0,-0.58209318,0.096545219
0,-0.60031962,0.086772263
0,-0.65210927,0.081560858
0,-0.6899609,0.070251733
0,-0.71137035,0.061079368
0,-0.76991212,0.046044413
0,-0.76958114,0.031169856
0,-0.76718658,0.016172398
0,-0.75179154,-0.000409259
0,-0.78253335,-0.014329972
0,-0.7173906,-0.026310023
0,-0.74092662,-0.04170946
0,-0.72784078,-0.058355838
0,-0.63434851,-0.06567698
0,-0.60740173,-0.079762168
0,-0.57031375,-0.091641687
0,-0.51057726,-0.10283165
0,-0.41627961,-0.11326743
0,-0.35340312,-0.11985927
0,-0.26984757,-0.1226762
0,-0.13414323,-0.12836181
0,-0.00769809,-0.13074851
0,0.061369691,-0.13200879
0,0.079197735,-0.13458003
0,0.15444553,-0.13280396
0,0.2475577,-0.12988654
0,0.34593517,-0.12349548
0,0.4166621,-0.11647288
0,0.46831524,-0.10573574
0,0.53599197,-0.10035622
0,0.58624303,-0.087530576
0,0.61903971,-0.076860189
0,0.58084321,-0.063805491
0,0.54752225,-0.052507877
0,0.53899825,-0.039439131
0,0.53339833,-0.01975761
0,0.51774132,-0.007322836
0,0.51530254,0.004608499
0,0.48491323,0.014786099
0,0.4027164,0.02816627
0,0.35576314,0.03896112
0,0.24041252,0.044121806
0,0.21510448,0.057709705
0,0.14391151,0.06597662
0,0.064208739,0.072137602
0,-0.00389671,0.078009516
0,-0.098993167,0.078847103
0,-0.19784692,0.079567596
0,-0.21916565,0.078887507
0,-0.281712,0.08102788
0,-0.34169587,0.076431707
0,-0.38262349,0.072333209
0,-0.45949361,0.068223149
0,-0.50222403,0.059904538
0,-0.53220934,0.049953546
0,-0.5413906,0.043745175
0,-0.51084691,0.033222727
0,-0.50275379,0.025909539
0,-0.51575375,0.012320857
0,-0.51065272,0.003604605
0,-0.47804773,-0.005011938
0,-0.49556956,-0.021365285
0,-0.46905792,-0.028375082
0,-0.44250834,-0.035981368
0,-0.39124003,-0.046040058
0,-0.41434795,-0.056080453
0,-0.37482128,-0.060405262
0,-0.28832042,-0.068605982
0,-0.15768614,-0.072333097
0,-0.12102906,-0.075344563
0,-0.068059213,-0.079350471
0,-0.021938248,-0.083591506
0,0.014300135,-0.082014792
0,0.059001334,-0.084638424
0,0.069572374,-0.082769856
0,0.044698734,-0.08217638
0,0.082472242,-0.076147802
0,0.1397544,-0.072044976
0,0.17068087,-0.073796526
0,0.21577258,-0.069898948
0,0.22223678,-0.062009618
0,0.20789219,-0.062647201
0,0.19234458,-0.053390507
0,0.23008695,-0.053064458
0,0.25486368,-0.040132545
0,0.22800416,-0.036746062
0,0.2460549,-0.038638208
0,0.23362254,-0.027632017
0,0.2141076,-0.020383377
0,0.19392578,-0.011523091
0,0.1130423,-0.008161588
0,0.063627042,-0.003944397
0,0.083794259,0.007325909
0,0.10517644,0.007415062
0,0.081048295,0.019902429
0,0.055975515,0.01927132
0,0.006601078,0.026624639
0,-0.052522112,0.036776762
0,-0.085160203,0.04321374
0,-0.10410675,0.049545217
0,-0.12688641,0.055747107
0,-0.18807985,0.062699169
0,-0.2575877,0.066406339
0,-0.24353461,0.071026511
0,-0.28507635,0.073516659
0,-0.29215685,0.07478977
0,-0.34453744,0.07384564
0,-0.32534844,0.073203117
0,-0.43194377,0.070021003
0,-0.44904065,0.063404597
0,-0.49835941,0.056454286
0,-0.54984993,0.052179884
0,-0.56633776,0.040346477
0,-0.58894384,0.028567968
0,-0.61161464,0.017666787
0,-0.611871,0.012605014
0,-0.62626272,-0.003971837
0,-0.62621164,-0.015868995
0,-0.58045,-0.031926546
0,-0.60283488,-0.042789344
0,-0.55558074,-0.054335851
0,-0.5160529,-0.067945942
0,-0.52100235,-0.072264031
0,-0.49602762,-0.087018944
0,-0.47008154,-0.095967695
0,-0.38186455,-0.10632043
0,-0.29940706,-0.1150582
0,-0.26557422,-0.11701705
0,-0.14723665,-0.12345038
0,-0.094654292,-0.12564772
0,-0.070469335,-0.12882458
0,0.044986133,-0.12930815
0,0.043620717,-0.13182881
0,0.090624243,-0.13147841
0,0.086865433,-0.12477715
0,0.13074738,-0.12228034
0,0.18958092,-0.11632966
0,0.25788334,-0.1090244
0,0.32319465,-0.1016112
0,0.35280085,-0.096446075
0,0.33806315,-0.088669084
0,0.38519904,-0.078792185
0,0.42346919,-0.07467702
0,0.42613178,-0.069242015
0,0.38737816,-0.063695699
0,0.39813873,-0.053542856
0,0.37676367,-0.050979804
0,0.35306016,-0.038820706
0,0.350979,-0.03659248
0,0.366741,-0.029633908
0,0.27223685,-0.023742029
0,0.19918315,-0.014316109
0,0.11498434,-0.01251903
0,0.097583674,-0.01243909
0,0.0248012,-0.00473029
0,-0.008878924,-0.005020831
0,-0.087063938,-0.003355741
0,-0.1574333,-0.00127774
0,-0.13555703,0.005126852
0,-0.11136407,0.004815618
0,-0.091285124,0.013763183
0,-0.063788034,0.022385068
0,-0.06196139,0.033522472
0,-0.023163719,0.038579557
0,-0.067400791,0.048809767
0,-0.047308903,0.048271723
0,-0.094466761,0.062876716
0,-0.079942174,0.065613523
0,-0.13204728,0.078609355
0,-0.14047386,0.087887436
0,-0.17746328,0.099903055
0,-0.20063104,0.11202741
0,-0.21066046,0.12104221
0,-0.20323081,0.13311507
0,-0.19149323,0.14403981
0,-0.23367974,0.15387377
0,-0.23238233,0.17286684
0,-0.28503072,0.18300153
0,-0.27801991,0.19474211
0,-0.29825357,0.20599753
0,-0.37019631,0.22415239
0,-0.46437171,0.23298202
0,-0.5041095,0.23592162
0,-0.51577657,0.25157604
0,-0.58503658,0.25653446
0,-0.62846661,0.26211584
0,-0.63762361,0.26935658
0,-0.70719326,0.28293258
0,-0.81851411,0.28928348
0,-0.88187373,0.29143167
0,-0.89818442,0.29213107
0,-0.92468894,0.3010259
0,-0.94936001,0.30077666
0,-0.9627744,0.30191982
0,-0.91314775,0.30695596
0,-0.91501355,0.31792
0,-0.88871002,0.3188684
0,-0.900976,0.33504081
0,-0.93245006,0.33748254
0,-0.95825547,0.3502647
0,-0.93538308,0.35714436
0,-0.95590973,0.37098074
0,-0.94006574,0.37286174
0,-1.0077549,0.37815967
0,-1.0702631,0.3835184
0,-1.0894202,0.39610687
0,-1.1119559,0.39542767
0,-1.1309516,0.40253684
0,-1.1678298,0.4056277
0,-1.1718159,0.40716723
0,-1.2080374,0.41282851
0,-1.2344056,0.41563708
0,-1.2600707,0.42463094
0,-1.2814766,0.42466396
0,-1.334975,0.42603439
0,-1.2906899,0.42662415
0,-1.2709446,0.43295065
0,-1.1775247,0.43470505
0,-1.1818341,0.45306215
0,-1.1910362,0.45629168
0,-1.2028222,0.47891787
0,-1.1072772,0.48670185
0,-1.0579834,0.50495225
0,-1.0424938,0.5190897
0,-0.99496639,0.53337753
-0.67142856,-0.90810651,0.71425027
0,-0.94054031,0.55904329
-0.67142856,-0.94206184,0.68145066
0,-0.94302052,0.50222486
-1.3428571,-0.9046607,0.80430716
0,-0.58085883,0.47325066
0,-0.35149145,0.61234713
0,-0.2854943,0.76174974
0,-0.3732774,0.84871703
0,-0.28743902,0.87076586
0,-0.39716819,0.96188271
0,-0.43838844,0.99484664
0,-0.67405689,1.043941
0,-0.966483,1.0303515
0,-1.1831813,1.0094552
0,-1.2320166,0.96172589
-0.67142868,-1.1786847,1.1557491
-0.67142868,-1.593055,1.1739634
-0.6714282,-1.3376505,0.99998552
-1.3428578,-1.1057826,1.2296588
-0.6714282,-1.6873968,1.1339033
-2.014286,-1.408856,1.2444739
-2.0142851,-1.571906,1.2912496
-1.3428583,-1.6856242,1.026067
-2.0142851,-1.478544,1.1174936
-2.014286,-1.7574978,1.1719427
-2.014286,-1.5567205,1.0857067
-2.014286,-1.5438367,1.0105717
-2.014286,-1.4669998,1.0274153
-2.014286,-1.5173781,0.99521822
-2.0142841,-0.42514661,0.81593859
-2.014286,-0.68397111,1.2535255
-2.6857128,-0.39597234,1.3340322
-1.3428593,-0.62161213,1.0498544
-2.6857147,-0.28051305,1.2266372
-2.6857109,0.20884013,1.3159002
-2.6857185,-0.08660569,1.3334501
-2.6857109,-0.67544562,1.3154224
-2.6857147,-1.3871611,1.1863157
-2.6857185,-1.2551523,0.93266916
-2.6857109,-1.1127285,1.0057837
-2.6857147,-0.69540036,1.0426917
-2.014286,-0.69407207,1.0653683
-2.014286,-0.66231257,0.9503209
-2.6857147,-0.041655242,1.1654869
-2.6857147,-0.15262449,1.2210783
-2.0142822,-0.67115235,1.0410172
-2.0142899,-1.2259485,0.99464589
-2.6857147,-1.255519,0.98479605
-2.0142822,-1.2937701,0.94736934
-2.0142899,-2.0717402,0.88691843
-2.6857071,-1.4234769,0.95972282
-2.0142899,-1.7006203,1.0706317
-2.0142899,-2.6409814,1.0276415
-2.0142746,-2.2070427,0.63181734
-2.0142899,-2.730227,0.79696
-2.0142899,-2.2495861,0.77214575
-2.0142899,-2.1495056,0.86824113
-2.0142746,-2.4900069,0.93090934
-2.0142899,-1.8847388,0.77080482
-1.3428574,-2.1221175,0.66804022
-1.3428574,-2.0464649,0.46501815
-1.342865,-1.8188924,0.50571209
-1.3428497,-1.9142581,0.52824098
-1.3428574,-2.4315064,0.54610449
-0.67142487,-2.0255527,0.28507355
-0.6714325,-2.0138931,0.41023639
0,-2.0145657,0.3035422
-0.6714325,-2.1359222,0.46321607
-0.67142487,-2.2414064,0.41851667
0,-2.1373053,0.1517684
0,-1.9983734,0.11316983
0,-1.7487211,0.21384694
0,-1.9017082,0.28823912
0,-1.9456513,0.21226221
0,-1.9543899,0.15738346
0,-1.9684671,0.13708441
0,-1.8843132,0.114048
0,-1.8473846,0.070697352
0,-1.6787436,-0.02571634
0,-1.6415271,-0.035929564
0,-1.5355624,-0.092271723
0,-1.4474037,-0.12319948
0,-1.4053209,-0.17855541
0,-1.2771348,-0.23345712
0,-1.133085,-0.25076491
0,-1.0595496,-0.32222405
0,-0.8450014,-0.3799482
0,-0.67871177,-0.42013654
0,-0.52844906,-0.46142751
0,-0.34999046,-0.47819972
0,-0.27667111,-0.53135091
0,-0.11595408,-0.58766723
0,0.072340503,-0.62733161
0,0.25253341,-0.66738349
0,0.47291717,-0.69929451
0,0.69287753,-0.72021174
0,0.9749223,-0.74341124
0,1.2323321,-0.75552917
0,1.4170623,-0.75370014
0,1.5733179,-0.74468809
0,1.7683957,-0.72722083
0,1.9301401,-0.71356112
0,2.0493996,-0.69465798
0,2.1165407,-0.6780256
0,2.1738405,-0.66463757
0,2.3443925,-0.64930135
0,2.9060495,-0.63586187
0,2.6420312,-0.45576936
0,2.6930201,-0.47706786
0,2.6327419,-0.45534173
0,2.4909031,-0.44867137
0,2.2950835,-0.45266613
0,2.1626961,-0.4504295
0,1.9807842,-0.46782443
0,1.870454,-0.46481666
0,1.7666092,-0.45497322
0,1.6110103,-0.46919665
0,1.4669116,-0.4872663
0,1.3381664,-0.53737062
0,1.4236338,-0.62560308
0,1.3342761,-0.63680071
0,1.2976822,-0.69284511
0,1.3178221,-0.72802895
0,1.3522898,-0.78233773
0,1.3555692,-0.82483715
0,1.2596251,-0.88172328
0,1.452824,-0.83021826
0,1.3136501,-0.74141997
0,1.4876302,-0.70994002
0,1.5387251,-0.70428395
0,1.7888846,-0.67239243
0,1.6908507,-0.70025587
0,1.8456151,-0.69403237
0,1.791558,-0.69668257
0,1.9871608,-0.72365552
0,1.9075762,-0.71832639
0,1.8572706,-0.71783608
0,1.8568275,-0.70068198
0,1.7333169,-0.70356888
0,1.8140761,-0.75430346
0,1.9551239,-0.7312603
0,2.2093275,-0.72233438
0,1.9707613,-0.65923464
0,1.9107864,-0.69971782
0,1.7860519,-0.69204175
0,1.8569846,-0.72279018
0,1.7890413,-0.69341308
0,1.7770292,-0.75162703
0,1.7581409,-0.75395381
0,1.7646062,-0.76132339
0,1.8057351,-0.7937749
0,1.8847101,-0.79158199
0,1.9208637,-0.79319304
0,1.8459197,-0.73230684
0,1.823817,-0.75231844
0,1.7645222,-0.7691232
0,1.7041134,-0.80699927
0,1.6498432,-0.85468632
0,1.6580427,-0.91735411
0,1.8729075,-0.98196733
0,2.2296369,-0.93385148
0,2.2448766,-0.97445929
0,2.5745924,-0.98361909
0,2.7774284,-0.98328537
0,3.0148661,-0.9734391
0,3.123565,-0.941526
0,3.159987,-0.91504067
0,3.1051958,-0.87639731
0,2.9453971,-0.84255534
0,2.9930773,-0.88101304
0,3.0590873,-0.88614714
0,3.1147585,-0.86659646
0,3.2312031,-0.83016795
0,3.2641704,-0.84205562
0,3.2845559,-0.8210454
0,3.2564757,-0.84505749
0,3.1835902,-0.85795552
0,3.1754255,-0.90597808
0,3.1871946,-0.83241349
0,3.2380078,-0.84646022
0,3.2755203,-0.84867656
0,3.2850575,-0.84100676
0,3.3808768,-0.82579893
0,3.6541128,-0.87088233
0,3.898993,-0.8503204
0,4.0625329,-0.78010708
0,4.0866933,-0.75965798
0,4.0223503,-0.76845872
0,3.8578839,-0.71698183
0,3.8921142,-0.71583426
0,3.6900384,-0.69801557
0,3.6704588,-0.7442376
0,3.7494037,-0.74764019
0,3.5503871,-0.67284214
0,3.6465735,-0.72695047
0,3.6352966,-0.6547426
0,3.661602,-0.67162371
0,3.4437292,-0.57026923
0,3.2918723,-0.62850153
0,3.0766408,-0.61840528
0,2.9680448,-0.63978976
0,2.797405,-0.64335442
0,2.7365642,-0.64943099
0,2.7022123,-0.67081851
0,2.6465724,-0.67195195
0,2.7880287,-0.69895685
0,2.5709367,-0.61468267
0,2.6223557,-0.71558172
0,2.6517203,-0.72186053
0,2.5702379,-0.73134875
0,2.8698008,-0.79700243
0,2.9380121,-0.71437448
0,2.9413548,-0.69970685
0,3.1044171,-0.74246895
0,3.1925275,-0.72732711
0,3.159276,-0.71126324
0,3.3424067,-0.73144007
0,3.3247137,-0.67241341
0,3.1990652,-0.67781132
0,3.2553146,-0.73237574
0,3.2030447,-0.68328822
0,3.3125191,-0.69127828
0,3.2679338,-0.68673331
0,3.3857787,-0.73564124
0,3.4438357,-0.70169628
0,3.6683738,-0.65841532
0,3.4540339,-0.59146369
0,3.4307888,-0.67176533
0,3.4366403,-0.66448063
0,3.4729385,-0.66438574
0,3.5091074,-0.66641837
0,3.6668191,-0.65660691
0,3.7232938,-0.61985385
0,3.6763554,-0.5516693
0,3.5287645,-0.548289
0,3.5279744,-0.6046623
0,3.5484238,-0.59750783
0,3.526418,-0.56900287
0,3.5809407,-0.55326378
0,3.5694518,-0.51107174
0,3.606745,-0.50024033
0,3.6184237,-0.46133757
0,3.5946958,-0.43694314
0,3.5528278,-0.40697107
0,3.5200388,-0.37471852
0,3.5685997,-0.33485806
0,3.5702145,-0.30398619
0,3.4948409,-0.26723626
0,3.4168081,-0.22883631
0,3.334208,-0.19564937
0,3.2458694,-0.15280654
0,3.1552041,-0.11224825
0,3.0792272,-0.074408218
0,2.9150839,-0.032941118
0,2.7630644,0.011538384
0,2.6589665,0.04363142
0,2.5617044,0.079041637
0,2.4076791,0.11022172
0,2.2697601,0.14098321
0,2.1374352,0.16949433
0,1.9801176,0.20050946
0,1.7887096,0.22572926
0,1.6526229,0.25168204
0,1.5524608,0.27268934
0,1.3947209,0.2962763
0,1.238923,0.3099483
0,1.0533348,0.32287094
0,0.94166911,0.3325102
0,0.83706528,0.3425065
0,0.68459946,0.34809393
0,0.5825268,0.36112732
0,0.48283461,0.3596164
0,0.36213127,0.35355738
0,0.30192935,0.35031661
0,0.16304554,0.34431657
0,0.095357545,0.33399555
0,0.001915008,0.32348442
0,-0.063992247,0.31111941
0,-0.18644002,0.28419098
0,-0.19867752,0.27083725
0,-0.20468281,0.24168175
0,-0.2392579,0.22413048
0,-0.28354758,0.19150348
0,-0.26098004,0.15885091
0,-0.28008014,0.12738971
0,-0.33169523,0.095495813
0,-0.091766037,0.051385678
0,-0.15456763,0.038038518
0,-0.12535228,-0.014822689
0,-0.16025026,-0.032826126
0,-0.005052332,-0.089132451
0,0.027663732,-0.11408563
0,0.094594643,-0.1630832
0,0.20705275,-0.19710024
0,0.29308972,-0.24313836
0,0.47226021,-0.27980551
0,0.54496098,-0.32623407
0,0.71460086,-0.36875647
0,0.79826552,-0.41483203
0,0.96464664,-0.45882741
0,1.0510798,-0.49364212
0,1.2422452,-0.53324842
0,1.3894471,-0.57092285
0,1.4866223,-0.60924304
0,1.6050376,-0.64329869
0,1.8093508,-0.68134308
0,1.9840636,-0.70968354
0,2.1430473,-0.74742162
0,2.303874,-0.76339215
0,2.491569,-0.78927135
0,2.6002204,-0.80794126
0,2.7461493,-0.82427424
0,2.9786646,-0.84059113
0,3.0548217,-0.84870791
0,3.2119591,-0.85716617
0,3.4154587,-0.86125994
0,3.58638,-0.86284399
0,3.6898997,-0.86304367
0,3.8051479,-0.86171603
0,3.9088182,-0.85221845
0,4.011282,-0.84792906
0,4.0648422,-0.83535033
0,4.0930758,-0.82042223
0,4.1799273,-0.80619639
0,4.2436318,-0.792247
0,4.2398686,-0.77525926
0,4.219264,-0.75828165
0,4.1604662,-0.73683065
0,4.1168962,-0.7259205
0,4.0442209,-0.70992368
0,3.9648147,-0.68842012
0,3.9001637,-0.67063892
0,3.8272798,-0.65684742
0,3.7349899,-0.64917213
0,3.6589227,-0.63759792
0,3.6321807,-0.62892234
0,3.5229671,-0.61828536
0,3.3910828,-0.61044127
0,3.300215,-0.60705924
0,3.1699302,-0.59842205
0,3.0646083,-0.59852862
0,2.9678767,-0.59443092
0,2.8590887,-0.59831542
0,2.8017721,-0.60097855
0,2.7673042,-0.60478598
0,2.7511282,-0.60813349
0,2.6845949,-0.61858702
0,2.6728446,-0.62787372
0,2.6092288,-0.64188194
0,2.5192151,-0.65918839
0,2.457788,-0.67052406
0,2.4067478,-0.6898194
0,2.3436196,-0.71361315
0,2.3090162,-0.72975641
0,2.3236709,-0.75612354
0,2.3197763,-0.77630717
0,2.3092899,-0.80412799
0,2.3219655,-0.82288527
0,2.3920991,-0.84814388
0,2.4853337,-0.87426001
0,2.4979475,-0.89694196
0,2.5859282,-0.92618018
0,2.68204,-0.94894087
0,2.7560666,-0.977422
0,2.8477263,-0.99819446
0,2.9988315,-1.0149658
0,3.1215191,-1.0356076
0,3.1291614,-1.0487736
0,3.2341049,-1.0713191
0,3.3266916,-1.0859703
0,3.3869765,-1.0834603
0,3.4933839,-1.0823008
0,3.6699452,-1.0511711
0,3.7374868,-0.97177124
0,3.7073491,-0.91767853
0,3.468924,-0.88107848
0,3.3133008,-0.94051009
0,3.2687364,-0.94539917
0,3.0713937,-0.91537476
0,3.294713,-0.96866882
0,3.077985,-0.87096846
0,3.2031999,-0.96414316
0,3.0302644,-0.88511878
0,2.9966352,-0.94336098
0,3.1045957,-1.0075775
0,2.7798018,-0.93295139
0,2.8565035,-1.0048426
0,2.8177226,-1.0032158
0,2.9706385,-1.0380301
0,2.984663,-1.0506681
0,2.997885,-1.1163898
0,2.876843,-1.1633019
0,3.0652163,-1.1670619
0,3.148453,-1.1652731
0,3.2248995,-1.1948471
0,3.3063388,-1.2350996
0,3.292963,-1.239237
0,3.3695917,-1.271933
0,3.3332412,-1.2836465
0,3.3759303,-1.3284719
0,3.5261054,-1.3524207
0,3.6230981,-1.364218
0,3.7226601,-1.3740247
0,3.7893684,-1.383811
0,3.833261,-1.3946429
0,3.8766673,-1.3918244
0,3.9499967,-1.3697686
0,3.8553205,-1.3581504
0,3.8158607,-1.3653744
0,3.8082621,-1.3392924
0,3.7842357,-1.391974
0,3.8079402,-1.4172362
0,4.1067214,-1.4904596
0,4.251019,-1.5176096
0,4.3004594,-1.5670573
0.67142487,4.2802048,-1.767538
0,4.3441124,-1.6308206
0.6714325,4.4029946,-1.7890866
0,4.6212316,-1.5948174
1.3428574,4.9295397,-1.8748235
1.3428574,5.1018353,-1.7749519
1.3428497,5.3213654,-1.6229565
1.342865,5.1258826,-1.5308399
2.0142822,4.7982087,-1.62284
2.0142899,4.3771796,-1.5904461
1.3428574,4.5382695,-1.4055561
2.6857071,4.6015615,-1.5825566
2.0142899,4.7099414,-1.4493603
2.0142899,4.3739634,-1.3919244
2.6857071,3.9960155,-1.5070794
1.3428574,3.8418381,-1.2103925
2.6857224,3.5102608,-1.644478
2.6857071,2.9686077,-1.7570357
2.0142899,3.4900429,-1.6107606
2.6857147,3.6353216,-1.6244972
2.0142822,3.6446877,-1.2983795
2.6857147,3.4243689,-1.5106739
2.6857185,3.3029215,-1.5954317
2.6857109,2.9047637,-1.7092147
2.6857147,2.9393399,-1.7211509
2.6857147,2.6639562,-1.4926533
2.6857147,3.2953804,-1.4725021
2.6857109,3.6560864,-1.3662977
2.6857185,4.111258,-1.3925419
2.6857147,4.3714442,-1.2640539
2.0142822,4.5622358,-1.0993665
2.0142899,4.7328868,-1.1694931
2.0142822,4.4980035,-1.2645873
2.014286,4.6573458,-1.3469602
2.014286,4.87955,-1.3002027
2.0142879,4.5976572,-1.2787774
2.0142841,4.6592255,-1.3317332
2.014286,4.7152781,-1.2840704
1.3428574,4.3570075,-1.1165481
2.6857147,4.8318253,-1.4601363
1.3428574,4.5911956,-1.0752965
2.6857147,4.7660222,-1.3588996
1.3428555,4.8746548,-1.0527122
2.014287,5.0084066,-1.219987
2.0142851,5.2363634,-1.169242
1.3428564,5.3348107,-0.92033982
2.014286,5.5640354,-1.1314244
1.3428574,5.7051263,-0.94832242
2.014286,5.5248604,-1.0672991
0.6714282,5.4618878,-0.73942757
1.3428578,5.2893047,-0.95092267
0.6714282,4.8877096,-0.75211829
0.67142868,4.7570457,-0.84401143
0.67142868,4.2826891,-0.85671169
0.67142844,4.2614784,-0.98209924
0.67142868,4.1387644,-0.98193711
0,4.1306272,-0.84957683
0,4.0914612,-0.84954661
0,4.4115443,-0.93985999
0,4.5413361,-0.85920429
0,4.7219725,-0.85522878
0,4.8440833,-0.82908821
0,4.852911,-0.78358907
0,4.8901567,-0.78098595
0,4.8256822,-0.73087144
0,4.8500924,-0.71731621
0,4.7820578,-0.6678471
0,4.8393555,-0.64529532
0,4.7714057,-0.60131502
0,4.7435603,-0.55781657
0,4.7362032,-0.49808553
0,4.6575904,-0.46039021
0,4.5698805,-0.39388257
0,4.4655447,-0.35379833
0,4.362947,-0.29660547
0,4.3056984,-0.24053159
0,4.1932244,-0.18622144
0,4.0735464,-0.11728173
0,3.9114091,-0.05902721
0,3.7266161,0.006255472
0,3.6612871,0.060139462
0,3.5107462,0.11448697
0,3.3983109,0.18077423
0,3.1822391,0.23351766
0,3.000905,0.28393522
0,2.7894197,0.34529549
0,2.6374495,0.40994233
0,2.4310257,0.50362664
0,2.2315531,0.56097192
0,2.0231342,0.60961944
0,1.8582623,0.67232096
0,1.662256,0.7264809
0,1.4418899,0.78670299
-0.67142868,1.1826345,1.0108854
0,0.54482806,0.88529307
0,0.7393173,0.74287987
-0.67142844,0.69496471,1.0963719
0,0.41473988,1.0895207
0,0.33920068,1.0715066
0,0.11828175,1.1409452
0,-0.078586459,1.167886
0,-0.29783639,1.200655
-0.67142868,-0.59318537,1.4069262
-1.3428569,-0.78006089,1.5633564
-1.3428578,-0.98899871,1.553501
-2.0142856,-1.217707,1.6883903
-2.014286,-1.3131152,1.6639428
-2.6857138,-1.4705865,1.7996722
-3.3571434,-2.2370567,1.88254
-2.6857128,-2.0294728,1.2759819
-2.6857147,-2.2271261,1.2732228
-2.6857166,-1.8372337,1.1578856
-2.6857128,-1.4423004,1.1951995
-2.6857147,-1.374099,1.1849189
-2.6857147,-0.89063811,1.0648837
-2.6857147,-0.43805507,1.1421531
-2.6857109,0.61031675,1.2371647
-2.6857185,0.85905033,1.562309
-2.6857109,0.10694187,1.6644027
-2.6857147,-0.1449503,1.5053027
-3.3571434,-0.31679544,1.6055127
-3.3571434,-0.15068635,1.5182664
-3.3571434,0.18780959,1.5270811
-3.3571434,-0.002795042,1.5697683
-3.3571434,-0.04531021,1.4071541
-3.3571434,0.18263935,1.3428005
-3.3571396,-0.11175933,1.3766478
-3.3571472,0.070016466,1.2178153
-3.3571396,0.27542439,1.232295
-3.3571472,0.91356361,1.1547797
-2.6857147,1.3118482,1.005029
-2.6857071,1.462706,1.1629733
-2.6857224,1.6463294,1.2275709
-3.357132,2.0468359,1.423254
-3.3571472,2.1753514,1.476397
-2.6857224,2.085747,1.1950111
-2.6857071,2.289856,1.0262061
-2.6857147,2.4608934,1.0490665
-2.6857147,2.5768011,1.1509347
-2.6857147,2.3839588,1.2129575
-2.6857147,1.9696038,1.1835562
-2.6857147,1.7254471,1.0937274
-2.6857147,1.4533857,1.0297048
-2.6857147,1.2874428,1.0462306
-2.0142899,1.0106031,0.93642461
-2.0142746,0.59554374,0.92154384
-2.6857224,0.61945146,1.020733
-1.3428574,0.79212838,0.62313592
-2.6857147,0.58488256,1.0805564
-1.3428497,0.69762254,0.7516185
-2.0142822,0.45637393,0.95467901
-2.0142975,0.46014541,0.8862676
-1.3428497,0.60483372,0.68968129
-2.0142822,0.49939126,0.85819489
-2.0142975,0.47037753,0.81096458
-1.3428497,0.2757155,0.61660242
-1.342865,0.25526136,0.55393606
-1.3428497,0.056221928,0.54824603
-1.342865,0.079969242,0.49301764
-1.342865,0.023306593,0.45772195
-0.67141724,0.058842946,0.20441902
-0.6714325,0.31410059,0.15532786
0,0.41991436,0.063022926
0,0.21016602,0.055048231
0,0.18488812,-0.05643446
0,0.15083484,-0.12309585
0,0.37439767,-0.22580199
0,0.56392938,-0.26711008
0,0.7286635,-0.3448053
0,0.90246075,-0.41593671
0,1.1175749,-0.47647983
0,1.3660142,-0.54653645
0,1.6467088,-0.59401798
0.6714325,1.9255836,-0.80521834
0.67141724,2.2682085,-0.84322172
0,2.5697,-0.68482745
0.67144775,2.7932026,-0.8554123
0,3.0172296,-0.71657377
0,3.2708662,-0.78709453
0,3.6879556,-0.87720942
0,4.4613447,-0.85149032
0,4.7646756,-0.73159426
0,5.0119925,-0.72590768
0,5.0747056,-0.69295961
0,5.1252761,-0.7355063
0,5.2802572,-0.77887636
0,5.5510349,-0.779872
0,5.8380775,-0.73580694
0,6.1061487,-0.68027437
0,6.3048358,-0.63862234
0,6.5004821,-0.58785808
0,6.5847063,-0.52966136
0,6.6037593,-0.4641701
0,6.6045027,-0.3956283
0,6.6345172,-0.32789627
0,6.5592909,-0.26179841
0,6.4437575,-0.18776345
0,6.3460646,-0.1190736
0,6.1765795,-0.042176358
0,5.8903704,0.014408215
0,5.6653957,0.078693055
0,5.3826504,0.1414104
0,5.1223941,0.19313598
0,4.803443,0.24400946
0,4.4733782,0.28299305
0,4.2066817,0.3284677
0,3.9085732,0.36850697
0,3.5287087,0.39970633
0,3.1889482,0.41185868
0,2.8012328,0.44011796
0,2.4778402,0.42975283
0,2.1215641,0.43204042
0,1.8092709,0.41370741
0,1.4268606,0.40962783
0,1.3816878,0.39074031
0,1.1747208,0.3888627
0,1.0258873,0.35837907
0,0.88706237,0.36290452
0,0.95710886,0.32174024
0,0.84695292,0.32499748
0,0.83585745,0.29484513
0,0.88001847,0.28581494
0,0.95055181,0.27163333
0,0.99805349,0.25118867
0,1.0611612,0.23753308
0,1.1614891,0.23409161
0,1.3012331,0.22647727
0,1.3809345,0.21404107
0,1.4885199,0.20867328
0,1.5926468,0.20309015
0,1.7019027,0.20134842
0,1.7412347,0.18894392
0,1.7433611,0.19113412
0,1.8361642,0.18515295
0,1.900136,0.1805415
0,1.9988751,0.17693567
0,2.045212,0.17007896
0,2.0738978,0.16338673
0,2.0894203,0.15116468
0,2.0276499,0.13809469
0,2.0430865,0.12472977
0,2.0439138,0.10931039
0,2.0712407,0.094855584
0,2.0696456,0.076134801
0,2.0571325,0.055248298
0,2.0186372,0.039984398
0,2.0434852,0.020445427
0,2.0796826,-0.001066631
0,2.1141295,-0.016311424
0,2.2025256,-0.041239545
0,2.231153,-0.054266252
0,2.2457776,-0.07207147
0,2.3554363,-0.092247687
0,2.4017224,-0.10747949
0,2.5324147,-0.11630916
0,2.6140323,-0.12916401
0,2.7422845,-0.14322786
0,2.7950315,-0.1489944
0,2.8798909,-0.16369678
0,2.9381957,-0.16564909
0,3.0553472,-0.17177193
0,3.1388192,-0.17541249
0,3.2589037,-0.17366658
0,3.3281667,-0.17238398
0,3.3377895,-0.17224345
0,3.3944128,-0.16617279
0,3.4224119,-0.15775289
0,3.4676712,-0.14485362
0,3.573065,-0.13281099
0,3.6728313,-0.12010629
0,3.6821392,-0.10427937
0,3.7015972,-0.086014286
0,3.745508,-0.065640144
0,3.7227614,-0.043147027
0,3.7534878,-0.022462511
0,3.6934474,0.003484795
0,3.6556458,0.017479109
0,3.6581507,0.047652408
0,3.5858016,0.07219065
0,3.5096924,0.096149817
0,3.3796175,0.11553166
0,3.2827585,0.1337177
0,3.2289238,0.14833921
0,3.1860397,0.16823937
0,3.1108527,0.17875281
0,3.0122623,0.1929633
0,2.8587546,0.19919437
0,2.749656,0.20895708
0,2.6020653,0.20962717
0,2.5214996,0.20842412
0,2.4078965,0.20281397
0,2.2282603,0.19157973
0,2.0748003,0.17376839
0,1.956233,0.15509602
0,1.8420486,0.13359876
0,1.7092186,0.099907584
0,1.5652552,0.061067268
0,1.4467515,0.019646827
0,1.3711125,-0.023781478
0,1.3136387,-0.07695771
0,1.2859586,-0.13151777
0,1.2851268,-0.19688919
0,1.2295555,-0.26003483
0,1.2580709,-0.33356398
0,1.2824324,-0.40793371
0,1.3546402,-0.48555982
0,1.387293,-0.56342441
0,1.4753911,-0.64613152
0,1.497002,-0.72979283
0,1.6407311,-0.83574992
0,1.7835766,-0.91185272
0,1.9666834,-1.0173724
0,2.1909394,-1.1122977
0,2.3542614,-1.2022059
0,2.5365429,-1.2989318
0,2.8474784,-1.4035529
0,3.0777688,-1.4871916
0,3.3134882,-1.5646
0,3.5420189,-1.6781728
0,3.8154905,-1.7687466
0.67141724,4.1184058,-2.0149639
0,4.5063539,-1.9349451
0,4.8398905,-1.9098984
0.6714325,5.1882262,-2.0609481
0.6714325,5.5831399,-2.0276637
1.3428497,5.8417587,-2.0696309
1.342865,6.1296377,-1.9696513
2.0142822,6.4203138,-2.0441668
2.0142975,6.2027512,-1.9093943
2.6856995,6.3329725,-2.056016
2.6857147,6.0505571,-1.9314519
2.6857147,5.9475026,-1.8965409
2.6857147,5.5521617,-1.8434418
2.6857224,5.1927552,-1.9000435
3.357132,4.4370594,-2.0120692
3.3571472,4.0095935,-1.9022731
3.3571472,3.3843644,-1.8922698
3.3571396,3.0837011,-1.9956712
4.0285797,4.2704101,-2.2688565
3.357132,4.6106558,-1.8701847
3.3571472,4.0016832,-1.9199828
4.0285721,4.2637668,-2.1575713
3.3571472,4.2023907,-1.9032913
3.357132,4.5194545,-1.848147
4.0285797,4.2308021,-2.0350509
4.0285645,4.2295713,-2.1441901
3.3571472,3.9287825,-1.746896
3.3571396,4.2140946,-1.9148154
4.0285721,4.2847128,-2.3635504
4.0285721,4.4683256,-2.1682992
4.0285759,4.9553208,-2.1489224
4.0285683,5.0264978,-2.2535551
4.0285721,5.0633903,-2.0808787
4.0285721,4.4302654,-2.0877948
4.7000008,4.8684464,-2.2965925
4.0285683,4.6043367,-1.9564121
4.0285721,4.7795405,-1.8767284
4.7000008,6.0617528,-2.183948
4.0285721,5.8976326,-2.0388677
4.0285702,5.7652268,-2.0038369
4.0285721,5.9167233,-2.0652549
4.0285721,5.2521033,-1.9464943
4.7000008,5.3140516,-2.2682436
4.0285711,5.1476469,-2.1649899
4.7000003,5.6652913,-2.2418487
4.0285711,5.0861502,-2.1325724
4.0285711,4.6339216,-2.3468387
4.7000008,4.1787071,-2.111711
4.6999998,3.8237755,-2.3775508
4.0285702,3.6565537,-2.084532
4.7000008,3.5637453,-2.1595545
4.7000008,3.0460858,-2.1862886
4.0285721,4.048718,-2.0759509
4.7000008,3.3192878,-2.134665
4.6999969,4.170301,-2.3668146
4.0285721,3.7162569,-2.2051859
4.0285721,4.3289247,-1.9285415
4.0285721,4.0015373,-2.1491201
4.7000008,3.4919679,-2.1537766
4.0285721,3.8323112,-2.205025
4.7000008,2.9784303,-2.4418852
4.0285721,3.5918207,-2.2350476
4.6999969,3.4792321,-2.5449429
4.7000046,4.0015421,-2.5126295
4.6999969,3.5032039,-2.5121684
4.6999969,4.2867675,-2.292731
5.3714294,3.9601314,-2.7090642
5.3714294,3.3815494,-2.7760947
4.7000046,3.768244,-2.4344547
5.3714294,4.3917985,-2.4530964
5.3714218,3.8387308,-2.6065638
5.3714294,3.2387085,-2.8664753
6.0428619,2.1664832,-2.819108
5.3714218,2.3120463,-2.4440279
5.3714294,1.5427527,-2.5382316
6.0428619,0.70650876,-2.8931837
6.0428467,0.10662518,-2.8448343
5.3714294,-0.17390399,-2.4969044
6.0428619,0.4750084,-2.6659455
6.0428619,-0.11366982,-2.8435745
6.7142944,0.72683525,-3.2289228
6.0428467,2.1425991,-2.9589448
6.0428619,2.1655319,-2.761214
6.7142944,2.0665443,-3.016752
6.7142639,2.501718,-2.9634409
6.7142944,2.2969816,-2.8434203
6.0428619,2.3994641,-2.6470022
6.7142792,2.1704438,-3.0858252
6.7142944,2.772352,-3.1244483
6.7142792,2.6672664,-2.9981492
6.0428619,2.4845884,-2.6669803
6.7142792,1.4370283,-2.9188757
7.3857117,2.4716043,-3.2284226
6.7142944,2.8552036,-3.009028
6.7142639,1.611714,-2.6824608
7.3857117,0.45834166,-2.9739344
6.7142944,2.4247918,-3.089323
6.7142944,1.7624029,-2.6743245
6.7142944,2.1709549,-2.7236288
6.7142639,1.7988967,-2.7580707
7.3857422,3.2512388,-3.071234
6.7142639,2.5949025,-2.6135354
7.3857422,2.6373804,-2.9252338
6.7142639,2.5676124,-2.8389559
6.7142944,2.1044617,-2.3873129
6.7142944,1.6568611,-2.5320811
6.0428467,1.6785185,-2.3136406
6.0428772,2.4044061,-2.3103344
6.7142639,2.4725642,-2.4663143
6.0428467,2.9325833,-2.4091437
6.0428772,3.4505334,-2.3865941
5.3714294,3.5485306,-2.1215136
5.3714294,3.3853281,-1.9865835
5.3714294,4.8720994,-1.9914563
5.3713989,4.4346757,-2.0445809
4.028595,5.1047249,-1.946914
5.3714294,4.618197,-1.9887316
4.0285645,6.240963,-1.7260654
4.0285645,5.4655747,-1.7714045
4.028595,5.0453601,-1.4638375
4.0285645,5.1589508,-1.5069795
3.3571167,4.6723919,-1.2696857
3.3571472,4.6463966,-1.3917183
2.68573,3.271353,-1.3240286
2.6856995,3.0567062,-1.8363199
2.68573,3.1737845,-2.1575236
2.6856995,3.0139856,-2.2639539
4.0285645,3.7251148,-2.6806486
3.3571777,4.2895188,-2.3932099
4.0285645,4.5224977,-2.385586
4.0285645,4.7776918,-2.0935915
4.7000122,5.3152285,-2.2161052
4.0285645,5.4963536,-1.7433571
4.0285645,5.5598588,-1.5920539
4.0285645,5.1128249,-1.5415694
4.0285645,4.924602,-1.641911
4.028595,4.4593754,-1.6626511
4.0285645,4.5226169,-1.4661316
3.3571472,4.451395,-1.2281767
3.3571167,3.9799817,-1.1579691
2.68573,3.0449104,-0.97200257
3.3571472,2.1501184,-1.3907317
2.6856995,1.3781444,-1.5954747
3.3571472,1.9725019,-2.0497451
2.6856995,2.1670988,-1.7404997
4.028595,2.906846,-2.0241737
3.3571472,3.3949602,-1.7421763
4.0285645,3.7403851,-1.6946754
4.0285645,3.7912524,-1.4553249
4.0285645,4.0882163,-1.2255695
4.0285645,4.4042125,-1.117825
4.0286255,4.3079538,-0.89786828
3.3571167,3.6547711,-0.66509748
4.0285645,3.5855148,-0.5656864
2.68573,3.980046,-0.16577341
2.0142822,3.2697752,0.29349798
2.0142822,1.9343657,0.37826285
1.3428345,-0.23121066,-0.18196715
1.3428345,-0.68696004,-2.560297
1.3428955,0.7605949,-2.6875031
3.3571167,0.91549093,-3.2132719
3.3571777,1.9416717,-2.8630462
4.0285645,2.4414327,-2.6046534
4.0285645,2.9267642,-2.3318908
5.37146,3.7179294,-2.6483774
4.6999512,4.444026,-2.169271
5.37146,5.3320694,-2.1544919
4.6999512,5.0102944,-1.583231
5.37146,5.2000942,-1.4342414
5.3713989,4.2915354,-1.1670399
4.0286255,3.7443764,-0.73051447
4.0285645,3.1871383,-0.62708515
3.3571777,2.9363072,-0.32701102
2.6856689,2.6485028,-0.055598345
2.0142822,2.1306849,0.19039948
1.3428345,1.8940418,0.36580271
0.67144775,1.1306108,0.44861665
0.67138672,0.47943717,0.081048913
-0.67138672,0.13017143,-0.1560124
0,0.39477608,-0.78439111
0,1.0007294,-0.85256463
0,1.5286096,-0.83036268
0,2.8210745,-0.81030202
0,3.8302007,-0.35921645
0,3.9734361,-0.011178123
0,3.7162585,0.18056354
0,3.4984896,0.27985907
0,3.3198173,0.33265406
-0.67144775,3.1006572,0.67964911
0,3.0505421,0.63560516
0,3.1376882,0.8032127
0,2.929446,1.0279001
0,2.7927053,1.1868988
-0.67138672,2.5455875,1.5580848
0,2.1940153,1.5697378
-0.67144775,1.7134751,1.9179491
-1.3428345,1.2518731,2.2988501
-2.68573,0.80372268,2.791214
-2.68573,-0.78762549,2.9340818
-4.0285645,-2.4395008,2.5485601
-4.0285645,-3.1895127,2.007283
-4.0285645,-3.4732656,1.6796105
-4.0285645,-2.4178677,1.7482365
-4.0286255,-2.6458316,1.927515
-4.0285034,-2.608948,2.126415
-4.7000732,-2.5005972,2.4037323
-4.6999512,-2.4849339,2.3376424
-4.7000122,-1.9592246,2.4543138
-4.7000122,-2.5477362,2.4145648
-5.3713989,-3.1843481,2.6197548
-4.0285645,-3.1834857,2.5182731
-5.37146,-3.9227071,2.9914117
-4.7000122,-4.865447,2.8791447
-4.6999512,-5.146997,2.6425567
-4.7000122,-4.5192866,2.7294097
-4.7000122,-5.0653028,2.8354278
-5.3713989,-5.8614779,3.0335467
-5.37146,-7.1346164,3.0476468
-5.3714294,-7.9974637,3.2517185
-5.3714294,-8.6792002,2.9597259
-6.0428467,-8.6193867,2.6933236
-6.0428772,-8.1647387,2.3458281
-5.3714294,-7.4279666,1.9918654
-5.3713989,-6.1604085,1.9121933
-4.7000122,-5.5720472,1.9808022
-4.7000122,-5.3224764,1.8411688
-4.0285645,-5.5465531,1.8022321
-3.3571167,-6.4132309,1.523404
-3.3571472,-6.6744776,1.3859469
-2.0143127,-6.2793198,0.79939866
-2.0142822,-5.943429,0.8939057
-1.3428345,-5.514658,0.88881046
0,-4.9892197,0.76979077
0,-4.5547833,0.89916229
0,-3.9656656,1.0910887
0,-3.6918173,1.2343588
0,-4.0223665,1.2775178
-0.67141724,-4.3104901,1.4581778
-0.67147827,-4.901011,1.4816982
0,-5.5355515,1.2513611
-0.67141724,-6.2206564,1.3414197
-0.67141724,-6.655468,1.2609603
0,-6.7934747,1.048174
0,-7.0907292,1.0273101
0,-7.2025533,0.84787965
0,-6.5147104,0.71633321
0,-6.4348431,0.796799
0,-6.4931707,0.78685635
0,-6.4381347,0.69347471
0,-6.5365882,0.68481821
0,-6.5802298,0.66759306
0,-6.6105986,0.55042148
0,-6.3822579,0.51166779
0,-6.3390803,0.51234716
0,-5.931181,0.41063941
0,-5.7286596,0.4569017
0,-5.6271791,0.41624087
0,-5.4436316,0.36026019
0,-4.9767089,0.36449546
0,-4.7103238,0.44897702
0,-4.6272383,0.47245926
0,-4.633575,0.43271035
0,-4.4297123,0.39922833
0,-4.3334279,0.40100291
0,-4.1808462,0.38071916
0,-4.050056,0.38415575
0,-3.8503716,0.37389499
0,-3.5685742,0.3708469
0,-3.3933039,0.37754151
0,-3.2638476,0.38969746
0,-3.1319222,0.39954135
0,-3.0122011,0.41011658
0,-2.901958,0.43366948
0,-2.8233829,0.45211899
0,-2.7479644,0.48096833
0,-2.6774199,0.4967654
0,-2.6318548,0.53329641
0,-2.6402149,0.56160736
0,-2.6075325,0.59563363
0,-2.5630944,0.62697005
0,-2.616046,0.66486406
0,-2.6140084,0.69866329
0,-2.6664696,0.73498553
0,-2.7277651,0.77352619
0,-2.81567,0.81028378
0,-2.8559034,0.85079443
0,-2.9181914,0.90320802
0,-3.0086293,0.94388372
0,-3.0906203,0.98605394
0,-3.2422466,1.0326548
0,-3.3525405,1.0793939
0,-3.4884346,1.1113014
0,-3.6463618,1.1479858
0,-3.7997077,1.1566707
0,-3.9218264,1.1814597
0,-4.1291552,1.1912754
0,-4.3744302,1.1689068
0,-4.5370512,1.137314
0,-4.380928,1.0937798
0,-4.7303319,1.1529083
0,-4.5960746,1.0447361
0,-4.4015174,1.1474957
0,-4.550693,1.1717982
0,-4.5306978,1.1051527
0,-4.6296949,1.1715484
0,-4.4121323,1.1629809
0,-4.4304695,1.2003278
0,-4.482708,1.1744915
0,-4.3116083,1.2436171
0,-4.308928,1.2203633
0,-4.5671692,1.2632895
0,-4.4980564,1.2366257
0,-4.2128086,1.2233784
0,-4.1141243,1.3553383
0,-3.8287163,1.3115919
0,-3.9083636,1.4125928
0,-3.9673166,1.3456143
0,-3.4583023,1.4195366
0,-3.656769,1.5575719
0,-3.503782,1.5831968
0,-4.0135365,1.5939895
-1.342865,-4.326118,1.8632115
0,-4.7075844,1.5195911
-1.3428345,-4.8249302,1.7990875
-1.342865,-5.4855547,1.7879578
-2.0142822,-5.7274342,1.8803396
-2.0143127,-6.0657563,1.883258
-1.3428345,-6.238687,1.3973831
-2.0142822,-6.9528375,1.6099807
-1.342865,-5.7483726,1.3978119
-2.0142822,-5.5244627,1.6322659
-1.342865,-5.250658,1.3867695
-1.342865,-5.7824001,1.4875031
-1.3428345,-4.8419752,1.3235812
-1.342865,-5.0538445,1.2300606
-1.3428345,-4.9982448,1.3256499
-0.67147827,-5.3302269,1.1559371
-0.67141724,-5.1687746,1.2132319
-1.3428345,-5.5896072,1.346837
0,-6.0238214,1.06073
-1.342865,-6.1125441,1.3486317
0,-6.1258268,0.8919946
0,-5.7572403,0.98280442
0,-5.8491907,1.0384477
0,-5.732317,1.1161793
0,-5.9618998,1.1886486
0,-6.363287,1.127339
0,-6.2092781,1.0546875
0,-5.9808741,0.95051742
0,-6.3019867,1.0587941
0,-6.3403521,1.0503186
0,-6.9802103,1.0577377
0,-6.906692,0.92332244
0,-6.9681368,0.9709143
0,-7.32901,1.068887
0,-7.2403703,0.93119997
0,-6.7463145,0.90826714
0,-6.7959018,0.94625276
0,-6.842772,0.93372059
0,-6.6648841,0.8922562
0,-6.8398752,0.93235117
0,-6.4142609,0.83308488
0,-6.5696168,0.97098869
0,-6.4240317,0.84581411
0,-6.5444155,0.90143985
0,-6.5719619,0.83626884
0,-6.2154098,0.83742714
0,-6.3922162,0.97797024
0,-6.1286502,0.8907249
0,-6.0469103,0.94578975
0,-5.99471,0.9121471
0,-5.7659688,0.97015309
0,-5.8787098,1.0743374
0,-5.8428059,1.0224071
0,-5.5327311,1.0096686
-0.67141724,-5.7028317,1.2819055
0,-5.6878552,1.0789725
-0.67144775,-5.5900583,1.2459401
0,-5.7826443,1.0787857
-1.342865,-5.8684688,1.3542675
-0.67141724,-6.04634,1.145517
-0.67141724,-5.9605608,1.1415247
-1.3428955,-6.1192899,1.4650028
-0.67141724,-6.2237425,1.1637188
-0.67141724,-6.2210464,1.0955548
-1.3428345,-5.7884121,1.3390567
-1.342865,-5.915545,1.4014357
-0.67141724,-5.6760798,1.0951604
-1.3428955,-5.8397245,1.3369938
-1.3428345,-5.5650058,1.2852297
-0.67141724,-5.376204,1.1653702
-1.342865,-5.1619649,1.3800418
-1.342865,-5.1198449,1.4420757
-1.342865,-5.1366353,1.3839217
-1.3428345,-5.0793934,1.3635104
-1.3428955,-5.2667732,1.4173967
-1.3428345,-5.4470472,1.3166615
-1.342865,-5.572988,1.4150362
-1.3428345,-5.9129529,1.4402943
-2.0143127,-6.1964569,1.5031207
-2.0142517,-6.4034109,1.5705688
-1.3428955,-6.5423713,1.4338927
-2.0142517,-6.6875463,1.5154756
-2.0142822,-6.2922978,1.6125467
-2.0143127,-5.9295735,1.4939675
-2.0142822,-5.9991856,1.5559516
-2.6856995,-4.9413571,1.7276011
-1.342865,-5.3799844,1.3223064
-2.68573,-5.0437055,1.5300679
-2.0142822,-4.6352305,1.4480217
-2.0142822,-5.1889086,1.4762965
-2.0142822,-5.2292013,1.3837314
-2.0143127,-5.0691929,1.4671084
-2.0142517,-4.9141431,1.4596654
-2.0142822,-4.7852907,1.5334786
-1.342865,-5.5379796,1.4879264
-2.0142822,-5.3223166,1.6089822
-2.0143127,-4.8079844,1.6382816
-2.0142517,-5.1547585,1.6932052
-2.0142822,-5.3018785,1.6878302
-2.0143127,-5.0724387,1.6323951
-2.0142822,-5.2037878,1.631278
-2.0142822,-5.057291,1.7419522
-2.0142822,-5.2562962,1.7422928
-2.68573,-5.8094096,1.9125999
-2.0142517,-5.9063377,1.6874919
-2.68573,-6.0905085,1.7952462
-2.0142822,-5.9576659,1.5217832
-2.68573,-7.1777325,1.8516299
-2.6856995,-6.6632648,1.7459061
-2.68573,-7.2912798,2.2207305
-3.3571472,-7.1524072,2.1630788
-3.3571167,-6.8720789,2.0945511
-3.3571472,-6.857244,1.9888099
-3.3571472,-6.2588682,1.9240211
-4.028595,-6.0507107,2.1504359
-4.0285339,-5.9807692,2.2826962
-4.028595,-6.2722635,2.2706466
-4.0285645,-6.0754628,2.0763955
-4.0285645,-5.4477873,1.9460765
-4.7000122,-4.8493681,2.4043324
-4.6999817,-4.7861938,2.6114302
-4.028595,-5.972754,2.2765162
-5.3714294,-5.7674141,2.5073321
-4.6999817,-4.5945129,2.1574252
-5.3714294,-4.6661992,2.4404092
-5.3714294,-4.0927181,2.5177691
-6.0428772,-4.2962122,2.6346126
-5.3714294,-3.8955672,2.2427599
-6.7142639,-3.8178816,2.61657
-5.3714447,-4.1146674,2.3954806
-6.7142639,-4.8144226,2.6943245
-6.7142944,-4.9170003,2.5815942
-6.0428619,-5.8570867,2.5362239
-6.0428467,-6.5357289,2.3949358
-6.7142944,-6.6051979,2.5153189
-6.7142792,-6.4828472,2.4546595
-6.7142944,-5.986836,2.3482795
-6.0428619,-6.1743889,2.1273832
-6.0428467,-5.9025021,2.0523775
-6.7142944,-5.9586821,2.2969089
-6.0428619,-5.9226117,2.1013229
-6.0428467,-5.7839289,2.0957618
-6.0428619,-5.3723278,2.0237219
-6.0428467,-4.0822082,2.0295138
-5.3714447,-4.1701732,1.8425974
-6.0428467,-3.5448527,2.173332
-6.0428619,-3.573283,2.1353407
-5.3714294,-4.2640343,2.1421459
-5.3714294,-4.6948237,2.2127244
-6.0428543,-5.91714,2.3006387
-6.0428543,-6.4149556,2.0974524
-5.3714294,-6.154984,1.8433195
-5.3714294,-6.1415586,1.8461412
-6.0428543,-6.9941602,1.9382117
-5.3714294,-6.7094488,1.9873405
-5.3714371,-6.7102556,1.9892224
-6.0428543,-7.1971726,2.1678607
-5.3714218,-7.8609333,1.9523914
-5.3714294,-8.278101,1.9263149
-5.3714371,-8.5061092,1.9131315
-5.3714218,-8.202713,1.757095
-5.3714294,-6.9782267,1.6393876
-4.7000046,-7.1832829,1.2681817
-4.6999931,-6.9128971,1.1065029
-4.7000008,-7.0495329,1.4924963
-4.7000046,-5.9687085,1.4832668
-4.0285683,-5.7692523,1.4265085
-4.028574,-6.0157604,1.3729316
-4.0285702,-5.8647771,1.3064409
-3.3571434,-6.2118883,1.0129929
-3.3571415,-6.2717013,1.033347
-4.0285721,-5.6223521,1.1277549
-2.6857147,-5.8916063,0.97481763
-2.6857147,-6.1235266,0.88969588
-2.6857138,-6.2740884,0.87388015
-2.6857147,-6.6023345,0.8766073
-2.6857142,-7.3354125,0.97316152
-2.6857142,-7.273747,0.8389883
-2.0142858,-7.3643236,0.68837118
-2.0142858,-7.7388453,0.78137124
-1.3428569,-7.8093095,0.5238055
-2.014286,-7.4879751,0.5814693
-1.3428574,-7.4332752,0.47099233
-1.3428574,-7.4328527,0.44621998
-0.67142773,-7.1743512,0.21882541
-0.67142868,-7.0321479,0.24100089
-0.67142963,-6.692791,0.17627735
0,-6.2526035,0.028641179
0,-6.030283,-0.000967231
0,-5.8838134,-0.072203919
0,-5.6250043,-0.18712151
0,-5.4970722,-0.24381357
0,-5.4009452,-0.34509802
0,-5.238081,-0.44282997
0,-5.0474372,-0.53409344
0,-4.8148932,-0.60967892
0.67142963,-4.5456085,-0.85449344
0,-4.1763306,-0.75472206
0.67142868,-4.0169034,-1.0025522
0,-3.6905262,-0.96254706
0,-3.3460388,-1.0681965
0,-3.0903842,-1.1583942
0,-2.5631635,-1.273473
0,-2.0478451,-1.2672532
0,-1.8362974,-1.2223096
0,-1.7641039,-1.230884
0,-1.5713295,-1.3425673
0,-1.4961023,-1.3778318
0,-1.0833038,-1.4626843
0,-1.0531987,-1.4262334
0,-0.99967641,-1.5370369
0,-0.65074396,-1.5852358
1.3428574,-0.19958834,-1.9307146
1.3428564,0.13994226,-1.7620188
1.3428574,0.46739385,-1.684162
1.3428574,0.58354789,-1.6415818
2.0142856,0.73911679,-1.7939166
2.0142858,0.57331693,-1.7412444
2.0142856,0.56880331,-1.8147687
2.0142856,0.82566732,-1.7158986
2.6857142,0.75040501,-1.6884847
2.6857147,0.83365375,-1.7281706
2.6857138,1.3944502,-1.6965941
2.6857147,1.593555,-1.5286359
2.6857147,1.1417927,-1.8042294
2.6857128,0.91505563,-1.7579792
2.6857147,0.6346525,-1.88823
3.3571434,0.43715617,-2.0666034
3.3571434,-0.34057504,-1.8823218
2.6857128,-0.55715293,-1.4630581
2.6857166,-1.2036558,-1.3685589
3.3571434,-1.0916488,-1.7764807
3.3571434,-0.58731943,-1.8023401
2.6857109,-0.43916488,-1.5941044
2.6857147,-0.42397279,-1.5780591
2.6857185,0.50282669,-1.7079126
2.6857109,-0.24656364,-1.774013
2.6857147,-0.88692963,-1.8572984
2.6857147,-1.0267516,-1.9038579
3.3571434,0.54902697,-2.171176
3.3571434,2.0108805,-1.9226446
4.0285721,3.2966108,-1.8856245
4.0285721,3.8214302,-1.6140507
4.0285645,3.7604671,-1.3518227
4.0285797,3.4575119,-1.1785083
3.357132,2.6496973,-0.93820328
3.3571472,2.1505623,-0.93994915
3.3571472,1.48279,-1.0785201
2.6857071,0.85454243,-1.0498512
2.6857224,0.26174289,-1.1432699
2.6857147,-0.23074088,-1.230525
2.6857071,-0.8742348,-1.2996079
2.6857224,-1.3809547,-1.4703181
2.6857147,-1.2130632,-1.6025761
2.0142822,-1.7336621,-1.1909159
2.6857147,-2.3889444,-1.1471791
2.0142899,-2.11222,-0.91200554
2.0142746,-2.2105155,-0.87564284
1.342865,-2.5082726,-0.79604679
1.3428574,-2.8011708,-0.8242265
1.3428574,-2.805413,-0.91411996
1.3428574,-3.0471094,-1.0226321
1.3428574,-2.538311,-1.1843458
0.67142487,-2.7324173,-0.81095707
1.3428574,-2.1309848,-1.0798596
0.67142487,-1.5659797,-0.78969103
1.342865,-1.5692754,-0.94504935
1.3428574,-1.0193545,-1.0442512
0.67142487,-1.1451064,-0.79237127
0.6714325,-1.5882293,-0.79751158
1.3428574,-1.6456425,-1.1187761
0.67141724,-1.346224,-0.91122591
1.342865,-1.4192606,-0.99581671
0.6714325,-1.1889137,-0.86921996
1.3428497,-0.59862214,-1.0618176
0,-0.36399701,-0.59383535
1.342865,-0.18212512,-0.9611823
0.6714325,0.14504762,-0.76592112
1.3428497,0.44101617,-0.90668833
0.67141724,0.22169183,-0.64047545
0.6714325,0.52033526,-0.69444007
0.6714325,0.47043791,-0.51504624
0.6714325,0.53286678,-0.52695537
0.6714325,0.6408484,-0.49331096
0,0.70035011,-0.27551648
0,0.60110146,-0.25103819
0,0.57056677,-0.22234449
0,0.38378495,-0.21355972
0,-0.034633782,-0.25301591
0,-0.299979,-0.3476612
0,-0.39135224,-0.38060567
0,-0.67901731,-0.33719277
0,-0.84635746,-0.37287289
0,-1.0982893,-0.36728337
0,-1.4248275,-0.40275639
0,-1.523549,-0.41893589
0,-1.7830666,-0.44659355
0,-2.0547822,-0.49423608
0,-2.4013205,-0.54598534
0,-2.5365899,-0.62687159
0,-2.4603305,-0.6782583
0,-2.2534366,-0.71781147
0.67141724,-1.9787297,-0.91455811
0,-1.702613,-0.73931241
0.6714325,-1.562497,-0.89301693
0.6714325,-1.3183737,-0.88867188
0.6714325,-1.0852398,-0.85984391
1.3428497,-1.2368549,-0.78667313
0,-1.3413579,-0.30249912
0.6714325,-1.5817399,-0.52174729
0.6714325,-1.7097286,-0.60170329
0.67141724,-1.5581419,-0.65418273
0.67144775,-1.3997598,-0.60155296
0,-1.565814,-0.38852131
0,-1.641364,-0.45219755
0,-1.6361063,-0.48160717
0,-1.4943527,-0.49203435
0,-1.3578413,-0.48494133
0,-1.1967098,-0.45205933
0,-1.0237687,-0.4047578
0,-1.2363547,-0.3040705
0,-1.624524,-0.35110027
0,-1.6269621,-0.46771595
0,-1.4962512,-0.46821499
0,-1.3625203,-0.41584203
0,-1.2461041,-0.41364634
0,-1.205034,-0.37209606
0,-1.2226086,-0.36334491
0,-1.208771,-0.33967593
0,-1.1891847,-0.30622089
0,-1.2632767,-0.27863657
0,-1.2741724,-0.2812672
0,-1.2977716,-0.27586806
0,-1.3685154,-0.26315755
0,-1.3457088,-0.25167158
0,-1.3192593,-0.23704368
0,-1.3021853,-0.20306249
0,-1.3181574,-0.18186
0,-1.3407531,-0.14797048
0,-1.3739983,-0.12084629
0,-1.3282043,-0.083587065
0,-1.1836392,-0.03433761
0,-0.99939054,0.034063127
0,-0.88232148,0.11406104
0,-0.81854153,0.19304693
0,-0.8905828,0.2725817
0,-1.0538424,0.33593833
-0.67144775,-1.2473464,0.56163847
-0.67141724,-1.5040036,0.61814845
0,-1.6397892,0.48252171
0,-1.7922733,0.54251581
0,-1.8989455,0.59787226
0,-1.9574392,0.66212732
0,-2.0365064,0.7337352
0,-2.1521034,0.80995983
0,-2.2885518,0.88621682
0,-2.4116881,0.96376711
0,-2.5411577,1.0490845
0,-2.6396224,1.1308694
0,-2.7185659,1.2134132
0,-2.9464843,1.3086386
0,-3.2384942,1.3784505
0,-3.5561538,1.456825
0,-4.4168129,1.518819
-1.342865,-5.109838,1.6673912
-0.6714325,-5.8868699,1.3910264
-1.3428497,-6.3216562,1.236903
-1.342865,-5.7903757,0.98116177
-1.3428497,-5.2163134,0.88766927
-1.342865,-4.9052091,0.98565221
-2.0142822,-4.8744898,1.2722601
-1.3428497,-4.6744857,1.0773182
-1.342865,-4.5590119,1.1232383
-1.3428497,-4.8005557,1.1812869
-1.342865,-4.6488137,1.0966125
-1.3428497,-4.7866955,1.1317954
-1.3428574,-5.0845881,1.1667356
-2.0142899,-5.5394769,1.3052438
-2.0142899,-5.8318672,1.217514
-2.0142822,-6.2111864,1.1200792
-2.0142822,-6.3365788,0.99417782
-2.0142899,-6.6194301,0.95348352
-2.0142822,-6.4047594,0.81182945
-1.342865,-6.0382137,0.59828508
-1.3428497,-5.8169451,0.58327717
-2.0142822,-4.6010432,0.7803635
-1.342865,-4.8108811,0.93368405
-1.3428574,-5.3279986,0.94311762
-1.3428574,-5.202136,0.84563869
-1.3428497,-4.4819388,0.79100233
-2.0142899,-4.3529472,1.1149676
-1.3428574,-3.9073033,0.90727097
-1.3428574,-3.6362262,0.96598411
-1.3428574,-3.5828607,0.91978979
-1.3428574,-3.6085217,0.89487332
-2.0142822,-3.6294553,1.0044093
-1.3428574,-3.912956,0.86165088
-1.3428574,-4.1687036,0.83795148
-2.0142899,-4.6263909,1.0660933
-1.3428574,-4.6032791,0.93981236
-1.3428497,-4.6086817,0.93970889
-1.3428574,-4.2271347,0.95519555
-1.342865,-3.8641419,1.051869
-1.3428574,-3.6572163,1.1062781
-1.3428574,-3.7441611,1.1068321
-2.0142822,-4.3622618,1.2971605
-2.0142822,-4.9298391,1.1323242
-1.342865,-4.5037603,0.69484919
-1.3428574,-4.1521249,0.68895012
-1.3428574,-3.8309512,0.74802184
-1.3428497,-3.4820352,0.82612687
-1.3428574,-3.1091523,0.87299091
-0.6714325,-3.3012094,0.76704407
-0.67142487,-3.4873064,0.73028624
-1.3428574,-3.4291923,0.98552012
-1.342865,-4.1266866,1.0832692
-1.3428497,-4.4898281,1.010314
-1.3428574,-4.7158704,0.93394095
-1.3428574,-4.8967037,0.89986467
-1.3428574,-5.0169864,0.8389293
-1.3428612,-4.9448094,0.90511048
-1.3428535,-4.989881,0.83365947
-1.3428574,-4.6943898,0.73736876
-1.3428574,-4.4770722,0.83989257
-1.3428574,-4.5353675,0.85159731
-2.014286,-4.2091541,0.88607144
-1.3428612,-4.2755318,0.73165846
-1.3428535,-4.0924015,0.67779493
-1.3428574,-4.0555263,0.68366754
-1.3428574,-4.1068039,0.72196877
-0.67142487,-4.3004165,0.51798975
-1.3428612,-4.131741,0.55566001
-1.3428574,-4.2329755,0.62519372
-0.67142868,-4.5078306,0.44372594
-0.67142487,-4.2169509,0.33699855
-0.67142868,-4.0784106,0.45001811
-0.6714325,-4.5217528,0.53459698
0,-4.8637958,0.23918495
-1.3428574,-4.7605815,0.42098376
0,-4.501945,0.093002364
0,-4.4276791,0.17349276
0,-4.4968286,0.1508137
0,-4.430974,0.10630069
0,-4.326766,0.034097895
0,-4.2731218,0.030100316
0,-4.0466218,-0.03361953
0,-3.8453231,-0.038251854
0,-3.6259634,-0.066961244
0,-3.4409931,-0.07918106
0,-3.3092434,-0.098186657
0,-3.2357888,-0.12077779
0,-3.1573257,-0.14738825
0,-3.0421636,-0.1802593
0,-2.8681512,-0.20103621
0,-2.6635849,-0.21962005
0,-2.4966719,-0.22677942
0,-2.3680999,-0.23497856
0,-2.3050413,-0.24707836
0,-2.3201456,-0.27391702
0,-2.3755217,-0.30765179
0,-2.3421912,-0.34441385
0,-2.3305051,-0.38595352
0,-2.2691498,-0.42266566
0,-2.2169778,-0.46015453
0,-2.1290312,-0.47103024
0,-2.0381181,-0.49481106
0,-1.9424021,-0.52266842
0,-2.0086517,-0.55347836
0,-2.0940087,-0.59763354
0,-2.313169,-0.65614426
0,-2.5187523,-0.724558
0,-2.6259713,-0.80981368
0,-2.551533,-0.90201724
0,-2.3509853,-0.96069777
0,-2.1129241,-0.84121287
0,-1.6167446,-0.82325232
0,-1.2013651,-0.75637132
0,-0.82153177,-0.67521453
0,-0.48029655,-0.60664153
0,-0.36424154,-0.55896074
0,-0.26025283,-0.55082345
0,-0.3541272,-0.5311377
0,-0.45556262,-0.53618515
0,-0.58488196,-0.53190404
0,-0.72422129,-0.54430825
0,-0.81740367,-0.54621607
0,-0.89555317,-0.55718529
0,-0.96455967,-0.57896471
0,-1.0105325,-0.59540045
0,-1.0968094,-0.6218127
0,-1.2372445,-0.66578865
0,-1.3273512,-0.7190941
0,-1.4825358,-0.77936131
0,-1.5490671,-0.84291196
0,-1.6451801,-0.93083787
0,-1.6378708,-1.0163605
0,-1.6538817,-1.111199
0,-1.4880699,-1.1605793
0,-1.2635026,-1.0954881
0.67142868,-1.1759632,-1.2678472
0,-0.94684267,-1.0905219
0,-0.79809183,-1.076525
0,-0.73397559,-1.0598198
0,-0.80441511,-1.0821534
0,-0.78601474,-1.0845467
0,-0.95065135,-1.0976001
0,-1.1120794,-1.1304066
0,-1.480744,-1.22289
0,-1.526338,-1.3397653
0,-1.4516912,-1.3483078
0,-1.4590716,-1.4122897
0,-1.3388019,-1.4245492
0,-1.6244403,-1.4250571
0,-1.2144091,-1.5431477
0,-0.94415444,-1.5005187
0.67142868,-0.91274542,-1.7269759
0,-0.34404925,-1.6120442
0,0.32554096,-1.5578624
0.6714325,0.37561613,-1.6220081
0.67142868,1.4033056,-1.6754866
1.3428535,1.3841872,-1.704865
0.67142868,1.8167437,-1.3723097
2.0142899,1.888662,-1.6555675
1.3428535,1.9546521,-1.2631955
2.014286,2.8017845,-1.4892049
2.014286,2.5055096,-1.1343828
2.014286,2.6452968,-1.0927666
2.014286,2.6810467,-1.1024787
2.014286,2.6876421,-1.0061507
2.0142822,2.4907117,-0.86959529
1.3428612,2.2533083,-0.60605943
1.3428574,2.0070608,-0.57609731
1.3428574,1.6657219,-0.50289071
1.3428574,1.2755226,-0.43649086
1.3428497,0.87603754,-0.41678298
0,0.23991944,-0.090387315
0,-0.33426341,-0.24219951
0,-0.80217916,-0.45891502
0,-0.9050051,-0.69543844
0,-1.1542238,-0.80137241
0,-1.6398501,-0.94205183
0,-1.4983679,-1.1986759
0.6714325,-1.5796847,-1.3976284
0.6714325,-1.3474028,-1.4855638
1.3428574,-1.3978603,-1.6633282
1.3428574,-0.95127171,-1.6870813
1.3428574,-0.52256477,-1.6326318
1.3428497,-0.49296448,-1.4388506
2.6857147,0.098425671,-1.8090761
2.0142899,0.36824176,-1.5078243
2.0142899,0.47533229,-1.2205639
2.6857071,0.75099057,-1.2776989
2.6857224,1.0861529,-1.1602343
2.0142822,1.8064768,-0.77668917
2.0142822,1.6290756,-0.69515067
1.3428574,1.1819862,-0.5464648
1.3428574,0.81299376,-0.58273393
1.3428574,0.67344034,-0.61527574
1.342865,0.1989214,-0.62552667
0,0.11671411,-0.34250921
0.67142487,-0.14241357,-0.49516749
0.67142487,-0.42441091,-0.55595291
0,-0.44896984,-0.47060776
0.67142487,-0.9871605,-0.70404303
0,-1.143013,-0.76800382
0,-0.99184763,-0.88953626
0,-1.0122823,-0.92601848
0,-0.35883793,-1.0363567
0,-0.22162698,-1.0003633
0,-0.10060649,-0.94519746
0,0.074241638,-0.95175231
0,0.21220803,-0.9207589
0,0.22138742,-0.92154795
0,0.2303928,-0.94159657
0,0.24592024,-0.919447
0,0.14469655,-0.91092956
0,0.011958474,-0.92728746
0,-0.060828172,-0.93715727
0,-0.19244373,-0.96027094
0,-0.29299223,-0.97913784
0,-0.36695042,-1.0065745
0,-0.5246948,-1.018066
0,-0.53653812,-1.0579617
0,-0.40284741,-1.0276446
0,-0.19605997,-1.0302032
0,-0.10693562,-1.0161823
0,-0.018139925,-1.0727245
0,-0.064405933,-0.96811134
0,-0.058326714,-1.0579072
0,0.17637315,-1.0236495
0,0.046593115,-0.96566457
0,-0.032603733,-1.0102091
0,0.022410132,-1.0174317
0,0.25303775,-1.0563546
0,0.39283076,-0.97021866
0,0.40597928,-1.0273054
0,0.35664332,-1.0113013
0,0.54374003,-1.0390422
0,0.72583461,-0.96555805
0,0.90140271,-0.97269666
0,1.093311,-0.98684299
0,1.19897,-0.92374653
0,1.0639546,-0.96739328
0,0.95979089,-0.88671553
0,0.98513269,-0.89257258
0,1.0173558,-0.86762512
0,0.99291968,-0.8443327
0,1.0142589,-0.83625609
0,1.1017426,-0.83760881
0,1.1787328,-0.86235625
0,1.2356284,-0.80426878
0,1.3075284,-0.80461282
0,1.5672789,-0.76019824
0,1.5245868,-0.72401392
0,1.7500665,-0.7332049
0,1.7645535,-0.65943712
0,2.0169642,-0.62802672
0,1.8076103,-0.57726783
0,1.9794383,-0.58276707
0,1.8225385,-0.49317527
0,1.9992764,-0.48985773
0,1.7836549,-0.36181372
0,1.658489,-0.3944208
0,1.4148635,-0.38556284
0,1.2562913,-0.41810998
0,0.90434545,-0.35214019
0,0.73682117,-0.42698327
0,0.73143959,-0.40633813
0,0.98142189,-0.34853959
0,1.2672958,-0.23762548
0,1.4215095,-0.11790868
0,1.5134574,-0.079441689
0,1.6958745,-0.06298957
0,1.8066615,0.054521583
0,1.6717011,0.16639742
0,1.2887828,0.23157632
0,0.72569501,0.28160894
0,0.33369496,0.29485178
0,-0.28558096,0.29599607
0,-1.1116476,0.28885955
0,-1.9463452,0.22731625
0,-2.6226304,0.12913249
0,-2.8605478,0.0118571
0,-2.5666952,-0.061616022
0,-2.1437197,-0.038344946
0,-1.6787858,0.023453139
0,-1.5678185,0.07262668
0,-1.640747,0.094199769
0,-1.808327,0.077472568
0,-1.9907991,0.022498414
0,-2.0621881,-0.053264193
0,-1.8177177,-0.12489511
0,-1.4454616,-0.17075652
0,-1.0591617,-0.18353799
0,-0.74815822,-0.17493923
0,-0.53417242,-0.1468752
0,-0.59593558,-0.075330615
0,-0.67100328,0.004708841
0,-0.85780531,0.097060531
0,-1.0992057,0.21047057
0,-1.4949237,0.30471474
0,-1.6727582,0.30735853
0,-1.6236613,0.34620205
0,-1.5287446,0.44016862
0,-1.330083,0.5487172
0,-1.5264174,0.67336887
0,-1.8813779,0.7226193
0,-1.3613359,0.58169132
0,-1.1893119,0.68903828
0,-1.4294013,0.82473266
0,-1.5885154,0.86572325
0,-1.9024664,0.91878933
0,-2.2147257,0.97387469
0,-2.542876,0.96032315
0,-3.1377935,0.92164189
0,-3.6343927,0.79692304
0,-3.7888596,0.69838768
0,-3.8118286,0.62093848
0,-3.5823309,0.58140337
0,-3.755156,0.63402534
0,-3.9990923,0.57256079
0,-3.9196091,0.53943861
0,-3.7850561,0.5756532
0,-3.9531474,0.55263197
0,-3.5900645,0.50330341
0,-3.7957892,0.59893113
0,-3.9390533,0.61036688
0,-4.1005077,0.59403718
0,-3.4933801,0.47800934
0,-3.3987923,0.57430494
0,-2.9384162,0.54125798
0,-3.1415942,0.67717344
0,-2.8281155,0.59454483
0,-2.9561102,0.69110471
0,-2.9436753,0.62551564
0,-3.1152358,0.63021797
0,-3.2178495,0.60714167
0,-3.4156415,0.60805941
0,-3.6878715,0.57316053
0,-3.5087407,0.48517513
0,-3.1876309,0.49576333
0,-3.2117043,0.57323301
0,-3.165978,0.50842714
0,-2.9929047,0.52221841
0,-3.0394614,0.49581683
0,-2.9359128,0.49881005
0,-2.621727,0.45567101
0,-2.4462655,0.54169261
0,-2.3460472,0.57680809
0,-2.1427193,0.56438756
0,-2.0000861,0.63634938
0,-2.4182737,0.69612038
0,-2.4317994,0.49733624
0,-2.2938993,0.58120006
0,-2.627929,0.67429215
0,-3.4712908,0.71968782
0,-3.5084949,0.49098563
0,-3.7939665,0.54992956
0,-3.901423,0.51644069
0,-3.4369173,0.45602143
0,-3.9427292,0.6420458
0,-4.0358748,0.54824883
0,-3.9277892,0.5294373
0,-3.7017317,0.54178482
0,-3.8808875,0.71871579
0,-3.6284032,0.54714108
0,-3.6583931,0.60602236
0,-3.3622184,0.56491351
0,-3.9511094,0.64694214
0,-3.9591379,0.57933861
0,-4.3198905,0.50543481
0,-4.195158,0.47835389
0,-4.2925577,0.48474982
0,-3.7761102,0.32819992
0,-3.7924728,0.38454732
0,-3.7565482,0.50417876
0,-3.8418729,0.47757912
0,-3.7087493,0.46229115
0,-3.8550839,0.50545347
0,-3.1450768,0.43988466
0,-3.3598239,0.62877148
0,-2.7201896,0.60241109
0,-3.0703588,0.65288419
0,-2.6807189,0.63292307
0,-2.7712526,0.77738822
0,-2.8780601,0.79505879
0,-2.723845,0.81756228
0,-3.0943253,0.86658525
0,-3.1293831,0.87944037
0,-3.2505655,0.82532012
0,-3.3201597,0.81383646
0,-3.4245701,0.77826953
0,-3.5874403,0.71432972
0,-4.0194092,0.64192671
0,-4.7131295,0.65140194
0,-5.2030358,0.53705204
0,-5.7953415,0.46074879
0,-5.7122259,0.33475077
0,-6.07022,0.3176046
0,-6.2290854,0.23539802
0,-6.8502655,0.32580936
0,-7.5568666,0.34054592
0,-8.511404,0.24395779
0,-8.8946667,0.23004091
0,-8.8253202,0.25470001
0,-8.8641396,0.54785132
0,-8.3649321,0.72228736
0,-7.7663579,0.90903401
-0.67142487,-6.65487,1.2752874
0,-5.8311777,1.3701696
0,-4.6395574,1.5341607
0,-3.5172675,1.7500895
-1.3428497,-2.2842867,2.3754406
-1.342865,-1.0297095,2.7229891
-2.6857147,0.027472943,3.456409
-2.6857147,1.0318979,3.7901096
-5.3714294,1.4333097,4.9174733
-5.3714218,1.3012029,5.3840504
-8.0571442,0.34849826,6.04778
-8.7285728,-0.92253059,6.4695573
-10.742859,-3.4866407,6.8636723
-12.757145,-7.0066214,6.476336
-13.42857,-6.9527278,4.0511236
-14.1,-0.99017638,2.64096
-14.1,1.0871722,2.7119803
-12.085714,1.0848072,1.8123904
-11.414286,0.63531411,1.3843857
-10.07143,2.1716723,1.2185893
-8.728569,2.396868,0.18045455
-7.3857155,1.2456623,0.009726591
-5.3714294,0.54230112,-0.69602853
-4.0285683,0.29610595,-1.2489269
-2.6857185,-1.510963,-2.1432242
-0.67142487,-2.3900223,-2.8140812
0.67142487,-2.5075908,-3.7146595
2.6857185,-2.0782242,-4.3031511
2.6857109,-1.6788174,-4.1683736
5.3714294,-0.7933923,-4.9839072
6.0428581,0.50278276,-3.9102476
6.0428581,-1.2906853,-1.5356269
6.714283,-4.8141985,-0.90654486
5.3714294,-6.0886211,-0.7903806
4.0285721,-6.9296708,-0.77306336
4.0285721,-6.5166359,-1.2247584
4.0285702,-6.1505585,-1.2922734
2.6857147,-5.187099,-0.74071687
4.0285721,-5.4036016,-1.0447756
2.6857138,-4.9521956,-0.73911172
2.6857147,-4.1784911,-0.90241891
2.6857142,-4.0971971,-0.74716365
2.6857142,-4.0983639,-0.75378513
2.0142858,-3.8134599,-0.59786642
2.0142858,-4.0815077,-0.62562388
2.014286,-4.4320703,-0.63099891
1.3428569,-4.6712093,-0.49041995
1.3428574,-5.0488272,-0.50978065
0.67142773,-4.8389139,-0.52018142
1.3428574,-4.8139157,-0.76822817
0.67142868,-4.4387879,-0.71529835
0.67142963,-3.9648011,-0.71820265
1.3428564,-3.241359,-0.88762569
0.67142868,-2.3528404,-0.6457054
0.67142868,-1.6538757,-0.50704598
0.67142773,-1.5269519,-0.4677608
0.67142963,-1.5714035,-0.51652467
0,-1.7805276,-0.4241713
0.67142868,-1.9664646,-0.65642273
0.67142868,-2.1740863,-0.70713407
0,-2.3694904,-0.5750041
0,-2.5242558,-0.59907752
0,-2.4682348,-0.61643183
0,-2.2840717,-0.59348279
0,-1.9787199,-0.56211519
0,-1.7624973,-0.53994191
0,-1.4694748,-0.48809659
0,-1.222254,-0.45383433
0,-1.0274401,-0.43448848
0,-0.84844017,-0.41565746
0,-0.79054368,-0.3911761
0,-0.60370141,-0.35479861
0,-0.51402831,-0.30891225
0,-0.60163391,-0.25388506
0,-0.84009564,-0.20634265
0,-1.1918535,-0.23367684
0,-1.521188,-0.2876142
0,-2.0376062,-0.36420301
0,-2.6258028,-0.47106859
0,-2.9457121,-0.59932619
0,-3.0632832,-0.70081705
0,-2.8807802,-0.75666183
0,-2.4253275,-0.76381433
0,-1.7136531,-0.7093491
0,-0.87347734,-0.57616794
0,-0.029511541,-0.39738426
0,0.52769309,-0.16832823
0,0.48992279,-0.021661881
0,-0.07185594,0.018960714
0,-0.85678291,-0.037093155
0,-1.8194866,-0.10332474
0,-2.5949667,-0.22935018
0,-3.1054838,-0.35574687
0,-3.2552426,-0.46365523
0,-3.2252207,-0.5373559
0,-2.9760122,-0.60005045
0,-2.804842,-0.65171576
0,-2.5766256,-0.67692977
0,-2.4328175,-0.66851735
0,-2.1186504,-0.6471957
0,-1.8690623,-0.60128504
0,-1.3209567,-0.57134801
0,-0.76093835,-0.47878471
0,-0.24641007,-0.34684911
0,0.079420157,-0.19200382
0,0.12973908,-0.054475337
0,-0.14688075,0.036778793
0,-0.78494412,0.062735468
0,-1.5084947,0.035311371
0,-2.1513026,-0.042803228
0,-2.6778016,-0.10003527
0,-3.1233842,-0.16425261
0,-3.5267439,-0.22870958
0,-3.7627718,-0.30697665
0,-3.5572293,-0.38725618
0,-3.4037094,-0.41545206
0,-3.2931302,-0.41548115
0,-3.4173834,-0.43005985
0,-3.6824837,-0.45644519
0,-4.0811911,-0.50182009
0,-3.5381105,-0.50387907
0,-2.7875001,-0.4684633
0,-3.2705781,-0.47331718
0,0.072579086,-0.16917928
0,0.16049816,-0.14112779
0,0.058775734,0.1017412
0,0.82549292,-0.13020314
0,0.55690247,-0.28652722
0,0.034833323,-0.41001058
0,-0.27561256,-0.59347969
0,-0.060961593,-0.77121824
0,0.054984104,-0.81860113
0,-0.13033931,-0.83594984
0,-0.18569846,-0.88723886
0,0.009384019,-0.89149123
0,0.24798523,-0.83700055
0,0.46851805,-0.77180088
0,0.66216141,-0.69889718
0,1.2174524,-0.55652124
0,-0.041705027,-0.1949189
0,-0.33784017,-0.22764544
0,-0.89121217,-0.26467314
0,-0.90609795,-0.36999255
0,-0.74852598,-0.43739849
0,-0.6435352,-0.37595379
0,-0.68519443,-0.32921836
0,-0.75680321,-0.35300753
0,-1.1148833,-0.38139924
0,-1.5303248,-0.4366399
0,-1.8689203,-0.49473125
0,-2.1079748,-0.56075621
0,-2.2730384,-0.6307531
0,-2.3155427,-0.68856579
0,-2.3880115,-0.75935888
0,-2.0671587,-0.84800017
0,-2.1642861,-0.84040642
0,-1.8770694,-0.96788025
0,-1.7818751,-0.99369323
0,-1.4686251,-1.0528785
0,-1.203946,-1.0419966
0,-1.3668619,-1.0290323
0,-0.9480527,-1.1618574
0,-0.84958476,-1.1087636
0.67142868,-1.2764647,-1.1837363
0.67142677,-0.84114462,-1.3240589
0.67142868,-0.88902199,-1.192593
1.3428574,-0.74696207,-1.3082752
1.3428593,0.042331859,-1.3010329
2.014286,0.52896118,-1.2732154
1.3428555,0.98701739,-1.0172017
2.6857147,0.3937043,-1.1540825
1.3428574,-0.012764957,-0.90413678
2.6857147,0.0001805,-1.2859211
1.3428574,0.27649236,-0.71352065
1.3428574,0.17837243,-0.64774579
1.3428574,-0.81225139,-0.79921675
1.3428535,-1.1923612,-0.98553705
1.3428574,-1.6849921,-1.0460032
0.6714325,-2.0583415,-1.0586383
1.3428574,-2.3407874,-1.2912693
2.0142822,-2.7564862,-1.4716582
1.3428612,-2.7084615,-1.3459361
1.3428535,-2.4891062,-1.3167758
2.6857185,-2.7052062,-1.6485991
1.3428535,-2.5801866,-1.3136263
2.6857147,-1.55013,-1.6717138
2.6857147,-1.6296012,-1.4452077
2.6857147,-1.3277156,-1.450958
2.6857147,-0.23760521,-1.3968018
2.6857147,0.083019406,-1.2626079
3.3571396,-0.19805828,-1.3692083
2.6857147,-0.099944502,-1.17158
2.6857147,0.16398667,-1.1395968
3.3571396,-0.4577578,-1.1369098
2.6857147,-0.27484789,-1.12353
2.0142899,-0.76578563,-0.91158187
2.6857071,-1.9031852,-1.0368917
2.0142899,-2.0687716,-0.82965964
2.0142899,-1.385042,-0.89367753
2.0142899,-1.4944941,-0.84977698
1.3428497,-0.87157571,-0.83156508
1.3428574,-0.77158242,-0.81050187
1.3428574,-0.41371718,-0.90407503
1.3428574,-0.45417306,-0.83048618
0.6714325,-0.55620068,-0.74732041
0.67142487,-0.97917998,-0.76963365
1.342865,-1.6509062,-1.0816488
0.67142487,-1.6994616,-1.0801179
1.3428497,-2.1135001,-1.2896019
1.3428574,-1.9379553,-1.4045388
1.342865,-1.5750854,-1.3321264
2.0142822,-1.6675998,-1.4079988
1.3428574,-1.7498113,-1.1293657
2.6857147,-1.0388793,-1.4334913
1.3428574,0.016122768,-1.1188498
2.6857147,0.57506168,-1.2914783
2.0142822,0.27850556,-1.0012841
2.0142899,0.73863423,-0.99323565
2.0142822,1.0283264,-0.81022316
2.0142899,0.63839161,-0.69966662
1.3428574,0.42831808,-0.51930511
1.3428497,0.42746136,-0.5459944
1.3428574,0.32361576,-0.49355417
1.342865,-0.056300983,-0.53056449
0,-0.51558089,-0.3497971
0,-0.4773815,-0.45594642
0,-0.87288558,-0.54406178
0,-0.86165017,-0.65875703
0,-1.1513411,-0.65937585
0,-1.237462,-0.77068055
0,-1.2989457,-0.83139688
0,-0.82480085,-0.93832242
0,-0.73803872,-0.87339944
0.67142487,-0.72040945,-0.98652065
0.6714325,-0.91323811,-0.94098377
0,-1.1555451,-0.75180626
0.67142487,-1.3519648,-0.97619146
0.6714325,-1.3647352,-0.980784
0,-0.53663075,-0.90900922
0,-0.45513943,-0.73436803
0,-0.15809263,-0.77219492
0,-0.023798408,-0.72126937
0,-0.10612946,-0.69685817
0,-0.088916443,-0.6432876
0,-0.040046386,-0.63303536
0,-0.13402884,-0.60481131
0,0.013700853,-0.60823244
0,-0.17583695,-0.58339208
0,0.17953295,-0.58224571
0,0.12614951,-0.47168633
0,0.1350272,-0.55447733
0,0.24204153,-0.53014618
0,0.13212208,-0.4954358
0,0.227843,-0.49790362
0,0.28705552,-0.42747343
0,0.003878881,-0.3665638
0,-0.17658699,-0.41249081
0,-0.26977298,-0.40382841
0,-0.36017668,-0.38241887
0,-0.35533315,-0.3731907
0,-0.39339548,-0.34957206
0,-0.40052044,-0.30030644
0,-0.44757986,-0.26600695
0,-0.47212407,-0.21887109
0,-0.55093718,-0.17681785
0,-0.64277196,-0.1287255
0,-0.68941635,-0.08231546
0,-0.80475187,-0.037209455
0,-0.96472877,0.006079197
0,-1.0883796,0.056831606
0,-1.2222023,0.09208791
0,-1.3536388,0.14343607
0,-1.4781715,0.1818552
0,-1.4862851,0.23018369
0,-1.4620523,0.3008154
0,-1.5122489,0.37873447
0,-1.5891726,0.44532043
0,-1.5807564,0.52520907
0,-1.6538579,0.61401182
0,-1.8200787,0.69246858
0,-2.0650132,0.75799561
-0.6714325,-2.6198897,0.96258259
-0.67142487,-3.355902,0.95355165
-0.6714325,-4.1569467,0.89823538
-0.67142487,-5.4266849,0.7839309
-0.6714325,-6.0553913,0.57579637
-0.6714325,-6.9222317,0.33501869
-0.67142487,-7.0234518,0.023428917
0,-6.9800606,-0.19114202
0.67142487,-6.6898355,-0.31790948
0,-6.1966062,-0.15015668
0,-5.90903,-0.15229194
0,-5.6032019,-0.087464154
0,-5.6373982,-0.05580382
0,-5.4102635,-0.15144965
0,-5.4394774,-0.17939517
0,-5.2727723,-0.30285186
0,-5.1727157,-0.34717047
0,-4.7931604,-0.44145346
0,-4.5356655,-0.4502759
0,-4.0556126,-0.52249479
0,-3.8437386,-0.5340519
0,-3.5610917,-0.59948701
0,-3.4450121,-0.61910105
0,-3.2388406,-0.6834324
0,-3.1062,-0.71466887
0,-3.0125821,-0.78038102
0,-2.8720481,-0.81633085
0,-2.7049789,-0.86802983
0,-2.4222066,-0.93233407
0,-2.1316638,-0.85863596
0,-2.0465944,-0.85150731
0,-1.8597398,-0.83132339
0,-1.7569053,-0.82483655
0,-1.6831145,-0.83748323
0,-1.602006,-0.84692591
0,-1.5351962,-0.87698597
0,-1.5532995,-0.88430792
0,-1.460896,-0.9052214
0,-1.4211403,-0.92909896
0,-1.4862328,-0.94987786
0,-1.4262257,-0.97396493
0,-1.4624823,-0.97616321
0,-1.4078271,-1.006942
0,-1.3627027,-1.034811
0,-1.313031,-1.0214512
0,-1.5314699,-0.98448962
0,-1.20386,-1.0926847
0,-1.2770858,-1.0871706
0,-1.3180584,-1.1345782
0,-1.6360401,-1.0976208
0,-1.3403312,-1.2292583
0,-1.5397369,-1.1816231
0,-1.7636312,-1.2532598
0,-1.7733624,-1.2970074
0,-1.9883951,-1.3018681
0,-1.7538732,-1.4285507
0,-1.9558821,-1.4124246
0,-1.7711345,-1.5009433
0.6714325,-1.8133384,-1.7095065
0,-1.9179133,-1.5463567
0.6714325,-1.4949696,-1.7591987
0,-1.6232547,-1.5596534
1.3428574,-1.3451208,-1.8866998
1.3428574,-1.5545398,-1.8766732
1.3428574,-0.87126589,-1.905901
2.0142822,-0.96951354,-2.0414243
2.0142822,-1.1645272,-1.9457679
2.6857147,-0.37486303,-2.1382017
2.6857147,-0.11618555,-2.002697
2.6857147,0.16161947,-2.0931683
2.6857147,0.005227256,-1.945905
3.3571472,-0.29707998,-2.1397045
3.357132,-1.4374419,-2.1360016
4.0285797,-1.962996,-2.4584365
3.357132,-2.6075835,-2.1156771
4.0285797,-1.6857581,-2.198833
4.0285797,-2.2587173,-2.0861566
4.0285797,-2.3785059,-2.1297538
4.0285492,-2.2494788,-2.1514935
4.0285797,-1.7991654,-2.0471017
4.6999969,-1.6371531,-2.2052815
4.0285797,-1.8635232,-2.0544131
4.0285645,-0.79563928,-2.1098526
4.0285797,-0.7735191,-2.1851957
4.6999969,-0.39695442,-2.2023311
4.6999969,-1.2085102,-2.1920652
4.0285797,-0.90680987,-2.0368996
4.6999969,-1.5438769,-2.1019683
4.6999969,-1.4046099,-2.2349703
4.0285797,-1.2272201,-1.9000219
4.6999969,-1.3155298,-2.2776394
4.0285645,-1.0044312,-1.8769196
4.0285797,-0.39859554,-1.8562245
4.0285645,-0.81900448,-1.6478231
4.0285645,-0.57014203,-1.8494329
3.3571472,-0.60110742,-1.790989
4.0285797,-0.8501969,-1.9257122
4.0285645,-0.46970412,-1.9926597
3.357132,-0.39317754,-1.7463677
3.3571472,-0.3918449,-1.5018746
4.0285645,-0.043263488,-1.800047
2.68573,0.17399824,-1.5024669
4.0285645,-0.19759341,-1.7514634
2.6856995,0.14008908,-1.5333557
2.68573,0.31542736,-1.3927389
3.3571472,-0.000194914,-1.4810286
3.3571472,0.17159046,-1.4637829
2.6856995,0.35471916,-1.1465722
2.68573,0.47141647,-1.1020823
2.0142822,0.19730096,-0.86803722
2.68573,-0.049428105,-1.0848513
2.0142822,0.1027638,-0.89181709
2.0142517,0.086841904,-0.81816435
2.0143127,0.1392305,-0.7930516
1.3428345,0.016524047,-0.56142741
1.342865,0.18570474,-0.43818089
1.342865,-0.004461601,-0.41649336
0.67144775,-0.033203892,-0.28431404
0.67141724,-0.044158332,-0.35761738
0,0.13047478,-0.18595831
0.67141724,0.084789738,-0.26216844
0,0.041527037,-0.10068679
0,0.23616172,-0.043549418
0,0.22446828,0.105928
0,0.27528846,0.2112875
0,0.37980771,0.34828204
0,0.34753925,0.44411317
0,-0.1210371,0.48879397
0,-1.5407447,0.2713933
-0.67141724,-1.5103362,-0.26678646
0,-0.91717511,-0.57284635
0,-0.38519767,-0.54825169
0,0.24891219,-0.50931066
0,0.66504055,-0.37605208
0,0.96839148,-0.23890156
0,1.2457279,-0.045190752
0,1.1955417,0.11727692
0,1.2602172,0.21341133
0,1.229055,0.34521484
0,1.23903,0.46254104
0,1.1533533,0.59920633
0,1.0214103,0.7220431
0,0.82787687,0.86545742
0,0.61773396,1.0228909
0,0.40530798,1.162921
0,0.14625444,1.3242531
0,-0.19342197,1.4691105
-0.67141724,-0.67101294,1.7828155
-0.67144775,-1.5921795,1.8527114
-1.342865,-2.3158884,1.8280873
-2.0142822,-2.8993158,1.769001
-2.0142822,-3.4981594,1.7176926
-2.6856995,-3.6605222,1.7332281
-2.6856995,-4.1597252,1.8328499
-2.68573,-4.1687508,1.7490928
-3.3571472,-4.506948,2.0391796
-3.3571472,-3.9153488,1.790311
-4.0285645,-3.5376897,1.9616911
-3.3571472,-3.992888,1.7631127
-4.0285645,-2.9400351,1.9121981
-4.028595,-3.2143636,1.8586547
-4.6999817,-3.4750473,1.9532405
-4.028595,-2.4991138,1.6138569
-4.0285492,-3.0524626,1.8618332
-4.7000122,-2.0014844,1.8910465
-4.6999969,-2.750833,2.072437
-4.6999969,-2.8401511,1.9651884
-4.6999969,-3.5146258,2.2637475
-4.6999969,-4.1398869,2.4963918
-5.3714294,-4.4711623,2.6181004
-5.3714447,-4.1089363,2.3335414
-6.0428467,-4.1952558,2.4183965
-5.3714294,-4.0901084,2.0331721
-6.0428619,-3.0249791,1.9684826
-5.3714142,-2.8795614,1.7410114
-5.3714447,-3.1732624,1.7313882
-5.3714142,-2.9601073,1.7201368
-4.7000122,-2.5952499,1.4983091
-5.3714142,-1.9478216,1.6435887
-4.7000122,-2.1426275,2.019722
-4.6999969,-1.8401791,2.1699638
-4.6999969,-1.858197,2.0150971
-4.6999969,-1.8221707,2.0266147
-5.3714447,-1.1749068,2.0848455
-5.3714142,-2.4044483,2.1301124
-4.7000122,-2.2530077,1.7386625
-4.6999969,-2.3552973,1.7307203
-5.3714294,-2.2901981,1.9502052
-4.6999969,-2.7521646,1.9201016
-4.7000046,-2.5378773,1.9785006
-5.3714218,-1.9753513,2.1453817
-5.3714294,-1.6556296,2.2542486
-4.7000046,-1.6160872,2.1344571
-5.3714218,-1.7973412,2.2574492
-5.3714294,-1.1084189,2.0167122
-5.3714371,-1.073462,2.0728004
-5.3714218,-0.34673166,2.2036285
-5.3714294,0.39604998,2.1979113
-6.0428619,-0.077776857,2.2050245
-5.3714218,-0.017627005,2.1486056
-5.3714294,-0.30896133,2.2454104
-5.3714294,-1.0185004,2.3069735
-6.0428619,-0.87258285,2.30971
-6.0428543,-0.94002378,2.2814169
-5.3714294,-1.0618029,2.2927322
-6.0428543,-1.4978966,2.3191383
-6.0428581,-1.3674687,2.1913948
-6.0428581,-2.0635476,2.3511992
-6.0428562,-2.6302586,2.2777216
-6.0428581,-2.3687418,2.1360734
-6.0428572,-2.0211103,2.2223241
-5.3714285,-1.7348913,1.9197483
-6.7142859,-2.0031688,2.4466877
-5.3714294,-0.97054428,2.1624928
-6.7142839,-0.19116339,2.6040666
-5.3714314,-0.60101569,2.3773568
-6.714283,-0.31517667,2.5277004
-6.04286,-0.72720855,2.2013702
-6.0428543,-1.1585952,2.107743
-6.7142868,-1.2750634,2.218951
-5.3714294,-1.871413,1.8237122
-6.714283,-1.9784621,2.0935388
-5.3714333,-2.3554244,1.8628416
-5.3714294,-2.4320428,1.9809158
-6.0428543,-1.8383595,2.0971
-5.3714294,-2.2909875,2.303417
-6.0428543,-1.4890758,2.4316361
-5.3714294,-1.8162026,2.0077701
-6.0428619,-1.8525561,1.9229265
-6.0428543,-1.7623577,2.0068121
-5.3714294,-1.300851,1.9297209
-5.3714294,-1.5818741,2.2198117
-6.0428543,-2.115309,2.3401716
-6.0428543,-2.3516717,2.1972327
-5.3714294,-2.6861274,1.9294938
-5.3714294,-3.0346873,1.7794321
-6.0428619,-2.61743,1.9449915
-6.0428467,-2.3787005,2.0727458
-5.3714447,-2.3713441,2.0824318
-5.3714294,-2.9386172,2.0595744
-5.3714142,-2.3641348,1.7996354
-5.3714447,-2.3836954,1.7425519
-5.3714142,-2.4747105,1.7369294
-5.3714294,-2.5020702,1.6761749
-5.3714294,-2.8430467,1.6379728
-4.6999969,-2.0029984,1.4230169
-4.6999969,-2.8633139,1.4226981
-4.0285797,-2.8990986,1.0985112
-4.6999969,-3.4838371,1.3078334
-4.0285797,-3.6443315,1.1440854
-3.357132,-3.9987574,0.86382347
-4.0285797,-4.2804499,1.0252634
-2.6857147,-4.7343798,0.65662515
-2.6857147,-4.5872855,0.56746185
-2.6856995,-4.3289156,0.52397442
-2.68573,-3.9109378,0.75398558
-1.3428497,-4.3911982,0.32244658
-2.0142975,-4.3596826,0.34145087
-1.3428497,-4.1907849,0.15428942
-0.6714325,-4.3619871,0.10167582
-1.3428497,-4.4974155,0.19844626
0,-4.083828,-0.12808065
0,-4.2955875,0.019247681
0,-4.223268,-0.015844494
0,-4.1078787,-0.024039216
0,-4.1942077,-0.008685432
0,-4.2168489,-0.090880617
0,-4.222589,-0.14278026
0,-4.1633592,-0.26242533
0,-4.0903611,-0.36893484
0,-4.0362229,-0.48370758
0,-3.8646936,-0.60335076
0,-3.6952677,-0.70479453
0,-3.4979954,-0.83304024
0,-3.2672234,-0.93376678
0,-2.7787843,-1.033515
0.6714325,-2.2432759,-1.2859597
0,-1.4756154,-1.1575686
0.67141724,-0.52215862,-1.268255
0,0.63800263,-1.056707
0.6714325,1.9522111,-1.0886897
0.6714325,2.8454461,-0.89121199
0.67141724,3.7786369,-0.7132386
0.6714325,4.3039804,-0.46621519
0.6714325,4.2976332,-0.34450847
0,3.9377992,-0.14885041
-0.6714325,3.9789941,0.007907771
0,2.9279335,0.002528116
0,2.2747905,-0.14669548
0,1.4992063,-0.17797816
0,0.60106522,-0.25773957
0,0.24090201,-0.41348425
0,-0.078671828,-0.45939347
0,-0.31429529,-0.52645141
0,-0.37040421,-0.5835548
0,-0.47924209,-0.63554204
0,-0.34509709,-0.7311846
0,-0.15870793,-0.76286507
0,0.14301389,-0.82052696
0,0.39208105,-0.81018698
0,0.58510369,-0.80920678
0,0.83052456,-0.80545837
0,0.95937705,-0.81907398
0,0.77247244,-0.84980553
0,0.57868886,-0.92124611
0,0.36817852,-0.98729408
0,0.40260112,-1.0697861
0,0.42471296,-1.1514889
0,0.31468973,-1.2469587
0,0.023323683,-1.3503165
0,0.14466052,-1.4703385
0,0.36943257,-1.5703613
0,0.64013094,-1.650824
0.6714325,0.9434579,-1.9355671
0.6714325,1.247682,-2.021703
0,1.8560655,-1.8640639
1.3428497,2.5097713,-2.1738772
1.342865,3.2317054,-2.087055
2.0142822,3.5272593,-2.1753454
2.6857147,4.8677473,-2.2813845
2.0142822,4.9019251,-1.8149486
3.3571472,5.4119968,-2.0489752
3.3571472,6.874558,-1.6353006
3.357132,6.6848493,-0.47453886
3.3571472,5.8902683,-0.43564445
2.6857147,4.9154058,-0.34665048
2.0142975,3.8927341,-0.31188169
1.3428497,3.131026,-0.36496332
1.3428497,2.2969983,-0.65166408
0.6714325,1.5007246,-0.75971079
1.342865,1.3999405,-1.3208076
0,1.5681155,-0.95850402
1.3428497,2.2047634,-1.1478105
0,1.9033248,-0.42574716
1.342865,1.5420241,-0.72152656
0.67141724,1.0980148,-0.65490067
0.6714325,0.81944126,-0.78225005
0,0.63802713,-0.66356444
0.6714325,0.078572311,-0.91815758
0,-0.023461968,-0.94526428
0,0.12267272,-0.96074462
0,0.10100302,-0.98438537
0,0.11492407,-1.0596421
0,-0.042741563,-1.0576991
0,-0.031520918,-1.1567076
0,0.41017094,-1.1888775
0,0.85711926,-1.1669557
0,0.70932692,-1.2199128
0,0.77612793,-1.1937537
0,1.1721251,-1.2142082
0,1.1408151,-1.2207952
0,0.8144449,-1.3283581
0,0.98693633,-1.3543731
0.67141724,1.2030433,-1.5046072
0,1.6994793,-1.3968983
0.6714325,1.8519346,-1.4850562
0.67141724,1.9568031,-1.3421698
1.342865,2.3297439,-1.4485041
1.342865,2.5847232,-1.4199659
2.0142975,2.887238,-1.5059317
2.014267,2.8309026,-1.3383994
1.342865,3.1624503,-1.0897217
2.6857147,3.2008193,-1.268199
1.342865,3.4077375,-0.86885345
2.014267,3.3238006,-0.96978784
2.0142822,2.7644441,-0.90434569
2.0142975,2.4991834,-0.98366773
2.0142822,2.2079065,-0.90464938
1.342865,2.011344,-0.68496072
1.3428497,1.6247946,-0.82145923
1.342865,0.95072734,-0.87106639
1.3428497,0.74376726,-1.0718237
1.342865,1.2062863,-1.1847521
1.342865,1.2228534,-1.0508124
1.3428345,1.3262937,-1.0924236
1.342865,1.0272255,-1.0033273
1.3428497,1.2640909,-1.1148131
1.342865,1.4961632,-1.0793967
1.3428497,1.7708461,-1.0541078
1.342865,1.8785776,-0.94247776
1.342865,1.5586915,-0.97878921
0.67141724,2.0832565,-0.97668856
0.6714325,1.6300445,-0.78963143
1.342865,1.6833014,-1.1844593
0.67141724,1.6221997,-0.99259865
0.6714325,1.420666,-0.89293468
1.342865,0.88544822,-1.1524704
0,1.2818495,-1.0225364
1.3428497,1.0733371,-1.1703466
0.6714325,1.1471602,-1.0449462
0.67141724,1.1632012,-1.0651344
1.3428497,1.6097155,-1.3146446
0.67144775,1.8127387,-0.94492429
0.67141724,1.6366472,-0.85892105
1.342865,1.4775234,-1.1740354
0.6714325,1.6749017,-1.0996273
0.67141724,1.7526945,-0.9901495
1.342865,1.9668068,-1.1694653
0.6714325,2.2243457,-0.89045846
1.3428497,1.9954528,-0.97687685
0.6714325,1.9594902,-0.89767748
1.342865,1.7825168,-0.94381988
1.3428497,1.8954042,-1.0568511
0.67141724,1.786499,-0.7738474
0.6714325,1.3874308,-0.79882336
1.342865,1.5334774,-1.0640886
0.6714325,1.3575578,-0.79145521
0.67141724,1.4326417,-0.88916874
1.342865,1.5794996,-1.0773686
0.6714325,1.4019132,-0.78746313
0.67141724,1.203343,-0.89712155
1.3428574,1.3171704,-1.1108018
1.3428574,1.2869126,-1.0430728
0.6714325,0.82990748,-0.75529426
0.67142487,0.76747572,-0.86207223
1.342865,0.85806406,-1.0173614
0.67142487,0.85556233,-0.89069009
0.6714325,1.3490762,-0.9013505
1.3428497,1.3429105,-0.98819274
1.3428574,1.541205,-1.0164275
0.6714325,1.733269,-0.8044588
1.3428574,2.1955698,-0.92564046
0.67142487,2.0095894,-0.63832706
1.3428574,2.2139084,-0.83999109
0.6714325,1.9615952,-0.61489666
1.3428574,2.0360408,-0.84279275
0.67142487,1.9432997,-0.6264478
0.67142487,2.2243161,-0.61606258
0.6714325,2.3833137,-0.47935951
0.67142487,2.3851285,-0.37859687
0.6714325,2.3112307,-0.3729918
0,2.7297373,-0.21113613
0,2.8263896,-0.004573628
0,3.0446157,0.076500989
0,3.1666102,0.21003109
0,3.2179813,0.33594042
0,3.3287106,0.46560043
0,2.9886937,0.64722258
0,2.3867943,0.70107979
0,1.6671096,0.69638008
0,1.3811101,0.74941564
0,0.87488222,0.86122859
0,0.044544678,0.92548621
0,-0.79215956,0.86502349
-0.6714325,-1.7915484,0.90569407
-0.67142487,-2.7011871,0.77771169
0,-3.4881682,0.39754859
0,-3.1586025,0.1913628
0,-3.353739,0.33805391
0,-3.5916371,0.3568235
0,-3.8846288,0.23548117
0,-4.1107049,0.21396683
0,-4.0888638,0.11308013
0,-3.9588447,0.082677312
0,-3.6331954,0.089528829
0,-4.046545,0.23007762
0,-3.9992962,0.019042619
0,-4.445518,-0.042633288
0,-4.4281058,-0.25236288
0,-4.5283766,-0.32513642
0,-4.4974194,-0.46543518
0,-4.4290485,-0.5677104
0,-4.3182244,-0.72875583
0,-4.2369695,-0.86698383
0,-3.9315581,-1.0527947
0,-3.470145,-1.181414
0,-2.9112818,-1.2985685
0,-2.2111664,-1.3642898
0.67142487,-1.4014592,-1.5877892
0.6714325,-0.46711403,-1.5930749
2.0142899,0.33314022,-1.869197
2.0142899,1.5333047,-1.785067
2.0142746,2.1775143,-1.1500639
2.0142899,2.6459892,-0.91016001
2.0142899,2.4630089,-0.68167758
2.0142822,2.1099851,-0.8559624
1.3428497,2.043221,-0.7073797
2.0142899,1.4456817,-0.85291088
1.3428574,1.6267642,-0.82381368
1.342865,1.8555752,-0.79466748
0.67142487,1.1617546,-0.43693113
1.3428574,1.2368656,-0.81449997
1.3428497,1.2924894,-0.7442742
0,0.99469292,-0.22191894
0.6714325,0.60655749,-0.51454115
0,0.51279175,-0.54122567
0,0.71481848,-0.59892571
0,0.70993537,-0.5675863
0,0.88143969,-0.61685938
0,0.90177494,-0.57911664
0,1.2274952,-0.6169312
0,1.1951991,-0.49936128
0,1.196003,-0.49011993
0,1.1254282,-0.47454232
0,1.2423195,-0.45632988
0,1.1580662,-0.39405742
0,1.0751722,-0.38560981
0,1.0155593,-0.36526412
0,0.87722397,-0.32977742
0,0.71102571,-0.32681915
0,0.52998441,-0.3121956
0,0.33659175,-0.29870188
0,0.2183543,-0.29385182
0,0.06895455,-0.29681385
0,-0.084882058,-0.29457164
0,-0.19816224,-0.30644712
0,-0.32172871,-0.3284145
0,-0.54794163,-0.34487879
0,-0.66663551,-0.38184437
0,-0.77670604,-0.41462451
0,-0.84284079,-0.45323265
0,-0.95328224,-0.49822187
0,-1.0623459,-0.54236859
0,-1.1398875,-0.59578717
0,-1.1785851,-0.63977444
0,-1.1661087,-0.69531596
0,-1.0998257,-0.75014818
0,-1.0768049,-0.80648315
0,-0.98868912,-0.85967219
0,-0.89051503,-0.91322803
0,-0.69723821,-0.95696378
0,-0.51487553,-0.9962191
0.67142487,-0.23297584,-1.1872001
0,0.0843729,-1.0158908
0.6714325,0.35377967,-1.1122881
0.6714325,0.55071539,-1.0683187
0.67142487,0.70044672,-0.97636855
0.6714325,0.82737327,-0.92732263
1.3428574,1.0539011,-1.0508142
1.3428497,1.065959,-0.92721266
0.6714325,0.25972563,-0.72938144
1.3428574,0.92577654,-1.100456
0.67142487,0.52830732,-0.67093623
1.342865,0.5602901,-0.9543336
0.67142487,0.72492385,-0.81827027
1.3428574,0.84669489,-0.92534953
0.6714325,0.55912399,-0.81694698
1.3428497,0.5968076,-1.0441496
0.67142487,0.26078883,-0.81454068
0.6714325,0.41025376,-0.81528288
1.3428574,0.018309282,-0.8352834
1.3428574,-0.17959863,-0.91746491
1.342865,0.33951253,-0.98910469
0.67142487,0.076930106,-0.65847445
0.67142487,0.42842305,-0.77000189
1.3428574,-0.22504787,-0.79097366
1.3428574,-0.11467442,-0.97409451
1.3428574,-0.11558799,-0.97161597
1.3428612,-0.036636889,-0.97514391
1.3428535,-0.004308092,-0.93373364
1.3428574,-0.28457308,-0.97696364
1.3428574,0.4938421,-0.99457937
1.3428574,0.12251495,-0.7075395
0.67142868,0.25778577,-0.6049881
0.67142868,-0.3592315,-0.57323152
1.3428574,-0.22102575,-1.0228784
0.6714325,-0.23895438,-0.85731667
0.67142487,0.54839569,-0.9017821
1.3428574,-0.22895104,-0.76425159
0.67142868,-0.21235348,-0.76940227
0.67142868,-0.32244727,-0.86708063
0.67142868,-0.58955848,-0.94883388
0.67142487,0.036115907,-1.0318841
0.6714325,0.1447252,-0.92550915
0.67142868,-0.20262833,-0.96196139
0.67142868,0.10905413,-1.1677244
0.67142868,-0.022011952,-1.0870317
1.3428535,-0.53275776,-1.2518064
1.3428612,-0.62166637,-1.3494813
1.3428574,-0.60352153,-1.4182382
1.3428535,-0.70317703,-1.355705
1.3428612,-0.95912975,-1.3898058
2.0142822,-1.032144,-1.6574628
2.014286,-0.81518215,-1.6121583
2.6857147,-0.49426755,-1.7695785
2.6857147,-0.43663183,-1.7623262
2.6857147,-0.60604149,-1.7933319
2.6857128,-0.63211483,-1.7859743
4.0285721,-0.74298912,-2.1302466
2.6857147,-0.012774375,-1.7011963
4.0285721,-0.40379116,-1.9981086
4.0285721,-0.52306199,-2.1216328
4.0285711,-1.1597241,-1.8857355
4.0285711,0.28855851,-2.1552665
4.0285711,0.035834495,-1.9332507
4.7000003,0.24829194,-2.242511
4.7000008,0.045324642,-2.039042
4.0285711,0.58292681,-1.8866342
5.3714275,0.072052948,-1.9933183
4.7000008,0.18203488,-2.0523562
4.6999989,0.21086966,-1.8834956
4.7000027,1.0027827,-1.8169419
4.7000008,1.5880485,-1.6874642
4.6999969,1.7847397,-1.8171763
4.7000008,2.0176384,-1.8724918
4.0285721,2.0746791,-1.5475813
4.7000008,2.0377815,-1.4550889
4.7000008,2.6130979,-1.4740732
4.0285721,2.5155921,-1.3640144
4.0285721,2.2161114,-1.2463136
3.3571396,1.8172563,-1.0502323
3.3571396,1.8422838,-1.0266505
3.3571472,1.5373056,-0.98869669
2.6857147,1.2772846,-0.88697696
3.3571472,1.2199005,-1.0090194
2.0142822,1.481642,-0.69299686
2.0142822,1.4518824,-0.69893688
2.6857147,1.3208274,-0.85667717
1.3428574,1.4543649,-0.50130236
1.342865,1.1921426,-0.42935959
1.3428497,1.7392222,-0.50103062
1.3428574,1.3143592,-0.33624256
0,1.5955254,-0.046547554
0.67142487,1.1041437,-0.12681353
0,0.92706257,-0.084594846
0,0.83636993,-0.19233707
0,1.1192386,-0.22818843
0,1.1465455,-0.080478445
0,1.1738485,-0.010514587
0,1.0983572,0.040649042
0,0.87674898,0.1103824
0,0.58596575,0.14128454
0,0.2004267,0.17327823
0,-0.25627169,0.1747684
-0.67142487,-0.76591021,0.3386603
0,-1.36599,0.13086927
0,-1.8987689,0.044992656
0,-2.5153253,-0.015642609
0,-3.0156431,-0.10548099
0,-3.5657606,-0.20993611
0,-3.9310861,-0.35312456
0,-4.2303505,-0.46545678
0,-4.4950452,-0.56043208
0,-4.7766061,-0.69607407
0,-4.9835277,-0.87268192
0,-5.1204224,-1.0282991
0,-5.1026092,-1.2036479
0.67142487,-5.0866504,-1.5428494
0.6714325,-4.8511906,-1.7228762
1.3428574,-4.5087667,-2.024641
1.3428574,-2.5948696,-1.9573182
1.3428574,-2.4614956,-1.5394886
2.6857147,-2.0435038,-2.0307002
2.6857147,-2.0977073,-2.2498651
2.6857147,-2.6922259,-1.9981222
4.0285721,-2.4948955,-2.324975
4.0285721,-2.0351739,-2.3059916
4.0285721,-1.6589645,-2.1821799
4.0285721,-2.6690092,-2.078089
4.0285645,-1.9441028,-2.179486
5.3714294,-2.1284404,-2.4092546
4.0285797,-2.3125796,-2.2394204
5.3714294,-1.1151804,-2.3784609
5.3714142,-0.74601525,-2.4170773
5.3714447,-1.0065343,-2.4742098
4.6999969,-1.1811281,-2.0580459
6.0428467,-1.3597801,-2.3179972
5.3714447,-2.0432441,-2.3767641
5.3714142,-1.7760208,-2.3152316
5.3714294,0.32427603,-2.4437246
5.3714294,-0.52074635,-2.3096514
6.0428619,-0.68966305,-2.3767817
6.0428619,-0.85450542,-2.3512125
5.3714294,-0.46884784,-2.09376
6.7142792,-0.17209566,-2.4089336
5.3714294,0.3673287,-2.1885989
6.0428619,0.82106739,-2.297514
5.3714294,1.2196184,-1.8170196
5.3714142,0.42423025,-1.8875192
4.7000122,-0.000394417,-1.7205358
5.3714142,-0.87688118,-1.8784692
4.6999969,-1.1916656,-1.7829744
4.7000122,-1.8331739,-1.8643275
4.7000122,-0.50434428,-2.0034556
4.6999817,-1.7062041,-1.4208536
4.028595,0.002803579,-1.5541204
4.0285339,-0.37504888,-1.5283407
4.028595,-0.96364504,-1.7589962
4.0285645,-0.84624815,-1.5219127
3.3571472,-0.98371375,-1.2758573
3.3571472,-0.70009077,-1.2247407
4.028595,0.25361329,-1.5069363
2.6856995,0.64257294,-1.2495497
3.3571472,0.90177208,-1.3641206
3.3571167,1.3390619,-1.3850557
2.68573,1.0022752,-1.0764725
2.68573,1.2632837,-1.076005
2.6856995,1.0403745,-0.98129261
2.6856995,1.1205083,-1.0064393
2.0142822,1.423215,-0.77740294
2.0143127,1.1661304,-0.64714873
1.3428345,1.4543022,-0.54456794
1.342865,1.4008974,-0.51328635
1.3428345,1.4301213,-0.49543619
1.3428955,1.6044372,-0.49184859
0,1.8842844,0.007617414
0,2.107069,0.16784012
0.67141724,2.2340136,0.16538861
0,2.3294904,0.51635176
0,2.4781659,0.68716401
-0.67141724,2.3656764,1.0649319
0,2.0632393,1.1086352
0,1.6192722,1.2803117
-0.67144775,1.0764124,1.6163986
-0.67144775,0.018476568,1.8233666
-2.0142517,-0.62472636,2.2173638
-2.0142822,-2.2667408,2.1725948
-2.68573,-4.283309,1.918841
-2.68573,-5.1075168,1.654924
-2.6856995,-5.5553727,1.5830643
-2.68573,-5.6742444,1.4928186
-2.6856995,-5.5119348,1.43724
-2.68573,-5.6878657,1.4891067
-2.6856995,-5.8547263,1.4409955
-2.6856995,-5.6908598,1.3378237
-2.0142822,-5.8617764,1.1523018
-2.68573,-5.4932313,1.2797679
-2.0142822,-5.3382783,1.1464456
-2.68573,-5.3543563,1.3610795
-2.6856995,-4.8757782,1.3302647
-2.0142822,-4.281178,1.3352699
-2.0142822,-3.8543146,1.5173982
-2.68573,-3.8312414,1.8557622
-2.68573,-4.0476298,1.8413997
-2.6856995,-4.1887188,1.8545762
-2.6856995,-4.4803739,1.7878586
-4.028595,-5.0604467,2.131767
-2.6856995,-5.1348505,1.6260344
-4.0285645,-4.2841172,1.7625785
-4.0285797,-4.5412726,1.8082198
-3.3571472,-4.7316561,1.6875874
-3.3571472,-4.8166213,1.7741072
-4.0285645,-4.9375839,1.8935835
-4.0285645,-4.6956358,1.9576821
-4.0285797,-3.8913381,1.8023897
-4.0285645,-2.79019,1.7769153
-4.0285797,-2.4565508,1.8576126
-4.0285645,-2.0196815,1.9590056
-4.0285797,-1.7024295,2.1142793
-4.0285645,-1.8603331,2.2845469
-4.0285645,-2.2279191,2.0450909
-4.0285797,-1.467591,1.9591153
-4.0285645,-1.2490436,2.2345333
-4.6999969,-1.4827704,2.7403338
-4.6999969,-1.5544803,2.5966887
-5.3714447,-1.7819827,2.8658752
-4.6999969,-2.2987368,2.5877519
-6.0428467,-1.5903544,2.6486144
-5.3714447,-1.1408081,2.5221586
-6.0428467,-0.96015704,2.7836678
-6.0428619,-0.82707894,2.603219
-6.0428467,-2.2451184,2.3703411
-6.0428619,-3.0583885,2.6375563
-6.7142944,-3.4697289,2.5326059
-6.0428467,-3.3935719,2.4226635
-6.7142944,-3.4961917,2.6142173
-6.0428619,-3.6233249,2.4659331
-6.7142792,-3.8622906,2.4123006
-6.0428619,-3.9237409,2.3201113
-6.0428543,-3.858098,2.2404516
-6.7142792,-3.7934508,2.3267872
-6.0428696,-3.7670548,2.1624229
-6.0428543,-3.8121796,2.128557
-6.7142868,-4.2800918,2.2561049
-5.3714218,-4.5368242,1.8141992
-6.0428619,-4.8154612,1.9581163
-5.3714294,-5.1504869,1.7077616
-5.3714256,-5.3987646,1.6360819
-5.3714294,-5.1501594,1.5633169
-4.7000008,-4.8500638,1.4331717
-4.6999969,-4.3163829,1.5938846
-4.7000008,-4.0418334,1.9738823
-4.0285721,-4.0423541,2.0410972
-4.7000008,-4.2147627,2.2912371
-4.7000008,-4.7716589,2.3632257
-5.3714275,-5.2173119,2.5489032
-4.7000008,-7.0395956,2.1404917
-4.6999998,-6.8179207,1.5240984
-5.371429,-7.3309207,1.5898709
-4.0285711,-7.0789175,1.0590895
-4.7000008,-6.5812664,1.0816668
-4.0285716,-5.2893176,0.97774363
-3.3571424,-4.5888948,1.2259912
-4.0285721,-4.4388223,1.7810049
-3.3571415,-4.1876497,1.7268173
-3.3571453,-4.370348,1.8376212
-4.0285702,-3.9086432,2.0488191
-4.0285721,-4.3117599,2.0472326
-3.3571434,-4.9175096,1.6137186
-4.0285721,-4.8580976,1.5642036
-3.3571396,-4.8028331,1.3020327
-4.0285721,-4.453104,1.4643877
-3.3571434,-4.5770111,1.2192835
-3.3571434,-4.7779951,1.2223291
-3.3571396,-4.5312634,1.1104245
-3.3571472,-4.3264461,1.1226889
-2.6857147,-3.7117352,1.0293407
-2.6857147,-3.6064057,1.3357384
-2.6857071,-3.5224552,1.3455917
-2.6857224,-3.5896406,1.4496018
-2.6857147,-3.6449022,1.5784448
-3.3571396,-3.6619735,1.8649876
-3.3571472,-3.6592851,1.9330726
-2.6857071,-3.4926488,1.7006402
-4.0285797,-3.6172051,1.9930457
-4.0285645,-3.7968621,1.8616025
-4.0285721,-3.9220781,1.7274631
-4.0285721,-3.9645658,1.5679957
-4.0285721,-3.9415817,1.455883
-4.0285721,-4.0690732,1.461032
-3.3571472,-4.2422528,1.145097
-3.357132,-4.0163965,1.0620534
-3.3571472,-3.9583938,1.0334814
-3.3571472,-3.9862559,0.99364209
-2.6857071,-4.1309071,0.74446672
-2.6857224,-3.7824204,0.6272397
-2.0142822,-3.2143385,0.66178721
-2.0142822,-3.0843585,0.83365029
-1.342865,-3.3089159,0.82770467
-2.6857147,-3.8183498,1.2627385
-1.3428497,-4.0647807,0.89065576
-1.3428497,-4.5910525,0.97270966
-2.0142975,-4.4180079,1.1303443
-2.0142822,-4.8889432,1.1547971
-2.0142822,-5.1235495,1.1282808
-2.0142975,-5.5537572,0.99865615
-2.6857147,-6.0778046,0.99739367
-1.3428497,-5.9214487,0.41798425
-2.0142822,-5.7313571,0.55993569
-2.0142822,-5.8239923,0.65933883
-1.342865,-5.8851261,0.43211538
-0.6714325,-6.4040499,0.17654417
-0.67141724,-6.5931053,0.045738377
0,0,0
0,0,0
0,0,0
0,0,0
0,0,0
0,0,0
0,0,0
0,0,0
0,0,0
0,0,0
0,0,0
0,0,0
0,0,0
0,0,0
0,0,0
0,0,0
0,0,0
0,0,0
0,0,0
0,0,0
0,0,0
0,0,0
0,0,0
0,0,0
0,0,0
0,0,0
0,0,0
0,0,0
0,0,0
0,0,0
0,0,0
0,0,0
0,0,0
0,0,0
0,0,0
0,0,0
0,0,0
0,0,0
0,0,0
0,0,0
0,0,0
0,0,0
0,0,0
0,0,0
0,0,0
0,0,0
0,0,0
0,0,0
0,0,0
0,0,0
0,0,0
0,0,0
0,0,0
0,0,0
0,0,0
0,0,0
0,0,0
0,0,0
0,0,0
0,0,0
0,0,0
0,0,0
0,0,0
0,0,0
0,0,0
0,0,0
0,0,0
0,0,0
0,0,0
0,0,0
0,0,0
0,0,0
0,0,0
0,0,0
0,0,0
0,0,0
0,0,0
0,0,0
0,0,0
0,0,0
0,0,0
0,0,0
0,0,0
0,0,0
0,0,0
0,0,0
0,0,0
0,0,0
0,0,0
0,0,0
0,0,0
0,0,0
0,0,0
0,0,0
0,0,0
0,0,0
0,-0.045001872,-3.65E-06
0,-0.168600574,-1.96E-05
0,-0.309137553,-3.65E-05
0,-0.496160597,-1.72E-06
0,-0.7309196,0.000127122
0,-0.969560921,0.000286741
0,-1.548768878,0.000558837
0,-1.562640786,0.000969504
0,-1.397953749,0.001245461
0,-1.075951934,0.001078715
0,-0.619696975,0.000813886
0,-0.110035174,0.001063596
0,1.225039244,6.73E-05
0,1.538194418,-0.00030559
0,1.65930903,0.002422335
0,1.612283587,0.00731982
0,1.45544827,0.009054906
0,1.232666492,0.000727548
0,0.394192487,-0.10486802
0,0.14520061,-0.16073233
0,0.008856141,-0.22605506
0,-0.167022377,-0.30037048
0,-0.246964008,-0.485448
0,-0.120727785,-0.49540731
0,0.258642703,-0.3855682
0,0.337894261,-0.3270283
0,0.426488698,-0.16305916
0,0.329080075,-0.13016278
0,-0.123296671,-0.12391797
0,-0.257867217,-0.14215034
0,-0.400558263,-0.16356668
0,-0.457708478,-0.187466
0,-0.129491791,-0.27133802
0,0.113423295,-0.29456198
0,0.698283851,-0.30300069
0,0.75755024,-0.28570154
0,0.096323065,-0.24905333
0,-0.251580358,-0.24492607
0,-0.50678879,-0.26521352
0,-0.286259949,-0.29653147
0,1.060652852,-0.4349539
0,1.58855772,-0.4817006
0.67142868,2.442490101,-0.5704568
0.67142844,2.873580217,-0.57353866
1.3428578,2.221038818,-0.58675647
1.3428569,2.180253506,-0.60126776
2.014286,0.964357495,-0.81379831
1.3428574,1.014846563,-0.92188305
2.014286,1.589014769,-1.1794584
2.014286,1.810032964,-1.2701337
1.3428574,1.214121342,-1.1424894
2.014286,0.275280625,-1.0746697
2.0142822,1.013695121,-1.0008007
2.0142899,1.082815528,-0.99005449
2.0142822,-0.268654943,-1.0631546
2.0142899,-0.18353644,-1.1098799
2.014286,-0.226520136,-1.0846018
2.6857109,-0.482912749,-1.0226636
2.6857109,-0.1487955,-0.95471054
2.6857147,-0.368344843,-0.99728566
3.357132,-0.91454494,-0.92568719
3.3571472,-0.696505904,-0.96269828
3.3571396,-0.158437341,-0.87572831
3.3571472,0.43474251,-0.79644442
3.3571472,0.674783409,-1.1991006
4.0285645,0.70330286,-1.2871612
3.3571472,0.433402359,-1.4384744
2.6857147,-0.054618035,-1.2918738
2.6857147,-0.706876695,-1.6330615
2.6857147,-0.128507078,-1.7207844
3.357132,0.531728148,-1.488838
2.6857147,-0.105664492,-1.4681462
3.3571625,-0.036288954,-1.2116435
3.357132,0.383477211,-1.2701969
2.6856995,0.873537838,-1.4649094
3.3571625,0.431438655,-1.3176206
2.6857147,-0.985969424,-1.027566
2.6856995,-0.907830954,-1.1206768
3.357132,-0.79750675,-1.4331127
3.3571625,-0.603174329,-1.4693021
4.0285645,-0.383510798,-1.3198748
4.0285645,-0.687643051,-1.3943181
4.0285645,-0.369425625,-1.2749804
4.0285645,-1.107991457,-1.2040609
4.6999969,-0.505292177,-1.081476
4.6999969,-1.044517398,-1.0545278
4.6999817,-0.394648582,-1.7169826
5.3714294,-0.762256682,-1.6735122
5.37146,-1.307040572,-1.828898
4.7000122,-0.598524511,-1.8580348
5.3714294,0.045214497,-1.480927
5.3714294,0.704769671,-1.521986
5.3714294,1.693602443,-1.9035131
4.7000427,1.121592999,-1.8687304
4.0285645,-0.955243826,-1.9464798
4.028595,-0.533202231,-1.7722648
4.028595,-0.497722566,-1.7297841
4.0285339,-0.784444451,-1.9289269
4.7000122,-0.832700193,-2.09817
4.0285645,-1.395091772,-2.0324531
3.3571472,-1.484326482,-1.5596769
4.0285339,-1.659782767,-1.3178061
3.3571472,-0.890460968,-1.5250627
4.028595,-0.494622022,-1.4546256
3.3571472,0.338086724,-1.5399172
3.3571472,0.766937912,-1.5726359
2.68573,-0.392539203,-1.4827377
3.3571472,-0.990141392,-1.3795649
3.3571472,-3.118203878,-1.456548
3.3571472,-3.239950418,-1.4225798
4.0285645,-2.364320517,-1.3886245
2.68573,-2.150627136,-1.3646166
4.0285645,-2.052738428,-1.2681961
3.3571777,-1.316369772,-1.1973433
2.6856689,-2.227880478,-1.2277995
3.3571777,-2.930964708,-1.1122802
4.0285645,-2.656778097,-1.274873
3.3571167,-2.588598728,-1.4097595
4.0285645,-2.662838936,-1.4922516
4.0285645,-2.403445005,-1.5826496
4.0286255,-2.341727972,-1.7557319
4.0285645,-2.80825901,-1.6906251
4.0285645,-2.356033087,-1.0406759
3.3571167,-1.720030904,-1.0552125
3.3571777,-3.058480501,-1.6842098
2.68573,-2.878480911,-1.7480221
2.6856689,-3.496352434,-1.6950026
2.68573,-3.904892683,-1.7307215
2.0142822,-4.297427177,-1.4291636
2.6856689,-3.809435606,-1.3781054
3.3571777,-3.397533417,-1.3591006
2.68573,-3.364537477,-1.3747096
2.685791,-3.642360687,-1.174507
2.0142822,-3.43851018,-1.0929872
2.0143433,-3.44060421,-1.0214148
1.3428345,-4.596560955,-0.84409642
1.3428955,-2.953336239,-1.3833086
1.3428345,-2.925441027,-1.3271835
1.3428345,-2.123176098,-1.2236422
1.3428345,-1.525876522,-1.2377665
0.67138672,-1.866721869,-0.95270675
0.67144775,-1.733947754,-0.86549515
0,-1.854045868,-0.59084362
0,-1.894460797,-0.43242052
0,-1.999121428,-0.83056438
0,-2.051792383,-0.9687072
-0.67144775,-2.274674892,-0.81405222
-0.67138672,-2.308254004,-0.88433194
-1.3428955,-3.320141077,-0.79961133
-1.3428345,-3.58250761,-0.5751068
-2.6856689,-4.363145828,-0.048184317
-2.0142822,-4.343597889,0.025938563
-2.0142212,-5.117873669,0.20090929
-2.0142822,-5.305318832,0.28795332
-2.68573,-5.335521698,0.66366667
-3.3571167,-4.536077023,0.83135945
-2.68573,-4.393815994,1.3471191
-4.0285645,-4.013106346,1.5059619
-4.0286255,-5.152870655,1.4137899
-4.0285034,-5.376392841,1.5783817
-4.7000732,-5.091932774,1.7819052
-4.0285034,-4.945406437,1.7175889
-4.6999512,-4.110529423,1.8251532
-6.0429077,-4.63520956,1.8992716
-5.3713989,-5.644577503,1.7982777
-6.0429077,-5.417170048,1.8105595
-6.0428467,-5.473477364,2.2244451
-6.0428467,-5.602836609,2.1396277
-6.7142944,-5.071120262,2.3003683
-5.3714294,-5.614498138,2.3325207
-5.3714294,-4.809460163,2.6005759
-6.7142944,-3.763458967,2.4816852
-6.0428772,-4.885062218,2.5935812
-6.0428467,-5.107244015,2.6922793
-6.7142639,-3.341158867,2.5850883
-5.3714294,-3.058571815,2.6050391
-6.7142639,-4.221030712,2.6392183
-6.7142639,-4.318962097,2.5922127
-6.7142944,-2.985713482,2.4691882
-6.7142639,-3.728364706,2.5115681
-6.7142639,-3.697642803,2.5151949
-6.7142944,-3.633268356,2.5235302
-6.7142639,-4.157895565,2.3536692
-6.7142944,-3.251127481,2.5372846
-6.7142639,-3.478722095,3.0125384
-6.7142944,-3.54525733,2.8409395
-6.7142944,-4.696465015,2.6060736
-6.0428619,-4.783830643,2.6587267
-6.7142944,-3.866073132,2.6535804
-6.0428619,-3.44775176,2.6621881
-6.7142792,-3.155755281,2.7758336
-6.0428619,-3.112850189,2.6662056
-6.7142944,-2.958129168,2.5580354
-6.0428619,-2.791510105,2.6423926
-6.0428543,-2.590634108,2.5386279
-6.7142868,-2.741702318,2.4371641
-6.7142868,-3.286668777,2.5386319
-6.7142868,-3.204893827,2.5407989
-6.0428543,-2.308282852,2.4528241
-6.0428619,-2.13368988,2.4153562
-6.0428581,-2.649719954,2.3992968
-6.0428572,-3.149775267,2.4350989
-5.3714285,-4.353522778,2.387187
-6.0428572,-4.720812798,2.5726643
-5.3714256,-3.204241037,2.3866272
-5.3714294,-3.005192041,2.3479552
-5.3714294,-3.055349827,2.2793863
-5.3714294,-2.590921402,2.1896172
-4.6999969,-2.253633261,2.3314838
-4.7000046,-2.329143524,2.3180349
-4.7000046,-3.152951002,2.2087023
-4.0285645,-3.332859516,2.0724103
-4.0285721,-2.951302767,2.1306152
-4.0285645,-2.80805397,2.1247611
-4.0285797,-2.58189559,2.0564237
-3.357132,-2.816203356,1.8840274
-3.3571472,-2.893959761,1.7044685
-3.3571472,-2.639942646,1.8170165
-4.0285492,-2.63397193,1.8658942
-2.6857147,-2.55218482,1.7948151
-2.68573,-2.556788683,1.6334064
-2.0142975,-2.784265995,1.5961148
-1.3428497,-2.762654781,1.7317543
-1.342865,-2.663232088,1.6992851
-0.6714325,-1.813818216,1.4498272
-0.67141724,-1.839292288,1.4019121
-1.342865,-2.54637289,1.3636105
-1.3428497,-2.743685722,1.3171215
-1.342865,-3.804246902,1.1867108
-0.67141724,-3.839966059,1.2210804
0,-3.111926317,0.91058064
0,-3.047578096,0.80748987
0,-2.252739906,0.63608897
0,-2.445618629,0.7770586
0,-2.191126108,1.017279
0,-1.831850529,1.1051819
0,-1.736827135,0.82736492
0.6714325,-1.81478107,0.56925327
1.3428497,-1.425970316,0.16901001
0,-1.473733664,0.06534645
1.3428497,-1.036267161,-0.15550846
1.342865,-1.08178246,-0.02061753
2.0142975,-0.852804184,0.095914647
2.6856995,-0.537595034,-0.062147919
3.3571472,-1.467326403,-0.35118622
4.0285645,-0.488936633,-0.4310801
5.3714447,-0.385192484,-0.98886263
4.6999969,-0.943817079,-1.044178
5.3714294,-2.219633579,-1.2977302
6.0428619,-2.695193529,-1.4046584
6.0428543,-0.991317987,-1.7711332
6.7142944,-1.083234906,-1.8524086
6.7142868,-1.370838642,-1.9624727
6.7142792,-0.671076357,-2.0726571
7.3857155,-0.785729825,-2.3977354
7.3857117,-0.721874714,-2.3475227
8.0571442,-0.960300386,-2.1568756
8.0571423,-1.108858943,-2.3239357
8.7285728,-1.597749591,-2.7033291
8.0571404,-1.220513463,-2.5391438
8.7285728,-0.583962083,-2.6629071
8.728569,-0.611364305,-2.9029787
8.728569,-2.39765048,-3.0272582
8.728569,-2.019770622,-2.8973815
9.3999939,-1.664630294,-3.1232262
8.7285767,-0.573415399,-2.9128723
8.7285614,0.010783523,-3.0783331
9.3999939,-0.523097277,-3.2576063
9.3999939,-0.956314862,-3.2350173
9.3999939,-0.628086507,-3.2414212
9.4000244,-0.697015882,-3.0498312
9.3999939,-0.429726303,-3.2222064
8.7285767,-1.10381031,-3.1950667
9.3999939,-0.936606586,-3.218091
8.7285767,-0.616393805,-3.1707387
8.7285767,-0.683609605,-3.2386653
8.7285767,-0.420148611,-2.998461
8.0571594,-1.028934121,-3.0211511
8.0571289,-0.589160919,-3.0806749
7.3857422,-1.176377416,-2.9461653
7.3857422,0.077058412,-3.0246248
8.0571594,-0.282774329,-2.9057286
7.3857422,-0.593285561,-2.8140662
7.3856812,-0.470821768,-2.6893909
6.7143555,-0.119105749,-2.7701089
6.7142334,-0.696350932,-2.7561235
6.0427856,-0.705731332,-2.4795232
5.37146,-0.098388396,-2.5543337
5.37146,-0.95025903,-2.6341808
5.3713989,-1.258987188,-2.4255276
4.7000122,-0.613049924,-2.3581152
4.6999512,-0.870504022,-2.3992741
4.0285645,-0.60268575,-2.0007572
4.0285645,-0.186915413,-1.9961467
2.685791,-0.345950902,-1.9608815
3.3571167,-0.419813067,-1.84092
2.0142822,-0.643044591,-1.4806997
2.6856689,-0.571424007,-1.561411
0.67144775,-0.248840868,-1.425194
0.67144775,-1.272248149,-1.4193125
0.67144775,-0.693893492,-1.1522305
0,-0.369602352,-1.2152364
0,-0.506807625,-0.98558784
0,-0.774860322,-0.86127466
0,-1.086329341,-0.95115304
0,-1.246416569,-0.83423162
0,-1.834614038,-0.64764929
0,-1.978375435,-0.52213359
-1.3428955,-3.448744774,-0.017467033
-1.3428345,-3.823877096,-0.16682148
-3.3571167,-3.846788168,0.092672534
-4.0286255,-4.174463749,0.31426197
-6.0427856,-5.472027302,0.83872443
-6.7142944,-4.479699135,0.98203677
-7.3857422,-3.518123388,1.4049351
-7.3856812,-3.719333887,1.5804944
-9.4000244,-3.751375914,2.4465992
-9.3999634,-4.979128361,2.6166301
-8.7285767,-3.061747789,3.0983808
-8.7285767,-3.019074917,3.2478638
-8.0571594,-3.02469182,3.2832
-8.7285767,-3.494070053,3.3474169
-8.0571289,-3.419558764,3.8219857
-8.7285767,-2.540548086,3.7012932
-8.0571594,-4.884481907,3.1787219
-8.7285461,-4.434473038,2.9363353
-8.0571594,-4.576848984,3.0386398
-8.0570984,-4.362943172,3.067405
-8.7285767,-3.828433037,3.3824999
-8.7285767,-4.092909336,3.3154893
-8.7285767,-4.871453285,3.1649499
-8.7285767,-4.398398876,3.3005381
-8.7285767,-3.925934315,2.927618
-9.4000092,-3.942135096,2.8186967
-8.7285614,-3.644727707,3.275106
-8.7285614,-3.237879992,3.1640766
-8.7285767,-4.223427773,3.3934829
-8.7285767,-4.326842308,3.3697667
-9.4000015,-3.797092676,3.2821131
-8.0571442,-3.736575842,3.2056892
-8.0571442,-3.044137239,3.2230647
-8.0571365,-2.968971968,3.2772925
-8.0571442,-3.510884285,3.0534828
-8.0571404,-3.866198778,3.0529609
-8.0571423,-3.503481865,3.040565
-7.3857155,-3.530204058,3.0486999
-7.3857155,-3.948505402,3.0555465
-7.3857117,-3.870435238,2.7716718
-6.7142868,-3.953469753,3.0284758
-6.7142868,-3.894953728,2.9994805
-6.0428543,-3.239482403,2.7915175
-5.3714294,-2.930736542,2.7524312
-4.0285721,-2.785702229,2.7661307
-4.0285721,-3.320974588,2.6984274
-3.3571472,-2.396657467,2.6065772
-2.6857147,-2.290272474,2.5533593
-2.0142822,-3.379091501,2.1455617
-2.0142975,-3.230012178,2.0693188
-0.6714325,-2.885467529,1.516351
0,-3.116142988,1.3679382
0,-4.192795753,1.3501953
-0.6714325,-4.370129585,1.2243687
0,-4.003221512,0.92531878
0,-3.998025656,0.92738128
0,-4.675262451,0.86683196
0,-4.929553032,0.75852573
0,-5.072189331,0.55169702
0,-4.926748753,0.46336159
0,-4.669112206,0.44503617
0.6714325,-4.549515724,0.544882
1.3428497,-3.078294516,0.21045829
0,-2.848660231,0.29022729
2.0142822,-2.054112673,0.33435443
2.6856995,-2.123210907,0.28295669
3.3571472,-1.462475181,-0.02308692
4.0285797,-1.394851685,-0.15577954
4.6999969,-0.693380415,-0.56496406
5.3714294,-0.202822387,-0.77589452
6.0428619,-1.042244673,-1.1928862
6.0428543,-0.198872805,-1.2994083
6.7142868,0.028042702,-1.9853023
7.3857117,1.139721394,-2.0754368
6.7142868,2.753727198,-2.2430251
8.0571423,2.719114065,-2.2922153
6.7142859,4.78899765,-2.6013734
7.3857141,5.858680248,-2.5737748
4.6999969,4.383551598,-2.7718098
3.3571434,4.348064423,-2.822031
2.014286,1.899219513,-3.050638
2.014286,1.743110776,-3.0346043
1.3428574,3.675603151,-2.85902
1.3428535,3.986329079,-2.6618111
0.67142868,3.807909489,-2.1354649
0.67142868,3.51446104,-1.9827074
0,1.479014397,-0.81247991
0,1.190594435,-0.69151694
0,0.887454629,-0.43725452
0,0.852909505,-0.48659763
0,1.153018117,-0.90507066
1.3428535,1.461335421,-0.81706291
2.014286,1.450780272,-0.3766683
2.6857071,1.724274039,-0.42302367
4.0285797,1.828390837,-0.44747153
4.0285645,0.927247703,-0.49853998
4.0285797,-1.341924071,-0.87986189
4.0285645,-1.489792228,-0.98238993
4.0285797,-1.375844955,-1.3341706
4.0285645,-0.626211405,-1.4142457
4.0285721,-2.24159503,-1.9178865
4.6999969,-2.118732691,-1.9740058
4.7000122,-0.769767642,-2.1114805
4.0285645,-0.547288239,-1.7621052
4.0285645,-0.366097331,-1.8052677
5.3714294,0.506884873,-1.879849
4.0285645,0.197105855,-1.9314536
4.6999969,0.385039777,-1.8889581
4.7000122,0.572178185,-1.8506091
4.6999969,0.517457783,-2.0278218
4.0285797,-0.121581368,-1.9098083
4.0285645,-0.142073959,-2.0544569
4.0285645,0.55400455,-1.8627
4.0285797,1.151965618,-1.8904227
3.3571472,0.283388317,-1.8986841
3.3571472,0.098378368,-1.7983056
2.68573,0.159664989,-1.6703774
2.6856995,-0.769335449,-1.6136748
2.68573,-0.334838122,-1.530903
2.6856995,0.264353663,-1.661607
2.6856995,0.071946576,-1.6690586
2.68573,-0.0743737,-1.6547158
2.0142822,-0.232670933,-1.1695783
2.0143127,0.015499353,-1.1258152
1.3428345,0.111784793,-1.0856417
2.0143127,0.10617087,-0.98327041
1.3428345,-0.169608697,-1.3143739
1.342865,0.049292635,-1.3911009
1.3428345,-0.093924977,-1.2656947
1.342865,0.281992733,-1.1658678
1.3428345,0.466683984,-0.86898112
0.67147827,0.669008613,-0.82601964
0.67141724,0.888312221,-0.8006174
0,0.974664569,-0.77066118
0,0.546769559,-0.8264631
0,0.680689216,-0.85663259
0,0.854841113,-0.75206894
0,0.754386783,-0.77816015
0,0.682713509,-0.64318371
0,0.595602691,-0.65496999
0,0.38504371,-0.62225354
0,0.371712923,-0.54239523
0,-0.162536263,-0.37182352
0,-1.632077932,-0.46606013
0,-11.68774796,-0.44254762
0.67144775,-13.63851547,-0.40017253
4.028595,-13.6148119,-0.33425277
5.3713989,-11.97064304,-0.28260991
9.3999939,-6.454435349,-0.17461804
10.071411,-5.062706947,-0.12704037
12.757141,-0.615475237,0.14155599
12.085724,0.095713787,0.21120651
11.414276,1.04496491,-0.71982062
12.085724,2.605307341,-1.6717393
10.742859,0.559829831,-5.135478
10.071472,0.149518862,-5.2849665
9.3999634,2.87041831,-4.7044368
9.4000244,2.383765221,-4.4032364
8.0571289,0.667602897,-3.7515113
8.0570679,0.742199659,-3.6800597
6.0428467,1.262690902,-3.4303148
6.0428467,0.904839575,-3.2817347
4.7000122,0.371876687,-2.8769584
4.7000122,0.529378831,-2.8695257
4.0285034,1.242256761,-2.9466743
3.3571777,0.737604439,-2.7285631
2.6856689,0.311841428,-2.1300023
2.685791,0.663488448,-2.0785501
1.3428955,1.003577471,-1.6391547
1.3428345,1.098701119,-1.4964454
0.67138672,1.02687943,-1.269488
0,0.847633839,-1.1743294
0,0.999238431,-1.1190221
0,1.147165298,-1.0277363
0,0.507714927,-0.70935434
0,0.286311001,-0.7631647
-2.0142822,-1.694984436,-0.49106523
-2.0142822,-1.951941133,-0.37565976
-3.3571167,-3.100429296,-0.17605209
-3.3571167,-2.946298361,-0.083223566
-5.3713989,-3.186829329,0.40923849
-5.37146,-3.261258602,0.56036466
-6.7143555,-2.88806963,1.1767684
-6.7142334,-3.043021202,1.3391052
-8.7285767,-2.843447447,2.0923455
-8.7285156,-3.239585638,2.3139617
-9.4000244,-3.247058153,2.6887028
-9.3999634,-3.52986455,2.7328243
-10.742859,-3.122946024,3.1303368
-10.742859,-2.415630341,3.2160187
-10.071411,-1.539210916,3.6151567
-10.071411,-0.906895339,3.5949605
-10.742828,-1.042123199,4.1564398
-10.071472,-0.435624331,4.2315836
-10.742889,-1.643785238,4.2486095
-11.414276,-2.94696784,4.3194427
-10.742859,-1.194248796,3.5851703
-11.414276,-0.704990268,3.6795945
-10.742859,-2.170188904,3.8509204
-12.085724,-3.055432558,3.9403024
-11.414291,-4.716124058,4.1816239
-10.742844,-4.643002033,4.1897182
-9.3999939,-4.704737663,3.9438548
-8.7285614,-3.80704236,3.9176464
-8.0571289,-3.170496702,3.6723337
-7.3857117,-2.394544601,3.7972705
-7.3857117,-3.646580458,4.1454287
-6.7142944,-3.951212883,3.9258633
-6.7142868,-3.884485245,3.3820264
-6.7142792,-3.674463272,3.2197993
-6.0428543,-3.459837914,2.4313521
-6.0428581,-3.296857357,2.2153533
-5.3714256,-3.446102381,2.4899442
-5.3714294,-3.835342169,2.4747546
-4.0285721,-4.854405403,2.5678096
-4.0285711,-4.630494595,2.568193
-1.3428572,-4.807849884,2.1850162
-0.67142856,-5.650263786,2.229913
0.67142856,-5.726608753,2.1780128
0,-7.531799793,2.0571146
0,-8.213665009,1.6956856
0,-6.841630459,1.5936885
0.67142856,-3.570070267,0.80486733
0.67142868,-2.665779829,0.61704522
4.0285716,4.965367317,0.17919935
2.6857138,4.035801411,0.041438583
2.014286,0.949428976,-0.48149988
2.6857147,0.543793023,-0.73592722
2.014286,-0.642647088,-0.20651852
2.0142841,-1.146094918,-0.30743116
2.6857109,-0.84432584,-1.6469804
2.6857185,-0.897604704,-1.5451128
4.0285721,0.279878676,-2.5039597
5.3714256,0.546052277,-1.4341122
5.3714294,1.223235726,-0.98664039
6.7142868,1.436863303,-1.2097157
8.0571442,1.345145226,-1.3352927
8.0571365,1.62646544,-1.6215487
8.7285767,0.670050085,-2.2807274
8.7285614,0.905821323,-2.2495656
8.0571594,1.838805795,-2.8628075
8.7285614,2.641917706,-3.097698
8.7285767,4.242491722,-3.5717852
8.7285614,3.238288879,-3.6890306
9.3999939,4.493558407,-4.5433917
9.3999939,3.106093884,-4.8381314
9.3999939,2.957053185,-4.0443511
9.4000244,2.765162945,-3.6762691
9.4000244,0.952415705,-4.2647915
9.3999939,0.895588517,-4.2524128
8.0571594,-0.87386471,-4.3267288
8.7285767,-2.082767487,-4.2731504
8.0571594,0.392995059,-4.1570606
7.3856812,-0.418231815,-4.042511
7.3857422,0.473582268,-3.8621523
6.7142639,0.364154577,-3.84479
5.3714294,-0.084626421,-3.6224263
5.37146,-0.739080608,-3.446789
4.7000122,-0.5949018,-2.2821839
4.0285645,0.097057573,-2.2107985
3.3571777,-0.250852853,-2.3964472
4.0285645,0.268117279,-2.2928195
3.3571167,0.712561905,-2.0022383
2.68573,0.950530112,-1.9261889
2.6856689,1.761056185,-1.5376759
2.68573,2.173959255,-1.4547446
1.3428345,1.833692312,-1.3032428
0.67144775,0.553036928,-1.2567115
0,-0.136264652,-1.2718291
0,-0.072797149,-1.2439224
0,0.278519332,-1.177815
0,0.19110842,-1.2155797
0,-0.367482483,-0.99438626
0,-0.466365635,-0.8680014
-0.67144775,-0.884630382,0.067331649
0,-1.058770657,0.34023049
-0.67144775,-2.022604227,0.64610827
-1.3428955,-2.165978432,0.525846
-2.6856689,-3.218884945,0.43521479
-3.3571777,-3.334467888,0.55215156
-4.0285645,-4.559981346,0.72356433
-4.0285645,-4.85087204,0.79210508
-5.3713989,-4.314282417,1.1912836
-4.0286255,-4.50460577,1.2946832
-5.37146,-3.724967957,1.7514714
-5.3714294,-3.086632729,1.8649002
-6.0428467,-1.698074222,2.1270568
-5.3714294,-1.29999876,2.209969
-7.3857117,0.414519101,2.3453918
-7.3857117,0.218700007,2.4252729
-9.3999939,-0.237235099,2.3979621
-8.0571594,-0.017484164,2.5162575
-9.4000244,-1.672894955,2.425112
-9.3999939,-0.726003647,2.4124811
-9.3999939,-0.773363411,2.9969862
-10.071411,-0.401182145,3.1593385
-10.071411,-2.024334669,3.2536705
-10.071411,-2.519129515,3.415446
-9.3999939,-2.311294556,3.8225706
-8.7285614,-2.297624111,3.7603047
-7.3857117,-2.342137098,3.2929714
-7.3857117,-2.162644625,3.245631
-7.3857117,-2.41168189,3.480525
-6.7142792,-2.557989836,3.4783182
-6.0428467,-2.514788628,3.1061029
-6.7142868,-3.012749195,2.9938092
-5.3714371,-4.315453053,2.7058713
-5.3714218,-4.10656929,2.7000895
-4.0285645,-4.404623508,2.4526606
-5.3714294,-3.560414791,2.3612528
-3.3571472,-4.211945534,2.208982
-3.3571472,-4.131725311,2.0867207
-2.014286,-3.802327871,2.2080107
-2.014286,-4.143501759,2.2551703
-1.3428612,-4.358529568,2.0177763
-1.3428574,-4.588639259,1.7835165
-1.3428612,-5.213142872,1.3445239
-0.67142868,-4.689697266,1.2480451
-0.67142868,-2.115283251,1.1522802
-1.3428612,-2.035907745,1.0763981
-2.014286,-3.157810211,0.85548037
-2.014286,-3.117537737,0.82637066
-2.014286,-3.44584322,0.72234935
-2.6857128,-3.691168785,0.71708208
-2.014286,-3.722980261,0.725604
-1.3428564,-3.841515779,0.71317405
0,-3.82546401,0.97071183
0,-3.502232313,1.3080591
0,-3.647859812,1.6056471
0,-3.777318716,1.4755782
0,-4.302851677,1.4047233
0,-4.21531105,1.3541501
0.67142773,-4.052584171,0.98140621
0,-3.799693584,0.82699758
0.67142773,-2.944719076,0.19638093
1.3428583,-2.280064344,-0.12796049
2.6857128,1.57579267,-0.47558373
4.0285721,2.550737143,-0.35241821
4.0285683,1.392383456,-0.567958
4.0285721,1.394055128,-0.72307765
3.3571472,-0.405949026,-1.2818002
3.3571434,-1.87636745,-1.4513409
3.3571472,-2.166880131,-1.8479214
2.6857071,-2.096752644,-2.0690382
3.3571472,-0.58221513,-2.5249116
3.3571472,-1.175781012,-2.3858619
3.3571396,-0.723372877,-2.0050693
3.3571472,-1.699387193,-1.8547878
4.0285797,-1.602220058,-1.391202
4.0285645,-1.908910632,-1.3464249
4.0285797,-1.182756066,-1.4486475
4.6999969,-1.007204294,-1.6589458
5.3714294,-1.381390452,-1.7392522
5.3714142,-1.45573771,-1.6387143
5.3714142,-0.07530278,-1.5453657
6.0428619,0.686117351,-1.6464293
6.7142792,1.41145575,-1.8199941
6.7142792,1.999566078,-1.923342
7.3857117,2.903958797,-2.2279022
7.3857269,3.162865877,-2.2394824
6.7142944,2.617585182,-2.4941833
6.0428467,1.565901995,-2.6143336
4.7000122,1.070421815,-2.7764585
4.0285645,1.189672112,-2.7911432
4.0285645,1.58908987,-2.8563628
3.3571167,1.521243691,-2.8865457
2.6856689,-0.241455838,-2.807605
3.3571777,0.195169047,-2.7216983
2.68573,1.149680734,-1.5415367
2.6856995,2.114462137,-1.3302056
2.0142822,1.62953949,-1.4250227
2.0142822,1.261185288,-1.4869217
0.67144775,1.378927112,-1.3288586
0.67141724,1.586447477,-1.2124032
0.67141724,1.414825678,-1.0342963
1.3428955,1.296800613,-1.0909536
1.342865,1.178456068,-1.3066417
0.67141724,1.271081448,-1.2251933
0,1.343942881,-0.6613189
0,1.00956285,-0.69836211
0,0.985680938,-0.71915144
0,0.953935504,-0.74280202
0,0.717514575,-0.65102899
0,0.534815907,-0.73775661
0,0.158786774,-0.76848543
-0.67141724,0.03228756,-0.68404788
0,-0.358074635,-0.21363331
0,-0.470001757,-0.1153547
0,-0.996076584,-0.27217403
0,-1.364417553,-0.22604856
0,-2.661737204,-0.019537561
0,-3.062022448,0.035852715
-0.67141724,-3.179542542,0.25049534
-0.67141724,-3.470955849,0.29293132
-1.3428345,-3.497389793,0.69299829
-1.342865,-3.958872795,0.75509036
-2.0142517,-3.617906332,0.86445308
-2.0143127,-3.510973692,0.98585963
-2.0142517,-2.809965611,1.4021193
-2.0142822,-2.906923771,1.346326
-2.0142822,-2.767902613,1.2075412
-2.6856995,-2.729807615,1.2122247
-2.68573,-3.595981121,1.3180836
-2.0142517,-3.230970144,1.3703477
-2.0142517,-3.265075922,1.2460822
-1.3428955,-3.349903107,1.2876968
-1.3428345,-3.343215227,1.3374139
-1.342865,-3.252118111,1.2595078
-0.67141724,-3.50919199,1.2095183
-1.3428345,-3.307693005,1.2239993
-1.342865,-2.991870165,1.1893362
0,-3.210134268,1.1314968
0,-2.859185934,0.99654984
0,-2.906062841,0.97540063
0,-1.406552553,0.85443437
0,0.674387395,0.85882038
-2.0142822,0.531742334,0.76763618
-2.0142822,-0.580943763,0.71065104
-5.3714294,-1.119198799,0.5886029
-5.3714294,-2.452276468,0.58547097
-9.4000092,-6.846762657,0.41400567
-9.3999939,-4.974308491,0.46952063
-8.7285614,3.161611795,0.75947654
-7.3857117,2.602496386,0.86165953
-8.0571289,0.920024812,2.5411425
-8.0571594,0.430641502,2.9433165
-8.728569,-1.928417921,3.9045115
-8.7285767,-1.792464495,3.9198573
-8.0571365,-2.427328587,4.2700453
-6.7142868,-1.247941375,3.6394715
-6.0428581,-2.321875095,3.3351216
-5.3714256,-2.379895926,3.5469921
-4.0285721,-3.363503456,3.141536
-4.0285702,-3.221532345,3.1858633
-3.3571415,-2.489288807,3.0211711
-2.014286,-2.155709505,2.8212469
-2.014286,-1.837701321,2.089385
-2.0142858,-1.805888414,1.8938129
-1.3428571,-2.094437599,1.7655818
-2.6857147,-2.253467798,1.690758
-2.6857128,-2.668149471,1.0961608
-4.0285721,-2.499863148,0.9219045
-4.0285721,-0.891243637,0.75441766
-3.3571434,0.232364371,0.72359431
-4.0285721,0.719104707,0.83685035
-4.0285721,2.220243692,0.96572167
-5.3714294,3.087703228,1.3657209
-4.6999969,2.72774291,1.4936086
-6.0428619,-0.352318674,1.7849163
-6.7142868,-0.58950603,1.8594184
-6.0428543,-1.234087586,1.6872818
-6.7142792,-0.769811809,1.7656777
-6.0428619,-1.792563915,2.1372089
-5.3714142,-1.613783479,2.1146076
-5.3714142,-1.495928526,2.4393311
-4.6999969,-1.876019001,2.620234
-3.3571472,-0.992510796,2.2982783
-2.6856995,-0.552543521,2.2290397
-1.3428497,0.103770696,2.1124175
-1.342865,0.580208778,1.9160554
0,1.808587551,1.9087557
0.6714325,2.4635396,1.8638811
0,-2.984711409,1.7329142
0,-4.306569099,1.6052136
0,-8.327235222,1.1493628
-0.67141724,-8.758084297,1.031528
0,-9.713150024,0.49657708
0,-10.00632381,0.45570457
0,-8.521574974,-0.032073472
0.67144775,-8.388758659,-0.31759629
2.68573,-5.434354305,-0.42825398
2.6856995,-5.133535862,-0.57990789
4.0285797,-3.796047211,0.3834455
5.3714142,-3.837907791,0.95839339
6.0428467,-0.764647245,0.12434221
7.3857269,0.781854391,-0.36869147
9.3999939,4.333563805,-0.87724018
8.7285767,4.160253525,-0.98937225
8.0571442,4.150960445,-2.3895028
8.0571365,2.087229252,-2.582417
8.0571442,-2.398997307,-2.612823
7.3857155,-1.9414922,-2.6686478
7.3857136,-3.988309622,-3.9831123
7.3857155,-4.310551167,-4.1987457
8.0571442,-2.091646433,-3.0822296
8.7285728,-1.722422838,-2.9511545
9.4000053,-0.27951014,-2.8290358
9.3999977,0.470990747,-2.6581688
10.742851,2.272216082,-2.9986274
10.742859,2.618118048,-2.8875415
11.414291,2.272635221,-3.124238
10.742859,2.669225931,-3.2788801
9.4000092,2.673710346,-3.6469395
9.3999939,1.899526596,-3.7048194
9.3999939,2.700666189,-4.1171031
8.7285767,1.960758805,-4.1248465
8.0571594,3.192217588,-4.1417174
7.3857117,3.605792999,-3.8840804
6.714325,2.103444338,-3.3132405
6.7142639,1.755821228,-3.2369061
6.0428467,1.52118814,-2.9351027
6.714325,1.443992376,-2.8654191
5.37146,2.857514143,-2.7762043
5.3714294,1.366027832,-2.8013968
4.6999817,1.28429842,-2.5640161
4.7000122,0.820765793,-2.264617
4.6999817,1.072100282,-1.8868905
4.7000122,0.300768405,-2.0190105
4.028595,1.410665154,-2.2002466
4.0285645,1.466175675,-2.188174
3.3571472,1.107738018,-1.7705617
2.68573,1.23272264,-1.6975832
2.68573,1.133182526,-1.5946461
1.3428345,1.310218573,-1.5632621
1.3428345,1.327583313,-1.666117
1.342865,1.408211827,-1.6971488
0.67144775,1.716320872,-1.4360909
0,1.942530394,-1.2762512
0,2.094035387,-0.95763296
0,1.968840003,-0.94866598
0,2.035806656,-0.73357159
0,1.844942927,-0.67864555
0,1.539105296,-0.44623923
0,1.376633048,-0.50563985
0,0.340148985,-0.39738542
-0.67141724,-0.089939974,-0.36963499
-1.342865,-1.272637725,-0.23538885
-1.342865,-1.804854035,-0.12320121
-2.6856995,-2.631681204,0.023677683
-3.3571472,-3.238900185,0.15310104
-4.6999817,-4.213717937,0.51187325
-4.7000122,-3.956509113,0.64183688
-6.0428467,-2.23430872,1.5018607
-6.0428467,-1.364125371,1.6294333
-6.7142944,-2.332169056,1.7945999
-6.0428467,-2.072103024,2.0097346
-5.3714294,-1.046900511,2.3234687
-6.0428467,-1.770070672,2.4067733
-5.3714294,-1.509826899,2.8766322
-4.6999817,-1.863165975,2.8341978
-5.3714294,-2.055439234,2.6051693
-5.3713989,-2.519240141,2.5671384
-5.3713989,-3.2716887,2.5983231
-4.7000427,-3.896700621,2.4149852
-4.028595,-3.990947008,2.0100625
-4.6999817,-4.038090706,1.9922711
-4.028595,-2.866736412,1.942593
-2.6856995,-2.969232321,1.9364022
-4.0285645,-4.260513306,2.0446446
-2.68573,-4.601479053,2.0376234
-2.0142975,-3.923679829,1.7994958
-2.0142822,-3.416424274,1.7026286
-1.3428497,-3.414854765,1.5339944
-2.0142822,-3.534320831,1.4453652
-1.3428497,-4.008023739,1.1664711
-1.342865,-4.017206669,1.2817924
-1.342865,-3.79139924,1.6998326
0,-3.703095436,1.5792167
0,-3.934056759,0.94387931
0,-4.104558468,0.82673311
0,-4.85368681,1.0019429
0,-4.91512394,1.0314739
0,-4.820860386,0.82256007
0,-4.736905098,0.68959713
0,-4.386585712,0.48104075
0,-4.1409235,0.39867997
1.342865,-3.524586201,0.36566117
0.6714325,-2.973605871,0.4130398
0.67141724,-2.697882175,0.38145319
1.342865,-2.009899616,0.38017893
1.342865,-1.203833818,0.15831266
2.6856995,-1.055560231,0.052927267
3.3571472,0.142987564,-0.23232114
2.6857147,0.055979323,-0.36531535
4.7000122,5.007359982,-1.0464185
4.0285645,5.488789082,-1.1891903
1.342865,4.900455475,-1.2763097
1.3428345,3.920931101,-1.4200133
-1.3428345,2.910000801,-1.6930281
-2.0142822,2.293068647,-1.7487475
-3.3571472,-1.300764918,-2.0879269
-4.6999817,-3.916020393,-2.1169991
-4.0285645,1.493285894,-2.2363942
-4.0285645,0.951479077,-2.0954056
-4.0285797,0.565910161,1.053702
-4.0285797,-0.009874186,1.4800467
-4.6999969,-1.286056519,2.2945931
-4.0285797,-1.315633774,2.3635476
-4.0285797,-2.651319027,3.0375485
-4.0285797,-2.783391953,2.6915436
-2.6857147,-2.031639099,1.0469445
-2.6856995,-0.462906897,1.2717581
-2.6857147,-0.088211402,1.9185048
-2.6857147,-0.970374703,2.1745253
-4.0285645,-2.011598587,1.8426073
-4.6999969,-2.357161999,1.7676054
-4.0285645,-1.108442307,1.5011621
-4.0285797,-1.208795309,1.3343855
-4.6999969,-0.334735751,0.76126623
-4.0285721,-1.609251738,0.62192023
-4.7000046,-0.70416528,2.1298337
-4.6999969,-1.045105457,2.33125
-5.3714294,-0.535441458,2.1883876
-5.3714294,-1.587487102,2.1234169
-6.7142868,-0.528738141,1.5251497
-5.3714256,-0.462521255,1.5414681
-6.7142868,-2.199056387,2.0154951
-7.3857145,-2.081780434,2.0280313
-6.7142849,-1.101770759,2.0634248
-6.0428581,-1.529776454,2.1206658
-6.0428619,-2.115553141,2.4415789
-6.0428543,-1.430068254,2.5928826
-5.3714256,-1.222754836,2.6043441
-5.3714371,-1.86231637,2.7358556
-2.0142822,-2.542637348,2.5232208
-2.0142899,-2.582087278,2.3522007
1.3428574,-2.636844158,1.9860703
1.342865,-1.655061841,1.9998187
4.0285797,-8.246306419,2.2891612
5.3714294,-5.660502434,2.0940256
4.6999931,-6.633047581,1.6755546
4.0285721,-7.153246403,1.5163734
4.0285721,-4.948726654,0.5301159
4.0285721,-5.628112316,0.17351379
4.6999969,-4.303652763,-1.2537169
4.7000008,-2.662636042,-1.714874
6.0428572,-0.558459461,-3.2977581
6.0428572,-0.411671132,-2.2654893
6.0428581,0.701382875,-1.5468266
6.7142868,1.353204727,-1.7967803
6.0428543,-2.011878252,-1.9450183
6.714283,-0.532632589,-1.7653314
6.0428543,-1.567948222,-2.5942757
5.3714218,-0.429866493,-2.5375259
6.0428543,-3.075647354,-2.6757541
6.0428543,-4.060081482,-2.7200089
6.7142944,-5.920303822,-2.541918
6.7142792,-6.241467953,-2.376385
8.0571442,-6.898151398,-2.4440289
8.0571289,-5.949512005,-2.2954113
8.7285767,-5.244354248,-2.3342764
8.7285614,-4.231796265,-2.4495816
10.071411,-0.884307265,-2.8438079
10.071442,-2.359967709,-2.9970369
9.3999939,-0.449312896,-3.3982232
10.071411,0.001083652,-3.5939023
9.3999939,-0.172254965,-3.4606943
10.071411,0.39909032,-3.3473592
8.7285767,1.432716131,-3.5847864
8.7285461,1.175846934,-3.70415
8.0571594,0.71130079,-3.7009592
6.7142944,2.266745806,-3.5719521
4.7000122,0.590981305,-3.2325795
4.0285645,0.119391069,-3.1411943
2.6856995,0.332899123,-3.2277935
2.68573,-0.018225852,-3.0990942
1.342865,-0.156410828,-2.8190939
1.3428345,-0.076107971,-2.6500118
1.342865,0.937515914,-2.1172671
0,1.483393908,-2.0184321
0.67141724,2.362240791,-1.3174616
0,1.860670328,-1.0933613
0,2.551356077,-0.63384455
0,2.641139746,-0.63306427
0,2.768440962,-0.47719246
0,2.748633623,-0.45783746
0,2.385977268,-0.58958387
0,2.170325518,-0.6347729
-0.67141724,1.301452279,-0.39373079
-0.67141724,1.129713655,-0.27025759
0,0.118951187,-0.42433167
-1.342865,-0.409460813,-0.49940413
-2.0143127,-1.599640131,-0.31301638
-2.0142517,-1.598299503,-0.20970981
-3.3571472,-3.418785095,0.11958851
-3.3571777,-3.43043232,0.24287516
-4.0285645,-2.889323711,0.92286903
-4.7000122,-3.424542427,1.0529413
-4.7000122,-3.438804865,1.47254
-4.6999817,-2.005741835,1.5835512
-5.3714294,-2.240120649,1.8240762
-4.6999817,-2.312040567,1.9051237
-5.37146,-2.649533749,2.1221368
-4.6999512,-3.800195694,2.1319556
-4.6999817,-4.725426197,2.1502249
-4.7000122,-5.220850468,2.1596696
-4.028595,-4.810117245,2.1303222
-4.0285339,-4.53445673,2.0121322
-4.028595,-3.95889926,2.355171
-2.6856995,-3.844044685,2.3184228
-2.6856995,-2.754252195,2.0846307
-2.6856995,-2.765146971,1.97264
-2.0143127,-4.515294075,1.7851452
-2.6856995,-4.89993,1.7664422
-2.68573,-4.423837662,1.4853246
-1.342865,-4.124217033,1.3872498
-0.67141724,-3.64179635,1.2676752
-1.342865,-3.594575405,1.21693
-0.67147827,-4.105324745,1.1063141
-1.3428345,-4.291941643,1.1147655
-1.342865,-5.343905449,1.5096332
-1.342865,-4.850533962,1.2596878
0,-3.465558529,0.71404731
0,-3.164641857,0.58815044
0,-2.641077518,0.56258374
0,-2.347036123,0.73419237
0,-2.937222242,0.8658604
0,-3.755223989,0.89537209
0,-4.77312994,1.0245005
0,-4.911896229,0.82941502
0,-5.25755167,0.40228409
0,-5.762093067,0.43550351
0,-5.530901909,0.60927498
0,-5.447785854,0.71136653
0,-5.570898056,0.8934043
0,-5.541738033,0.9117409
0,-5.197796345,0.91505778
0,-5.068237305,0.83045632
0,-4.432806492,0.58757997
0,-4.154835224,0.56897628
0,-3.069454193,0.47365424
0,-2.267045736,0.38174245
0.67141724,-0.495760649,0.16422699
1.342865,0.080949828,0.076653749
2.6856995,0.833089471,-0.30023
2.68573,1.055541873,-0.4736667
4.028595,1.123939991,-0.83330566
4.0285645,1.368026733,-0.90235376
4.0285339,0.158653989,-1.3007571
4.7000122,0.06196912,-1.4329213
4.028595,-1.187357903,-1.6333693
3.3571472,-0.909240544,-1.6996845
3.3571472,-1.495495319,-2.0271373
3.3571167,-1.469650626,-2.0535507
2.0142822,-1.115242958,-2.0242248
1.3428345,-1.403206944,-1.9873906
1.3428955,-0.243000343,-1.7992176
1.3428345,0.079442225,-1.6876459
1.3428345,0.396955907,-1.458611
1.342865,0.384923577,-1.3135498
0.67144775,-0.055625476,-1.1413269
0.67141724,0.313858509,-1.1589388
1.3428955,0.88814944,-0.9198581
0.67141724,1.004488111,-0.79383409
0.67141724,1.280406237,-0.83278525
0,1.329362988,-0.95328337
0.67141724,1.897663116,-1.0398564
0,1.727970839,-1.0183028
0,1.538265109,-0.81473744
0,1.238320947,-0.84227914
0,0.283793658,-0.92681825
0,0.042570435,-0.95371085
-0.67141724,-0.979395866,-0.71777332
0,-1.22087729,-0.66833586
-1.3428345,-2.257057905,-0.48375446
-2.68573,-3.770593166,-0.36797649
-2.6856995,-4.006927967,-0.001773603
-3.3571472,-4.309644222,0.10365005
-3.3571167,-4.378042221,0.45935574
-4.0285645,-4.600379944,0.5716874
-4.7000122,-4.782127857,0.85911584
-4.6999817,-4.67761755,1.0144407
-5.3713989,-5.413365364,1.8674731
-4.7000427,-5.283049107,2.0320284
-4.7000122,-2.370557547,1.8208514
-3.3571167,-1.537579536,1.9554667
-2.6856995,0.050646119,2.1250212
-3.3571472,0.781170249,2.1303091
-3.3571472,0.72824198,2.4187999
-3.3571472,0.251975894,2.3967867
-4.0285797,1.684288859,2.0339894
-3.3571472,1.34482038,1.655118
-5.3714294,1.30986166,1.2298357
-4.7000122,0.466798037,1.1447515
-6.0428467,1.622539639,1.125828
-6.7142944,1.22170198,1.2932569
-8.0571289,0.390364826,1.8491408
-7.3857117,0.114345133,2.1309557
-8.7285767,-0.136339918,1.926963
-8.0571442,-0.183403805,2.2173755
-8.7285767,-0.794494569,2.5949476
-8.0571442,-2.158910513,2.7103703
-9.4000015,-3.991809845,2.8809004
-8.728569,-4.603971958,2.9563422
-6.7142878,0.00051728,2.9820595
-6.7142849,1.14605248,3.0374594
-6.7142868,-0.819045424,3.1746447
-6.7142839,-2.484716654,2.9745586
-4.0285683,-12.39043045,3.2604835
-1.3428574,-14.08840752,3.1164913
1.3428574,-13.17299461,3.0032625
2.6857147,-10.5482769,2.4845541
-0.67142487,-13.02949142,1.8543977
-1.3428574,-14.21719646,2.1822624
-2.6857109,-15.27319622,2.2372458
-2.0142899,-14.59823322,1.9445629
0,-11.27938461,0.76087034
0,-9.59659481,0.094067581
1.3428574,-7.917957306,-1.8318037
2.014286,-5.341958523,-2.4629097
3.3571434,1.589915037,-0.64846224
2.6857109,0.961161971,0.9758237
0,-1.264340878,1.3281209
0,-1.743207097,0.79578984
0,-2.868237257,-0.95568699
0,-3.175297022,-1.3024367
0,-2.545016289,-1.8423361
1.3428574,-1.889044642,-2.2169795
2.014286,1.613674521,-1.5954221
2.014286,1.408670664,-0.9410035
2.014286,1.798375964,0.013809281
2.014286,1.925343633,0.20710263
2.0142851,0.469925731,0.28289276
1.3428574,-0.222308114,0.096217819
1.3428569,0.060941841,-0.87303221
1.3428571,-0.166591689,-1.1432396
2.0142858,-0.472945094,-1.6341301
2.6857147,-0.312038362,-1.8017907
3.3571434,1.879015207,-1.1867017
2.6857147,2.010155678,-0.98445487
4.7000008,5.377537727,-0.87858742
4.7000008,6.606895924,-0.97910863
3.3571472,5.606188774,-1.3698584
3.3571434,5.055561543,-1.4066176
2.0142822,5.759711742,-1.7852581
2.0142899,5.090591908,-1.8948414
0,6.201595783,-2.3357642
0,6.252081394,-2.5951695
0,6.797574043,-2.8638575
0,6.641151905,-2.7400997
0,5.38262558,-2.2470877
-0.67142487,4.60375452,-2.106832
0,2.810184002,-1.8243707
-0.67142487,2.53522563,-1.8046135
-2.014286,-0.918358088,-0.9010213
-1.3428612,-1.852462411,-0.71281296
-2.014286,-3.324065208,-0.2401569
-2.014286,-3.841500759,-0.0078469
-0.67142868,-3.982914209,0.53945124
0,-3.833974838,0.68167621
0,-6.526681423,0.81216997
0,-6.368871212,0.80168366
0,-4.559975147,1.0799603
0.67142868,-3.670099258,1.1511883
2.0142899,-2.214399099,0.97186327
2.0142822,-2.159498692,0.83645177
3.3571434,0.879202127,0.12564112
3.3571396,2.860570669,-0.19027099
4.0285645,5.128059864,-0.52271479
4.7000122,6.084842205,-0.5511359
4.0285645,7.465962887,-1.8947463
4.0285797,8.000548363,-1.9413327
4.0285721,7.536427498,-2.3182454
2.6857147,7.052922726,-2.4367187
3.3571472,6.322045326,-3.1077688
3.3571472,5.146214962,-3.3147881
4.0285797,1.710210443,-3.0092623
4.0285797,3.207779169,-2.8338635
4.6999969,1.819117188,-2.5687513
5.3714294,1.514678955,-2.5292211
7.3857269,2.641363859,-1.9606597
8.7285614,2.034559488,-2.0706704
8.0571442,1.550208211,-2.6315897
8.7285767,-0.143328637,-2.6257489
8.0571594,-2.337262154,-2.754755
8.0571289,-2.455138206,-3.0154469
5.37146,-0.104396991,-4.0360394
6.0428467,0.507997274,-4.3075738
4.7000122,0.679707289,-4.0587182
4.6999817,2.236433744,-3.966845
3.3571167,3.172526836,-3.9250507
3.3571472,3.054160833,-3.9673755
2.0143127,3.50231266,-3.4691339
2.0142822,3.50782156,-3.3319292
0,1.092788815,-2.6518176
0,0.772192299,-2.6090007
0,0.263884783,-2.2949197
0,0.124541923,-2.1890073
0,0.029610984,-1.4878601
0,-0.041297831,-1.2534461
0,0.363858312,-1.290802
0,0.362350702,-1.1209668
0.67141724,-0.34834668,-0.75558484
0.67141724,-0.153478771,-0.83145893
2.6856995,0.736287653,-0.97531551
2.68573,1.274043679,-1.0591012
3.3571167,1.05624795,-1.2455024
4.0285645,1.143664956,-1.3319216
4.028595,0.826607406,-1.563205
5.3714294,0.01794024,-1.6392994
4.6999817,0.198551252,-1.8315566
4.7000122,0.656445384,-1.9500253
4.028595,-0.033261154,-2.6179078
4.6999817,-0.125668779,-2.7213461
4.0285645,-0.89895004,-2.8134804
3.3571167,-0.663833201,-2.7430186
3.3571167,-0.383202046,-2.555604
4.0285645,-1.155735254,-2.4539142
3.3571472,-0.748467267,-2.1742549
3.3571472,-0.371693313,-2.0697484
2.68573,0.194010973,-1.8427668
2.6856995,0.012312643,-1.8333634
1.3428345,-0.191167399,-1.6685547
1.3428955,-0.391004503,-1.7022196
0,-0.998176038,-1.7684777
0,-1.467454195,-1.6431758
0,-1.584764719,-1.3563023
0,-1.693765521,-1.3672237
0,-1.745189786,-1.1688637
0,-1.963105917,-1.0681269
0,-2.953409672,-0.70758635
0,-3.224655628,-0.51099271
-0.67144775,-7.464999676,0.19600701
0,-7.480816841,0.36750358
0,-5.877991199,0.40448612
0,-4.900375843,0.46726927
0.67144775,-2.835330009,0.67272401
0.67144775,-2.723351717,0.83879274
1.3428955,-2.208510399,1.2164158
2.0142822,-2.222364664,1.3764081
2.0142822,-1.739279151,1.9347446
2.68573,-1.870118141,1.29008
2.68573,-1.110843539,-0.29248938
3.3571167,-1.863425016,-0.24731566
3.3571167,-2.596589804,-0.95746624
4.0286255,-2.23502636,-0.98610109
4.0285645,-3.986042976,-0.8266595
5.37146,-1.509427905,-0.94075429
4.6999512,-0.745555341,-1.0563239
4.7000122,-0.389093488,-1.0700184
4.0285034,1.362009048,-1.0706592
4.0286255,0.926760197,-1.0124462
2.68573,1.339531541,-1.2386438
2.0142822,1.879751086,-1.34706
0,1.928033948,-1.659505
0,2.795503378,-1.8234875
0,2.604528666,-1.4536039
0,2.895543575,-1.4706553
-0.67138672,1.836874843,-1.0340463
0,0.82037133,-0.81704253
-2.0142822,-3.212417364,-0.37419051
-1.3428345,-3.45391655,-0.21670938
-1.3428955,-3.990249157,0.42290461
-1.3428345,-3.918721676,0.45031461
-1.3428345,-2.13393116,0.39397755
-0.67144775,-1.673815608,0.63097715
-2.0143433,-0.383092046,1.1816789
-2.0142822,-0.716028988,1.4033594
-2.68573,-0.68772465,1.6156712
-4.0285645,-1.370404005,1.567825
-5.37146,-7.610845089,1.117192
-6.0428467,-9.494918823,1.1158623
-4.7000122,-12.82720089,1.4673786
-4.7000122,-13.17124844,1.5151463
-3.3571167,-11.49797153,2.228085
-2.68573,-12.26406574,2.579339
-0.67138672,-10.69081879,2.9501803
0,-9.770832062,3.1209829
0,-10.47968102,3.5237794
0,-10.20286083,3.5222931
0,-9.215237617,3.2370861
0.67138672,-8.644335747,2.7554407
2.0142822,-6.578240871,2.2578063
2.0142822,-7.397465706,1.972736
3.3571167,-5.318941593,0.54940158
4.0285645,-5.35013628,0.54099315
5.3713989,-2.114326715,0.73043758
4.0286255,-2.41475153,0.54439342
5.3713989,0.852352262,0.061509054
4.0286255,0.299737483,-0.18064404
2.68573,0.77398783,-1.1093097
2.68573,1.561000109,-1.1942638
2.6856689,3.304071665,-1.4944
1.3429565,3.556197405,-1.6877284
0,2.574171066,-1.7357945
0,2.509895802,-1.6146734
0,3.263848543,-1.4983735
0,2.75782752,-1.1551771
-1.3429565,1.611457348,-0.64908272
-1.3428345,0.84459126,-0.73077959
-2.0142822,0.357778579,-0.62873363
-2.68573,-0.360018522,-0.55420035
-3.3571777,-1.715194821,0.32091731
-3.3571167,-1.922157168,0.67593664
-4.0285645,-5.563232422,0.81718254
-5.37146,-6.626275539,1.1876881
-2.6856689,-7.803711414,1.7637235
-2.68573,-8.727018356,1.8534023
0,-9.160704613,2.0552251
0,-9.435578346,2.1222267
-0.67144775,-6.168109894,2.3852983
-0.67144775,-3.720850706,2.4609978
0,0.595372736,2.624105
0,-0.069862887,2.5833297
-2.0142822,-4.187134743,2.5757377
-2.68573,-5.588536263,2.2877643
-4.0286255,-7.890259266,1.6618598
-4.6999512,-8.257590294,1.5670056
-6.0428467,-5.195561409,2.7151
-6.7142639,-4.372098446,2.8430219
-6.7142944,-2.475516796,2.6838284
-8.0571594,-3.617037773,3.4335196
-8.0571594,-5.925239563,3.9781229
-8.0571289,-6.277148724,4.0183539
-7.3857117,-5.067667961,3.7598333
-8.0571594,-6.12944603,3.7834594
-6.7142639,-4.581175804,3.8722725
-6.0428467,-4.102365971,3.8494625
-5.3714294,-3.617509842,3.9997437
-4.6999817,-3.267140388,3.9634223
-4.6999817,-4.728643894,3.1748354
-5.3714294,-4.248191357,3.026278
-4.028595,-5.156792164,2.6308241
-4.0285645,-4.592719078,2.4903815
-3.3571472,-5.127982616,2.0030301
-4.0285645,-5.00253582,1.7859702
-3.3571472,-4.950585365,1.5743524
-2.68573,-4.285500526,1.5539149
-2.6857147,-4.289874554,1.8808287
-2.0142822,-3.850979805,1.7298244
-2.014267,-3.052503109,1.4375252
-2.68573,-3.186829805,1.4170012
-2.0142975,-3.106324196,1.3893911
-1.3428497,-3.063378811,1.2727338
-1.3428497,-3.540958643,1.2048063
-1.342865,-3.39264226,1.1704525
0,-3.233086109,0.89522946
0,-2.954828978,1.010944
0,-1.47367835,0.915811
0,-1.172746897,0.96455985
0,-0.444989771,0.83324027
0,-0.13162142,0.7727046
0,1.315638661,0.47273085
0.6714325,3.431141615,0.35776842
0,4.878419399,0.16784686
0,3.52765274,0.11391459
-1.3428497,1.291031599,-0.18233086
-1.342865,1.107133627,-0.26848704
-2.6857147,2.156717777,-0.52187949
-2.0142822,1.04985559,-0.61208934
-3.357132,-0.518229306,-0.9134919
-3.3571472,-0.110908136,-1.0448412
-3.3571472,-0.808264732,0.082063541
-3.357132,-0.778446674,0.932446
-4.0285797,-2.983110428,1.173041
-4.0285645,-3.240675211,0.99852663
-3.3571472,-3.453636646,1.6272258
-4.0285645,-4.12787962,1.794255
-3.3571472,-5.555026054,1.5533201
-3.3571472,-5.827849865,1.3138493
-1.342865,-4.695430756,1.6260699
-1.342865,-4.543748379,1.8210193
0,-4.781997681,2.0228081
0,-4.832357883,1.8840821
0,-5.030912399,1.2202041
0,-5.01569128,1.2642245
0,-4.604026318,1.2065673
0.6714325,-3.730698109,0.90981412
1.342865,1.191813946,-0.13209926
1.342865,1.72004354,-0.3566663
0.6714325,2.13689971,-0.20616049
0.6714325,1.672664285,-0.11822435
0,0.182581306,-0.17762294
0,-0.198284104,-0.25928962
0.6714325,-0.706776619,-0.82439196
0.67141724,-0.716744184,-1.0538137
1.3428497,2.507033587,-2.1639481
2.6857147,4.57062912,-2.1235416
1.3428497,6.392269135,-0.84713519
1.342865,5.675167561,-0.9204697
0,4.229319572,-0.8792612
0,4.05789423,-0.77214742
0,2.035699368,-1.5761415
0,1.56287837,-1.7711655
0,0.296777606,-1.9266671
0,-0.086263157,-1.7903976
0,-0.70807302,-0.58630645
0,-0.794373333,-0.22321749
0,-0.769859076,-0.16682382
0,-0.831008196,-0.25350118
0.67144775,-0.24450396,-0.28311986
0,-0.017549777,-0.247623
0,0.702505767,-0.28037643
1.3428497,1.119135499,-0.31032488
1.342865,2.072995186,-0.48209161
2.6857147,2.291564941,-0.56334817
3.3571625,3.614294052,-0.82096267
2.6856995,3.785355806,-0.89870489
4.0285645,4.608671188,-1.1219497
3.3571472,4.376492977,-1.2720057
2.6857147,4.092304707,-1.5819398
3.357132,4.217603207,-1.5962862
2.6857147,3.195075512,-2.0637388
2.6857147,3.222072363,-2.1389585
2.0142822,4.012902737,-2.2284977
1.3428497,3.86893034,-2.1820743
1.3428497,4.08092308,-2.1786103
1.342865,4.086845875,-2.1114287
0.6714325,3.773141146,-1.8634568
0.6714325,3.568601131,-1.8214896
0,3.217780828,-1.5129769
0,3.051902294,-1.4917136
0,-1.021738768,-1.4342685
0,-3.299788475,-1.358007
0.67141724,-5.801707268,-1.3608721
0.6714325,-5.114071369,-1.2825221
2.6857147,-1.724098086,-0.91698754
3.3571472,-0.333043873,-0.76128614
4.6999969,1.35806632,-0.30038077
5.3714294,1.163536787,-0.1512862
4.7000122,2.371060848,0.16200829
5.3714294,2.58373332,0.026980346
4.6999817,3.153382778,-1.1696541
4.7000122,2.477058411,-1.6231097
4.028595,1.030549645,-2.5543542
4.6999512,0.578464091,-2.9675274
5.3714294,5.208179951,-3.1619623
5.37146,5.330075264,-3.1971254
4.7000122,4.447734356,-2.8302717
4.7000122,4.226036549,-2.7552309
4.0285645,2.547879696,-2.7466359
4.0285339,2.424412489,-2.7925699
4.028595,2.286607265,-2.9721956
3.3571472,1.553635597,-2.9176784
3.3571472,2.581871748,-3.2234509
3.3571472,3.040961504,-3.2481
2.6856995,4.925029755,-2.6939476
2.0142822,4.354088783,-2.5824475
1.342865,3.658730507,-2.349165
1.342865,3.557798624,-2.3250797
0,2.516535997,-2.3825879
0,2.370344877,-2.1572421
0,1.641638756,-1.9998428
0,1.393162847,-1.994131
0,0.004672036,-1.4569101
0,-0.393003732,-1.3707035
0,-1.421598673,-1.0309044
0,-1.455480456,-0.90068859
0.67141724,-1.507452488,-0.76359224
0.67141724,-1.461277843,-0.66077363
2.68573,0.015677925,-0.68767607
2.0142822,0.780405641,-0.66251087
3.3571777,1.853855133,-0.74694216
2.6856995,1.066430569,-0.80469418
3.3571472,1.336567879,-1.0242082
3.3571472,1.601940632,-1.1709043
3.3571472,1.923552275,-1.57419
2.6856995,1.872045994,-1.75739
3.3571472,0.323449254,-2.0556388
2.68573,-0.320162922,-2.0080588
2.68573,-1.50143528,-2.0611956
2.68573,-1.186802387,-1.9306599
2.6856689,-0.11199189,-1.5904824
2.68573,0.44874689,-1.5343987
2.68573,0.28568083,-1.5508385
2.6856689,0.490308404,-1.5570076
2.68573,-1.340784788,-1.5210507
2.68573,-1.391714931,-1.5343536
2.0142822,-0.552100599,-1.3579836
2.0142822,-1.007444501,-1.392629
2.0142822,-0.915392518,-1.3013012
2.0142822,-0.548701644,-1.2782807
2.68573,-0.086029969,-1.2337961
2.0142822,0.295685828,-1.2438239
2.68573,-0.366238773,-1.1220009
2.0142822,-0.336035401,-1.1084155
1.3428955,-0.614054799,-1.0361959
0.67138672,-0.849149525,-0.98464763
-0.67150879,-2.227207661,-0.9949162
0,-5.363649368,-1.1490442
0,-3.706338167,-1.1827403
0,-3.814666271,-1.0355589
0,-3.674493313,-0.62402284
0,-3.852049112,-0.53227443
0,-4.918923378,0.08833769
0,-5.370053768,0.36003983
0,-4.085575581,1.05559
0,-3.907518387,1.4364233
0,-4.270996094,1.6534041
0,-4.628680229,1.1885448
0,-5.05638504,1.208617
0,-5.080330372,1.4316363
0,-4.808281898,1.4806855
0,-4.970680714,1.6711664
0,-5.600118637,1.2600907
0,-5.853126526,0.88508725
0,-6.593715668,1.1830094
0,-6.50435257,1.3070409
0,-6.135261059,1.1979051
0,-6.127607346,1.1252735
0,-6.22976017,0.8411327
0.67150879,-6.228456974,0.88389099
0.67138672,-5.125866413,1.1564518
0.67144775,-4.292043686,1.0823771
2.0142822,-1.967631698,0.78335309
3.3571777,-1.134255648,0.66115588
2.685791,-2.773846149,0.45233849
3.3571167,-2.562900305,0.44043505
3.3571167,-3.084246397,0.19232363
2.6856689,-2.924016237,0.004698069
2.6856689,-0.922384918,-0.41190889
2.68573,-1.720991373,-0.6247111
1.3428345,-1.935943246,-1.4812154
2.0143433,-2.087418556,-1.3375459
1.3428345,-1.371239424,-0.82679856
1.3428345,-0.760381043,-0.88953018
1.3428955,0.166694075,-1.0189447
0.67144775,0.270224869,-1.012692
0.67138672,-0.11124336,-0.83050537
0.67144775,0.058664523,-0.73741543
0,-0.234543949,-0.66706944
0,0.17023243,-0.64518452
0,1.04012382,-0.54608434
0,1.012129664,-0.65457171
0,0.743917465,-0.84346271
0,0.730254352,-0.79440558
0,1.372389913,-0.48095584
0,1.650751352,-0.53937793
0,1.113903522,-0.45790631
0,0.994101524,-0.46904388
0,0.618390381,-0.69186163
0,0.504799306,-0.67967546
0,0.855363369,-0.69658506
0,0.83996892,-0.71329814
0,0.716264844,-0.60081351
0,0.757396817,-0.54626447
0,0.494927585,-0.514211
0,0.47803098,-0.47232124
0.67144775,1.795524478,-0.39474609
1.3428345,1.709519029,-0.46111134
1.3428345,2.178253651,-0.51121116
1.3428345,2.516807556,-0.54087734
1.3428345,2.570605516,-0.63193685
1.3428955,3.127406597,-0.66370201
0.67144775,2.574744225,-0.66982734
0.67138672,2.631809473,-0.69225925
0,2.646685362,-0.91735357
0,2.99379015,-0.90718865
0,2.71158123,-0.80935448
0,2.572709084,-0.75945294
0,2.043346167,-0.86726528
0,1.932513952,-0.86171609
0,1.188022971,-0.48675603
0,0.109427422,-0.4559392
0,-4.38128233,-0.097490318
0,-4.916599274,-0.044367161
0,-4.262395382,-0.10378893
0,-3.69887352,0.009599423
1.3428955,-0.544839323,0.41410357
2.6856689,-0.256499797,0.40176639
2.68573,1.391869545,0.64694619
2.0142822,1.776292682,0.76404196
1.3428345,2.161944628,0.37610739
1.3428955,2.143488169,0.056767531
1.3428345,2.875805616,-0.62975258
0,3.216770411,-0.73660845
-0.67144775,3.584183693,-1.287125
0,3.652567387,-1.3656921
0,2.549430132,-1.2474886
0,2.075431347,-1.1647005
0,-0.071858607,-0.53145945
0,-0.667185366,-0.4938435
0,-2.080845833,-0.37007633
0,-2.450651169,-0.27798855
0,-2.709320784,0.012676599
0,-2.586642742,0.31023562
0,-2.550215483,0.7642554
0,-2.450968027,0.8816843
0,-1.815408349,1.0944698
0,-1.844239473,1.0293363
-0.67138672,-1.554644108,0.98421961
-1.3428955,-2.131463528,0.95658904
-2.0142822,-1.5983634,0.97257614
-2.6856689,-1.859622359,1.0204797
-2.6856689,-0.896627307,1.1470269
-4.0286255,-1.483925581,1.1340173
-4.0285645,0.028863259,1.2801412
-4.0285034,-0.196214944,1.3638301
-4.0285645,0.474112451,1.6398145
-4.7000122,0.215184718,1.7250993
-4.7000732,0.238939077,1.7115256
-4.6999512,0.175936952,1.7612897
-4.7000122,-1.280448914,1.7341473
-4.6999512,-1.117147446,1.7642084
-4.7000122,-1.067963958,1.7070032
-4.6999512,-0.654792547,1.7724735
-4.7000732,-0.654777765,2.117419
-4.0285645,-1.083678722,2.094506
-4.0286255,-0.382091045,2.0566807
-4.0285645,-0.547270536,2.0049052
-4.0285645,-0.683973491,1.8283967
-4.0286255,-0.852125406,1.8158473
-3.3571167,-0.6174528,1.9484056
-4.0286255,-0.64489162,1.9495286
-2.68573,-1.985141754,1.7011133
-2.6856995,-1.736883521,1.7071043
-2.0142822,-1.089209795,1.5325341
-0.67141724,-0.681403041,1.5391852
0,-0.974399149,1.6314025
-0.67141724,-1.220080018,1.6068358
0,-1.727701902,1.3689909
0,-1.765229464,1.3588269
-0.67144775,-2.251582146,1.2340373
0,-2.394119978,1.0932645
0,-2.030848742,0.65783107
0,-2.197767735,0.50953114
0,-2.019315481,0.48867601
0,-2.051611185,0.57372504
0,-1.377493739,0.52447057
0,-1.196438551,0.41569826
0,-0.425155491,0.62231886
0,-0.145998225,0.56068939
0,0.726022184,0.14484335
0,1.060818911,0.18712732
0,1.685348749,0.044196572
0,1.978913307,-0.040994715
1.342865,2.832757473,-0.31685323
1.342865,2.949917793,-0.42891032
2.6856995,3.663093328,-0.73757082
3.3571472,3.859089375,-0.8606481
4.0285645,3.771660805,-1.157774
4.0285645,4.781876087,-1.1840575
5.3713989,4.901974201,-1.3013008
4.7000122,4.661509991,-1.3727452
4.7000122,3.742278099,-1.7522348
4.0285645,3.202991962,-1.8652155
3.3571167,3.498557806,-2.2644899
2.685791,2.559080124,-2.3785546
2.0142822,2.806828737,-2.3699992
2.0142822,2.548685789,-2.374449
2.0142212,3.153321743,-2.3160834
1.3428955,3.581559181,-2.169863
1.3428345,3.204260826,-1.7861266
1.3428345,3.347399712,-1.7476127
1.3429565,3.932586908,-1.0090948
0.67138672,4.006658077,-1.018154
0,3.957796335,-0.92455173
0.67138672,3.926951647,-0.84302282
0,4.095625877,-0.94916654
0,3.927982092,-0.93395144
0,3.86599946,-0.87798393
0,3.759882212,-0.86053729
0,3.243949175,-0.82916081
0,3.112887859,-0.7707845
0,2.240437984,-0.59191453
0,2.02835536,-0.50508821
0,1.269405961,-0.38166615
0,1.21163702,-0.29094002
0,0.564996719,-0.10487814
0,0.303104103,-0.034290936
-0.67144775,-0.289389729,0.15147024
-0.67144775,-0.554745197,0.24445719
-1.3428345,-1.256942511,0.49722975
-2.68573,-1.373309731,0.51657915
-2.6856689,-1.966275096,0.75406432
-2.68573,-1.981703401,0.77408504
-2.0142212,-2.016566515,0.94261122
-2.0142822,-1.460919738,1.0509187
-1.3428955,0.083569877,1.0515872
-1.3428345,-0.121065855,1.1438295
-2.0143433,-0.395960152,1.7536881
-2.0142822,-0.052550063,1.9800652
-2.0142822,0.423206091,1.5497395
-1.3428345,0.339913219,1.2432774
-1.3428955,-0.023397159,0.91817188
-1.3428345,0.027350362,0.67412001
-1.3428955,0.360207945,0.62109256
-1.3428345,-0.216645464,0.90010238
-0.67138672,-1.36013186,1.0906832
-0.67144775,-1.202117562,0.99398243
0,-0.619564474,0.934708
0,-0.8944754,0.89076632
0,-1.147762895,0.92142105
0,-1.046879172,0.96290833
0,-1.074624538,0.85149121
0,-1.087177515,0.90430737
0,-0.932378113,1.0517704
0,-0.766461849,0.8449893
0.67144775,0.119584821,0.472121
0,0.27494365,0.47734043
0,0.856265843,0.40017843
0,1.114930987,0.34609053
0,1.725210667,0.21258998
0,1.798561335,0.14888549
0,2.396397352,-0.063384011
0,2.70170188,-0.14483988
0.67138672,3.495735407,-0.34402186
0.67144775,3.719138861,-0.45175228
2.68573,4.878295898,-0.72941029
2.68573,2.612015247,-0.7649523
4.0285645,3.676486015,-0.94886428
4.0286255,2.400548697,-0.95632678
4.7000122,-0.399105251,-1.0088854
4.7000122,-1.966852427,-1.0496347
8.0571899,-0.813887537,-1.4336642
8.0571289,2.242872477,-1.6163707
9.4000244,2.526616096,-2.0506949
9.3999634,3.406131506,-2.236125
8.7285767,4.289449215,-2.9170723
9.4000244,4.110097408,-2.5327213
8.7285156,4.893525124,-3.3602567
8.7285767,3.537908316,-3.537077
8.0571899,3.387203455,-3.8905892
8.0571289,0.963575542,-3.946563
8.0571899,0.026932264,-3.9781692
6.7142944,1.241569161,-3.8298073
6.0427856,1.875024438,-3.5008967
5.37146,2.31711483,-3.3199608
4.6999512,1.490264893,-3.2966421
4.0286255,2.28691268,-3.308552
4.0285645,0.330921829,-2.7661343
4.0285645,0.348344654,-2.6793976
4.0286255,-0.049786691,-2.4492218
4.0285645,-0.522083938,-2.3324723
4.0286255,0.560618401,-1.8733397
4.6999512,0.040007245,-1.864888
5.37146,0.555238128,-1.439826
5.3713989,0.66453743,-1.4714324
6.0427856,1.851205826,-1.6931735
6.0429077,1.633518577,-1.7011074
6.7142944,2.924503803,-1.803849
7.3857422,2.676134348,-1.8915286
7.3857422,3.484091997,-2.1934705
8.0571289,3.129832983,-2.2664893
8.0570068,2.975414515,-2.7027135
7.3857422,2.734412432,-2.677489
8.0571289,4.843715668,-2.8888657
8.0571289,4.18210268,-2.8774455
8.057251,5.933679581,-3.1302297
8.0570068,5.805973053,-3.0824981
8.057251,3.517729044,-3.0997124
8.0570068,4.102218151,-3.1381807
7.3856201,2.642999887,-3.0812447
8.0571289,0.798831165,-3.1811602
6.7143555,1.261091948,-3.1717334
6.7142334,1.021663308,-2.9980216
6.7142334,1.665791273,-3.2805736
5.37146,0.853774965,-3.2157185
5.37146,-0.879936457,-3.2556033
4.6999512,-0.836514354,-3.2363153
4.7000732,-1.400914907,-2.8518088
4.0285645,-1.396302104,-2.7823682
4.0286865,-1.23267591,-2.7968204
4.0285645,-1.315021038,-2.6964424
4.0285645,-0.947880566,-2.3201296
4.0286865,-1.14147532,-2.314672
4.0285645,-2.045055151,-2.1566343
4.6999512,-1.767270923,-2.1301591
4.6999512,-2.781088829,-2.1746831
4.0285645,-2.393656015,-2.1560199
4.0285645,-3.0224967,-2.1930044
3.3570557,-2.571356773,-2.1872241
4.0285645,-2.530801535,-2.4631543
3.3572998,-2.789726257,-2.4693511
2.6859131,-2.002897978,-2.9562049
4.0284424,-1.256207824,-2.5900714
4.0285645,-1.894719481,-2.6777227
4.7000732,-1.76702702,-2.8636734
4.7000732,-2.597644567,-2.8042426
4.7000732,-3.32297492,-2.7716534
5.37146,-2.745554209,-2.8302588
5.37146,-2.731627703,-2.9555116
5.37146,-5.086596966,-3.0522976
6.0428467,-4.618767262,-3.0631671
5.3713379,-4.381668091,-3.293247
5.371582,-4.651614666,-3.3565147
5.3713379,-5.618038177,-3.3603718
5.371582,-4.961563587,-3.3336756
5.37146,-4.641119003,-2.9764628
5.3713379,-6.008357048,-3.0392091
4.6999512,-3.938602209,-2.997437
5.371582,-4.016258717,-3.0705085
4.0284424,-3.144469261,-2.8145621
4.0285645,-2.995286703,-2.7136681
3.3570557,-4.274647236,-2.7330539
3.3571777,-4.166325569,-2.5985553
1.3428955,-2.545735598,-2.4957993
1.3427734,-3.042146444,-2.3888211
0,-3.909007788,-2.1365478
0,-4.155956745,-2.0597832
0,-5.089616299,-1.8867435
0,-5.453864574,-1.8121378
0,-6.865557194,-1.3725423
0,-6.944852829,-1.3203361
-1.3428955,-6.807190895,-1.0556432
-2.0142822,-6.984560966,-0.80799639
-4.7000732,-6.417922497,-0.28566676
-5.3713379,-6.780500412,-0.10939066
-10.74292,-8.730632782,0.71369874
-13.428467,-12.09975243,0.87937582
-14.771484,-7.629990578,1.1382246
-14.099976,-4.162416458,1.3395735
-13.428589,-3.966450214,2.6212144
-12.757202,-4.684527397,3.0722902
-12.757202,-8.251968384,5.4350939
-12.757202,-6.886307716,5.9970503
-12.085693,-6.182090759,6.5973463
-10.74292,-6.13240099,5.3903718
-11.414185,-8.515943527,3.9469252
-12.085815,-8.430348396,4.1966763
-10.071533,-8.875821114,4.8831067
-10.071289,-8.985531807,4.5658379
-8.7285156,-10.28788757,3.4918931
-8.7285156,-9.607862473,3.5925608
-8.057251,-7.88018322,3.9761794
-7.3857422,-8.826680183,3.9858158
-6.7142334,-8.485910416,3.1664732
-6.7142334,-7.595839977,3.0878661
-6.0427246,-7.525786877,2.7639196
-6.0429688,-8.009245872,2.8066514
-6.0428467,-6.672405243,2.7609358
-6.7143555,-7.496928215,2.605387
-6.7142334,-7.414877415,2.2352004
-5.37146,-7.148971081,2.2397385
-6.0429077,-7.276341438,2.2648377
-5.3713989,-6.80309391,2.3936884
-5.3713989,-5.690136433,2.1675982
-5.37146,-5.52404213,2.238512
-6.0429077,-5.225404263,2.2505932
-6.0428467,-5.448119164,2.3220451
-6.0429077,-5.179254532,2.3548093
-6.7142334,-4.708721161,2.2989094
-6.7142944,-5.098757744,1.7778229
-6.7142944,-5.615493774,1.8510758
-6.0429077,-4.248290062,2.2077825
-6.0427856,-3.892520666,2.2328985
-6.7142334,-4.554995537,2.5067782
-6.7142944,-4.461363792,2.6323085
-6.7142944,-3.966573954,2.3932536
-6.7142334,-4.515573502,2.4533067
-7.3857422,-4.501111507,2.4322996
-6.7142334,-5.279858589,2.3299441
-7.3856201,-5.272404194,2.3073988
-7.3857422,-4.180193901,2.3435872
-7.3857422,-2.785715342,2.4139562
-7.3856812,-4.153263569,2.3710346
-6.7142944,-3.8098526,2.5131786
-6.7142944,-3.83214426,2.5297012
-5.37146,-2.644584894,2.6531572
-6.7142334,-2.29996562,2.6433761
-6.0429077,-3.930680037,2.5638485
-5.3713989,-4.471383572,2.580025
-5.37146,-4.907823563,2.3966603
-5.3713989,-5.206717491,2.3812811
-4.7000122,-5.498246193,2.263679
-5.3713989,-5.04876852,2.177974
-4.0286255,-4.032454014,2.0483189
-3.3571167,-4.226511478,2.0740631
-3.3571167,-5.49423027,1.9322561
-3.3571472,-5.642877579,1.8920571
-3.3571167,-5.04650116,2.0121503
-2.68573,-4.68236351,1.9678707
-2.68573,-4.158928871,1.5784342
-2.0142822,-4.804809093,1.512558
-2.0142517,-4.818795204,1.42212
-1.342865,-4.761327267,1.4696046
-1.342865,-4.743480682,1.4615694
0,-4.677481174,1.5009494
0,-4.727901459,1.0975876
0,-4.44387722,0.9066757
0,-4.37694931,1.0596184
0,-4.508850574,1.1107731
0,-4.454019547,0.77247047
0,-4.492275715,0.79338598
0,-4.263224602,0.39155543
0,-4.15301466,0.37546021
0.67141724,-3.794268847,0.3302083
0,-3.539628506,0.26279458
0.67141724,-2.49238658,0.1232569
0.67144775,-2.024936914,0.1053474
2.0142822,-1.625159264,-0.027580276
2.0143127,-1.131203651,-0.078303471
2.0142822,-0.571016669,-0.33826146
2.68573,-0.912572205,-0.4541069
3.3571472,-0.901336312,-0.762155
3.3571167,-0.567591906,-0.91626698
3.3571472,-1.514129758,-1.3702186
4.0285645,-0.392781556,-1.4418954
4.0285645,0.087352842,-1.7738264
